Codice completo PdC,DESCRIZIONE,GLOSSARIO
E.1.00.00.00.000,"Entrate correnti di natura tributaria, contributiva e perequativa","Le entrate correnti di natura tributaria, contributiva e perequativa comprendono le entrate derivanti da:
 - Tributi;
 - Fondi Perequativi;
 - Trasferimenti correnti."
E.1.01.00.00.000,Tributi,"Nel rispetto del principio contabile generale dell'integrità del bilancio, i tributi sono contabilizzati al lordo delle relative spese di riscossione, dei rimborsi fiscali, ecc. salvo i casi espressamente previsti dalla legge o dai principi contabili. La contabilizzazione al lordo è effettuata, sulla base delle informazioni trasmesse dai soggetti incaricati della riscossione dei tributi, attraverso le regolarizzazioni contabili, costituite da impegni cui corrispondono accertamenti di pari importo e da mandati versati in quietanza di entrata nel bilancio dell’amministrazione stessa."
E.1.01.01.00.000,"Imposte, tasse e proventi assimilati","Imposte, tasse e proventi assimilati"
E.1.01.01.06.000,Imposta municipale propria,"Riferimento normativo: artt. 8 e 9 del D. Lgs. n. 23 del 2011, art. 13 D.L. n. 201 del 2011, convertito dalla legge n. 214 del 2011."
E.1.01.01.06.001,Imposta municipale propria riscossa a seguito dell'attività ordinaria di gestione,"Imposta, quale definita nella relativa voce di IV livello, riscossa a seguito dell'attività ordinaria di gestione."
E.1.01.01.06.002,Imposte municipale propria riscosse a seguito di attività di verifica e controllo,"Imposta, quale definita nella relativa voce di IV livello, riscossa a seguito di attività di verifica e controllo."
E.1.01.01.08.000,Imposta comunale sugli immobili (ICI),Riferimento normativo: decreto legislativo n. 504 del 1992
E.1.01.01.08.001,Imposta comunale sugli immobili (ICI) riscossa a seguito dell'attività ordinaria di gestione,"Imposta, quale definita nella relativa voce di IV livello, riscossa a seguito dell'attività ordinaria di gestione."
E.1.01.01.08.002,Imposta comunale sugli immobili (ICI) riscossa a seguito di attività di verifica e controllo,"Imposta, quale definita nella relativa voce di IV livello, riscossa a seguito di attività di verifica e controllo."
E.1.01.01.16.000,Addizionale comunale IRPEF,"Riferimento normativo: art. 1 D.Lgs. 28 settembre 1998, n. 360"
E.1.01.01.16.001,Addizionale comunale IRPEF riscossa a seguito dell'attività ordinaria di gestione,"Imposta, quale definita nella relativa voce di IV livello, riscossa a seguito dell'attività ordinaria di gestione."
E.1.01.01.16.002,Addizionale comunale IRPEF riscossa a seguito di attività di verifica e controllo,"Imposta, quale definita nella relativa voce di IV livello, riscossa a seguito di attività di verifica e controllo."
E.1.01.01.17.000,Addizionale regionale IRPEF non sanità,"Riferimento normativo: art. 50 del D. Lgs. n. 446 del 1997
 
 Presupposto dell'imposta è l'esercizio abituale di una attività autonomamente organizzata diretta alla produzione o allo scambio di beni ovvero alla prestazione di servizi. L'attività esercitata dalle società e dagli enti, compresi gli organi e le amministrazioni dello Stato, costituisce in ogni caso presupposto di imposta.
 
 L’addizionale si configura come un incremento dell’IRPEF, deciso autonomamente dalla Regione, compreso tra lo 0,9% e l’1,4%. 
 L’aliquota viene applicata sul reddito complessivo del contribuente determinato al netto degli oneri deducibili riconosciuti ai fini dell’IRPEF ed è dovuta a condizione che sussista l’obbligo di pagare l’imposta una volta applicate le detrazioni ed i crediti di imposta (di cui agli artt. 15 e 16 del testo unico delle imposte sui redditi - TUIR).
 
 La base imponibile del tributo è costituita dall’imponibile dell’IRPEF (e non dall’imposta)."
E.1.01.01.17.001,Addizionale regionale IRPEF non sanità riscossa a seguito dell'attività ordinaria di gestione,"Imposta, quale definita nella relativa voce di IV livello, riscossa a seguito dell'attività ordinaria di gestione."
E.1.01.01.17.002,Addizionale regionale IRPEF non sanità riscossa a seguito di attività di verifica e controllo,"Imposta, quale definita nella relativa voce di IV livello, riscossa a seguito di attività di verifica e controllo."
E.1.01.01.20.000,Imposta regionale sulle attività produttive (IRAP) non Sanità,Riferimento normativo: D. Lgs. n. 446 del 1997
E.1.01.01.20.001,Imposta regionale sulle attività produttive (IRAP) non Sanità riscossa a seguito dell'attività ordinaria di gestione,"Imposta, quale definita nella relativa voce di IV livello, riscossa a seguito dell'attività ordinaria di gestione."
E.1.01.01.20.002,Imposta regionale sulle attività produttive (IRAP) non Sanità riscossa a seguito di attività di verifica e controllo,"Imposta, quale definita nella relativa voce di IV livello, riscossa a seguito di attività di verifica e controllo."
E.1.01.01.31.000,Imposta regionale sulla benzina per autotrazione,Riferimento normativo: articolo 17 decreto legislativo 398 del 1990
E.1.01.01.31.001,Imposta regionale sulla benzina per autotrazione riscossa a seguito dell'attività ordinaria di gestione,"Imposta, quale definita nella relativa voce di IV livello, riscossa a seguito dell'attività ordinaria di gestione."
E.1.01.01.31.002,Imposta regionale sulla benzina per autotrazione riscossi a seguito di attività di verifica e controllo,"Imposta, quale definita nella relativa voce di IV livello, riscossa a seguito di attività di verifica e controllo."
E.1.01.01.34.000,Imposta di bollo,Riferimento normativo: D.P.R. n. 642 del 1972
E.1.01.01.34.001,Imposta di bollo riscossa a seguito dell'attività ordinaria di gestione,"Imposta, quale definita nella relativa voce di IV livello, riscossa a seguito dell'attività ordinaria di gestione."
E.1.01.01.34.002,Imposta di bollo riscossa a seguito di attività di verifica e controllo,"Imposta, quale definita nella relativa voce di IV livello, riscossa a seguito di attività di verifica e controllo."
E.1.01.01.39.000,Imposta sulle assicurazioni RC auto,"Riferimento normativo: art. 60 del dlgs. 15 dicembre 1997, n. 446"
E.1.01.01.39.001,Imposta sulle assicurazioni RC auto riscossa a seguito dell'attività ordinaria di gestione,"Imposta, quale definita nella relativa voce di IV livello, riscossa a seguito dell'attività ordinaria di gestione."
E.1.01.01.39.002,Imposta sulle assicurazioni RC auto riscossa a seguito di attività di verifica e controllo,"Imposta, quale definita nella relativa voce di IV livello, riscossa a seguito di attività di verifica e controllo."
E.1.01.01.40.000,Imposta di iscrizione al pubblico registro automobilistico (PRA),Riferimento normativo: Legge n. 449/97
E.1.01.01.40.001,Imposta di iscrizione al pubblico registro automobilistico (PRA) riscossa a seguito dell'attività ordinaria di gestione,"Imposta, quale definita nella relativa voce di IV livello, riscossa a seguito dell'attività ordinaria di gestione."
E.1.01.01.40.002,Imposta di iscrizione al pubblico registro automobilistico (PRA) riscossa a seguito di attività di verifica e controllo,"Imposta, quale definita nella relativa voce di IV livello, riscossa a seguito di attività di verifica e controllo."
E.1.01.01.41.000,Imposta di soggiorno,"Riferimento normativo: art. 4 del D. Lgs. 14 marzo 2011, n. 23"
E.1.01.01.41.001,Imposta di soggiorno riscossa a seguito dell'attività ordinaria di gestione,"Imposta, quale definita nella relativa voce di IV livello, riscossa a seguito dell'attività ordinaria di gestione."
E.1.01.01.41.002,Imposta di soggiorno riscossa a seguito di attività di verifica e controllo,"Imposta, quale definita nella relativa voce di IV livello, riscossa a seguito di attività di verifica e controllo."
E.1.01.01.42.000,Imposta regionale sulle concessioni statali sui beni del demanio marittimo,"Regolata dalle norme di applicazione regionale, l'imposta regionale sulle concessioni statali del demanio marittimo è dovuta dai titolari di concessioni per l'occupazione e l'uso di beni del demanio marittimo ubicati nel territorio regionale, contestualmente e con le medesime modalità relative al canone statale di concessione."
E.1.01.01.42.001,Imposta regionale sulle concessioni statali sui beni del demanio marittimo riscossa a seguito dell'attività ordinaria di gestione,"Imposta, quale definita nella relativa voce di IV livello, riscossa a seguito dell'attività ordinaria di gestione."
E.1.01.01.42.002,Imposta regionale sulle concessioni statali sui beni del demanio marittimo riscossa a seguito di attività di verifica e controllo,"Imposta, quale definita nella relativa voce di IV livello, riscossa a seguito di attività di verifica e controllo."
E.1.01.01.43.000,Imposta regionale sulle concessioni statali sui beni del patrimonio indisponibile,"Riferimento normativo: Art. 2 della legge n. 281/1970 ""Provvedimenti finanziari per l'attuazione delle Regioni a statuto ordinario"" e successive leggi regionali"
E.1.01.01.43.001,Imposta regionale sulle concessioni statali sui beni del patrimonio indisponibile riscossa a seguito dell'attività ordinaria di gestione,"Imposta, quale definita nella relativa voce di IV livello, riscossa a seguito dell'attività ordinaria di gestione."
E.1.01.01.43.002,Imposta regionale sulle concessioni statali sui beni del patrimonio indisponibile riscossa a seguito di attività di verifica e controllo,"Imposta, quale definita nella relativa voce di IV livello, riscossa a seguito di attività di verifica e controllo."
E.1.01.01.44.000,Imposta regionale per le emissioni sonore degli aeromobili,Riferimento normativo: artt. da 90 a 95 della legge n. 342 del 2000
E.1.01.01.44.001,Imposta regionale per le emissioni sonore degli aeromobili riscossa a seguito dell'attività ordinaria di gestione,"Imposta, quale definita nella relativa voce di IV livello, riscossa a seguito dell'attività ordinaria di gestione."
E.1.01.01.44.002,Imposta regionale per le emissioni sonore degli aeromobili riscossa a seguito di attività di verifica e controllo,"Imposta, quale definita nella relativa voce di IV livello, riscossa a seguito di attività di verifica e controllo."
E.1.01.01.46.000,Tassa regionale per il diritto allo studio universitario,Riferimento normativo: art. 3 Legge n. 549 del 1995
E.1.01.01.46.001,Tassa regionale per il diritto allo studio universitario riscossa a seguito dell'attività ordinaria di gestione,"Voce del piano dei conti delle regioni. L'entrata è registrata anche se riscossa e trattenuta dalle Università. In tali casi la Regione, sulla base delle comunicazioni delle Università accerta l'entrata derivante dalla tassa regionale e impegna la spesa concernente il trasferimento corrente di tali risorse alle università, ed emette un mandato di pagamento versato in entrata del proprio bilancio (trattasi di una regolazione contabile)."
E.1.01.01.46.002,Tassa regionale per il diritto allo studio universitario riscossa a seguito di attività di verifica e controllo,"Tassa, quale definita nella relativa voce di IV livello, riscossa a seguito di attività di verifica e controllo. L'entrata è registrata dalla regione anche se riscossa e trattenuta dalle Università. In tali casi la Regione, sulla base delle comunicazioni delle Università accerta l'entrata derivante dalla tassa regionale, e impegna la spesa concernente il trasferimento corrente di tali risorse alle università, ed emette un mandato di pagamento versato in entrata del proprio bilancio (trattasi di una regolazione contabile)."
E.1.01.01.47.000,Tassa sulla concessione per la caccia e per la pesca,"Sono soggetti alla tassa di concessione regionale i richiedenti, all'atto del rilascio o del rinnovo:
 a) dell'autorizzazione all'esercizio di appostamento fisso;
 b) dell'autorizzazione all'esercizio delle aziende faunistico-venatorie e delle aziende agri-turistico-venatorie;
 c) dell'autorizzazione all'esercizio di centri privati di riproduzione della fauna selvatica;
 d) dell'abilitazione venatoria.
 
 Le tasse di cui al comma 1, lettere a), b) e c) sono dovute nella misura fissata rispettivamente dalle voci n. 15, n. 16.1 e n. 16.2 della tariffa annessa al D.Lgs. 22 giugno 1991, n. 230 e successive modificazioni.
 
 La tassa di cui al comma 1, lettera d), relativa alla voce n. 17, lettere a), b) e c) della tariffa annessa al D.Lgs. 22 giugno 1991, n. 230 e successive modificazioni, è fissata nella misura del cinquanta per cento della tassa erariale di cui al n. 26, sottonumero I, della tariffa annessa al D.P.R. 26 ottobre 1972, n. 641 e successive modificazioni."
E.1.01.01.47.001,Tassa sulla concessione per la caccia e per la pesca riscossa a seguito dell'attività ordinaria di gestione,"Imposta, quale definita nella relativa voce di IV livello, riscossa a seguito dell'attività ordinaria di gestione."
E.1.01.01.47.002,Tassa sulla concessione per la caccia e per la pesca riscosse a seguito di attività di verifica e controllo,"Imposta, quale definita nella relativa voce di IV livello, riscossa a seguito di attività di verifica e controllo."
E.1.01.01.48.000,Tasse sulle concessioni regionali,"Riferimento normativo: art. 3 della legge 16 maggio 1970, n. 281, come modificato dalla legge n. 158 del 1990"
E.1.01.01.48.001,Tasse sulle concessioni regionali riscosse a seguito dell'attività ordinaria di gestione,"Imposta, quale definita nella relativa voce di IV livello, riscossa a seguito dell'attività ordinaria di gestione."
E.1.01.01.48.002,Tasse sulle concessioni regionali riscosse a seguito di attività di verifica e controllo,"Imposta, quale definita nella relativa voce di IV livello, riscossa a seguito di attività di verifica e controllo."
E.1.01.01.49.000,Tasse sulle concessioni comunali,Riferimento normativo: Abolita a decorrere dal 1/1/98 - art. 51 d.lgs. 446/97
E.1.01.01.49.001,Tasse sulle concessioni comunali riscosse a seguito dell'attività ordinaria di gestione,"Imposta, quale definita nella relativa voce di IV livello, riscossa a seguito dell'attività ordinaria di gestione."
E.1.01.01.49.002,Tasse sulle concessioni comunali riscosse a seguito di attività di verifica e controllo,"Imposta, quale definita nella relativa voce di IV livello, riscossa a seguito di attività di verifica e controllo."
E.1.01.01.50.000,Tassa di circolazione dei veicoli a motore (tassa automobilistica),Riferimento normativo: D.P.R. n. 39 del 1953; D.L. n. 953 del 1982 conv. Legge n. 53 del 1983
E.1.01.01.50.001,Tassa di circolazione dei veicoli a motore (tassa automobilistica) riscosse a seguito dell'attività ordinaria di gestione,"Imposta, quale definita nella relativa voce di IV livello, riscossa a seguito dell'attività ordinaria di gestione."
E.1.01.01.50.002,Tassa di circolazione dei veicoli a motore (tassa automobilistica) riscosse a seguito di attività di verifica e controllo,"Imposta, quale definita nella relativa voce di IV livello, riscossa a seguito di attività di verifica e controllo."
E.1.01.01.51.000,Tassa smaltimento rifiuti solidi urbani,"Riferimento normativo: Legge 27 dicembre 2013, n. 147, art. 1, commi da 639 a 736 e, in via residuale, art. 58 del D. Lgs 15 novembre 1993, n. 507 (in attesa del prossimo aggiornamento della codifica SIOPE, la voce comprende la TARI e, in via residuale, la TARSU)."
E.1.01.01.51.001,Tassa smaltimento rifiuti solidi urbani riscossa a seguito dell'attività ordinaria di gestione,"Imposta, definita normativamente nella relativa voce di V livello, riscossa dai comuni a seguito dell'attività ordinaria di gestione. La voce contabile riguarda la TARI e, in via residuale, le entrate derivanti dalla riscossione della tassa per la riscossione dei rifiuti solidi urbani (TARSU), di cui all’art. 58 del D. Lgs 15 novembre 1993, n. 507.
  La quota di TARI o TARSU di spettanza della provincia deve essere contabilizzata, unitamente (per la TARSU) alla quota trattenuta dal comune a titolo di commisione ai sensi dell'articolo 19, comma 5, del D.lgs. 504/1992, tra i servizi per conto terzi alla voce E.9.02.05.02.000 ""riscossione imposte di natura corrente per conto di terzi"". Anche la spesa concernente il riversamento della quota spettante alla Provinca è contabilzzata tra i servizi per conto terzi. Con riferimento alla quota tratteuta a titolo di commissione. il comune emette un mandato di pagamento commutabile imputato ai servizi per conto terzi e versato in quietanza di entrata al proprio bilancio, con imputazione al titolo terzo delle entrate."
E.1.01.01.51.002,Tassa smaltimento rifiuti solidi urbani riscossa a seguito di attività di verifica e controllo,"Imposta, definita normativamente nella relativa voce di V livello, riscossa dai comuni a seguito di attività di verifica e controllo. La voce contabile riguarda la TARI e, in via residuale, le entrate derivanti dalla riscossione della tassa per la riscossione dei rifiuti solidi urbani (TARSU), di cui all’art. 58 del D. Lgs 15 novembre 1993, n. 507.
  La quota di TARI o TARSU di spettanza della provincia deve essere contabilizzata, unitamente (per la TARSU) alla quota trattenuta dal comune a titolo di commisione ai sensi dell'articolo 19, comma 5, del D.lgs. 504/1992, tra i servizi per conto terzi alla voce E.9.02.05.02.000 ""riscossione imposte di natura corrente per conto di terzi"". Anche la spesa concernente il riversamento della quota spettante alla Provinca è contabilzzata tra i servizi per conto terzi. Con riferimento alla quota tratteuta a titolo di commissione. il comune emette un mandato di pagamento commutabile imputato ai servizi per conto terzi e versato in quietanza di entrata al proprio bilancio, con imputazione al titolo terzo delle entrate."
E.1.01.01.52.000,Tassa occupazione spazi e aree pubbliche,"Riferimento normativo: art. 38 del D. LGS. 15 novembre 1993, n. 507 abrogata dall’ art. 51 del dlgs n. 446 del 1997 e reintrodotta dall’art. 31, comma 14, della legge n. 448 del 1998. Viene infine sostituita dall’imposta municipale secondaria."
E.1.01.01.52.001,Tassa occupazione spazi e aree pubbliche riscossa a seguito dell'attività ordinaria di gestione,"Imposta, quale definita nella relativa voce di IV livello, riscossa a seguito dell'attività ordinaria di gestione."
E.1.01.01.52.002,Tassa occupazione spazi e aree pubbliche riscossa a seguito di attività di verifica e controllo,"Imposta, quale definita nella relativa voce di IV livello, riscossa a seguito di attività di verifica e controllo."
E.1.01.01.53.000,Imposta comunale sulla pubblicità e diritto sulle pubbliche affissioni,Riferimento normativo: D. Lgs. n. 507 del 1993. Sostituita dall’imposta municipale secondaria
E.1.01.01.53.001,Imposta comunale sulla pubblicità e diritto sulle pubbliche affissioni riscossa a seguito dell'attività ordinaria di gestione,"Imposta, quale definita nella relativa voce di IV livello, riscossa a seguito dell'attività ordinaria di gestione."
E.1.01.01.53.002,Imposta comunale sulla pubblicità e diritto sulle pubbliche affissioni riscossa a seguito di attività di verifica e controllo,"Imposta, quale definita nella relativa voce di IV livello, riscossa a seguito di attività di verifica e controllo."
E.1.01.01.54.000,Imposta municipale secondaria,"Riferimento normativo: dall'articolo 11 del Dlgs 23/2011.
 
 L’imposta municipale secondaria sostituisce: 
  • la tassa per l’occupazione di spazi e aree pubbliche (TOSAP);
  • il canone di occupazione di spazi ed aree pubbliche (COSAP);
  • l'imposta comunale sulla pubblicità e i diritti sulle pubbliche affissioni (ICPDPA);
  • il canone per l’autorizzazione all’installazione dei mezzi pubblicitari (CIMP)."
E.1.01.01.54.001,Imposta municipale secondaria riscossa a seguito dell'attività ordinaria di gestione,"Imposta, quale definita nella relativa voce di IV livello, riscossa a seguito dell'attività ordinaria di gestione."
E.1.01.01.54.002,Imposta municipale secondaria riscossa a seguito di attività di verifica e controllo,"Imposta, quale definita nella relativa voce di IV livello, riscossa a seguito di attività di verifica e controllo."
E.1.01.01.55.000,Tassa di abilitazione all'esercizio professionale,Disciplinata dalle leggi di competenza regionale
E.1.01.01.55.001,Tassa di abilitazione all'esercizio professionale riscossa a seguito dell'attività ordinaria di gestione,"Imposta, quale definita nella relativa voce di IV livello, riscossa a seguito dell'attività ordinaria di gestione."
E.1.01.01.55.002,Tassa di abilitazione all'esercizio professionale riscossa a seguito di attività di verifica e controllo,"Imposta, quale definita nella relativa voce di IV livello, riscossa a seguito di attività di verifica e controllo."
E.1.01.01.59.000,Tributo speciale per il deposito in discarica dei rifiuti solidi,Tributo speciale per il deposito in discarica dei rifiuti solidi
E.1.01.01.59.001,Tributo speciale per il deposito in discarica dei rifiuti solidi riscosso a seguito dell'attività ordinaria di gestione,"Voce del piano dei conti valida per le Regioni che incassano il tributo: Per il successivo trasferimento alle province è previsto il codice U.1.05.02.05.001 ""Tributo provinciale deposito in discarica dei rifiuti solidi"", classificato tra le ""Compartecipazioni di tributi a Amministrazioni Locali non destinate al finanziamento della spesa sanitaria"". La provincia contabilizza la propria quota alla voce E.1.01.04.08.001 ""Tributo provinciale deposito in discarica dei rifiuti solidi"" nel titolo primo delle entrate, tra le Compartecipazioni di tributi. Nel rispetto del principio contabile applicato della contabilità finanziaria è accertato per cassa."
E.1.01.01.59.002,Tributo speciale per il deposito in discarica dei rifiuti solidi riscosso a seguito di attività di verifica e controllo,"Voce del piano dei conti valida per le Regioni che incassano il tributo, come definito nella relativa voce precedente, riscosso a seguito di attività di verifica e controllo. Per il successivo trasferimento alle province è previsto il codice U.1.05.02.05.001 ""Tributo provinciale deposito in discarica dei rifiuti solidi"", classificato tra le ""Compartecipazioni di tributi a Amministrazioni Locali non destinate al finanziamento della spesa sanitaria"". La provincia contabilizza la propria quota alla voce E.1.01.04.08.001 ""Tributo provinciale deposito in discarica dei rifiuti solidi"" nel titolo primo delle entrate, tra le Compartecipazioni di tributi. Nel rispetto del principio contabile applicato della contabilità finanziaria è accertato per cassa."
E.1.01.01.60.000,"Tributo per l'esercizio delle funzioni di tutela, protezione e igiene dell'ambiente","Tributo per l'esercizio delle funzioni di tutela, protezione e igiene dell'ambiente"
E.1.01.01.60.001,"Tributo per l'esercizio delle funzioni di tutela, protezione e igiene dell'ambiente","Voce del piano dei conti valida per le province, riguardante la quota del tributo incassato dal comune e riversato alla provincia. Al fine di evitare duplicazioni nei conti pubblici nazionali, il comune contabilizza la quota del tributo spettante alla provincia, nella voce ""riscossione imposte di natura corrente per conto di terzi"" E.9.02.05.02.000 unitamente alle commissioni di cui all'articolo 19,comma 5, del D.lgs. 504/1992."
E.1.01.01.60.002,"Tributo per l'esercizio delle funzioni di tutela, protezione e igiene dell'ambiente riscosso a seguito di attività di verifica e controllo","Tributo, come definito nella voce precedente, riscosso a seguito di attività di verifica e controllo, riguardante la quota incassata dal comune e riversato alla provincia. Al fine di evitare duplicazioni nei conti pubblici nazionali, il comune contabilizza la quota del tributo spettante alla provincia, nella voce ""riscossione imposte di natura corrente per conto di terzi"" E.9.02.05.02.000 unitamente alle commissioni di cui all'articolo 19,comma 5, del D.lgs. 504/1992."
E.1.01.01.61.000,Tributo comunale sui rifiuti e sui servizi,"Riferimento normativo della TARES: articolo 14 del D.L. 06.12.2011, n. 201 convertito, con modificazioni, dalla L. 22.12.2011, n. 214"
E.1.01.01.61.001,Tributo comunale sui rifiuti e sui servizi,"Imposta, quale definita nella relativa voce di IV livello, riscossa a seguito dell'attività ordinaria di gestione."
E.1.01.01.61.002,Tributo comunale sui rifiuti e sui servizi riscosso a seguito di attività di verifica e controllo,"Imposta, quale definita nella relativa voce di IV livello, riscossa a seguito di attività di verifica e controllo."
E.1.01.01.64.000,Diritti mattatoi,Diritti mattatoi
E.1.01.01.64.001,Diritti mattatoi riscossa a seguito dell'attività ordinaria di gestione,"Imposta, quale definita nella relativa voce di IV livello, riscossa a seguito dell'attività ordinaria di gestione."
E.1.01.01.64.002,Diritti mattatoi riscossi a seguito di attività di verifica e controllo,"Imposta, quale definita nella relativa voce di IV livello, riscossa a seguito di attività di verifica e controllo."
E.1.01.01.65.000,Diritti degli Enti provinciali turismo,Diritti degli Enti provinciali turismo
E.1.01.01.65.001,Diritti degli Enti provinciali turismo riscossi a seguito dell'attività ordinaria di gestione,"Imposta, quale definita nella relativa voce di IV livello, riscossa a seguito dell'attività ordinaria di gestione."
E.1.01.01.65.002,Diritti degli Enti provinciali turismo riscossi a seguito di attività di verifica e controllo,"Imposta, quale definita nella relativa voce di IV livello, riscossa a seguito di attività di verifica e controllo."
E.1.01.01.68.000,Addizionale regionale sui canoni per le utenze di acque pubbliche,"Riferimento normativo: art. 18 legge 5 gennaio 1994, n. 36"
E.1.01.01.68.001,Addizionale regionale sui canoni per le utenze di acque pubbliche riscossa a seguito dell'attività ordinaria di gestione,"Imposta, quale definita nella relativa voce di IV livello, riscossa a seguito dell'attività ordinaria di gestione."
E.1.01.01.68.002,Addizionale regionale sui canoni per le utenze di acque pubbliche riscossa a seguito di attività di verifica e controllo,"Imposta, quale definita nella relativa voce di IV livello, riscossa a seguito di attività di verifica e controllo."
E.1.01.01.70.000,Proventi dei Casinò,Proventi dei Casinò
E.1.01.01.70.001,Proventi dei Casinò riscossi a seguito dell'attività ordinaria di gestione,"Imposta, quale definita nella relativa voce di IV livello, riscossa a seguito dell'attività ordinaria di gestione."
E.1.01.01.70.002,Proventi dei Casinò riscossi a seguito di attività di verifica e controllo,"Imposta, quale definita nella relativa voce di IV livello, riscossa a seguito di attività di verifica e controllo."
E.1.01.01.76.000,Tributo per i servizi indivisibili (TASI),Riferimento normativo: legge di stabilità 2014 e successive modifiche apportate dalla legge di stabilità 2016
E.1.01.01.76.001,Tributo per i servizi indivisibili (TASI) riscosso a seguito dell'attività ordinaria di gestione,"Imposta, quale definita nella relativa voce di IV livello, riscossa a seguito dell'attività ordinaria di gestione."
E.1.01.01.76.002,Tributo per i servizi indivisibili (TASI) riscosso a seguito di attività di verifica e controllo,"Imposta, quale definita nella relativa voce di IV livello, riscossa a seguito di attività di verifica e controllo."
E.1.01.01.77.000,Addizionale regionale sul gas naturale,Riferimento normativo: D.Lgs n. 398/1990
E.1.01.01.77.001,Addizionale regionale sul gas naturale riscossa a seguito dell'attività ordinaria di gestione riscossa a seguito dell'attività ordinaria di gestione,"Imposta, quale definita nella relativa voce di IV livello, riscossa a seguito dell'attività ordinaria di gestione."
E.1.01.01.77.002,Addizionale regionale sul gas naturale riscossa a seguito di attività di verifica e controllo riscossa a seguito di attività di verifica e controllo,"Imposta, quale definita nella relativa voce di IV livello, riscossa a seguito di attività di verifica e controllo."
E.1.01.01.95.000,Altre ritenute n.a.c.,Altre ritenute non altrimenti classificabili nelle voci precedenti
E.1.01.01.95.001,Altre ritenute n.a.c. riscosse a seguito dell'attività ordinaria di gestione,"Imposta, quale definita nella relativa voce di IV livello, riscossa a seguito dell'attività ordinaria di gestione."
E.1.01.01.95.002,Altre ritenute n.a.c. riscosse a seguito di attività di verifica e controllo,"Imposta, quale definita nella relativa voce di IV livello, riscossa a seguito di attività di verifica e controllo."
E.1.01.01.96.000,"Altre entrate su lotto, lotterie e altre attività di gioco n.a.c.","Altre entrate su lotto, lotterie e altre attività di gioco non altrimenti classificabili nelle voci precedenti"
E.1.01.01.96.001,"Altre entrate su lotto, lotterie e altre attività di gioco n.a.c. riscosse a seguito dell'attività ordinaria di gestione","Imposta, quale definita nella relativa voce di IV livello, riscossa a seguito dell'attività ordinaria di gestione."
E.1.01.01.96.002,"Altre entrate su lotto, lotterie e altre attività di gioco n.a.c. riscosse a seguito di attività di verifica e controllo","Imposta, quale definita nella relativa voce di IV livello, riscossa a seguito di attività di verifica e controllo."
E.1.01.01.97.000,Altre accise n.a.c.,Altre accise non altrimenti classificabili nelle voci precedenti
E.1.01.01.97.001,Altre accise n.a.c. riscosse a seguito dell'attività ordinaria di gestione,"Imposta, quale definita nella relativa voce di IV livello, riscossa a seguito dell'attività ordinaria di gestione."
E.1.01.01.97.002,Altre accise n.a.c. riscosse a seguito di attività di verifica e controllo,"Imposta, quale definita nella relativa voce di IV livello, riscossa a seguito di attività di verifica e controllo."
E.1.01.01.98.000,Altre imposte sostitutive n.a.c.,Altre imposte sostitutive non altrimenti classificabili nelle voci precedenti
E.1.01.01.98.001,Altre imposte sostitutive n.a.c. riscosse a seguito dell'attività ordinaria di gestione,"Imposta, quale definita nella relativa voce di IV livello, riscossa a seguito dell'attività ordinaria di gestione."
E.1.01.01.98.002,Altre imposte sostitutive n.a.c. riscosse a seguito di attività di verifica e controllo,"Imposta, quale definita nella relativa voce di IV livello, riscossa a seguito di attività di verifica e controllo."
E.1.01.01.99.000,"Altre imposte, tasse e proventi assimilati n.a.c.","Altre imposte, tasse e proventi assimilati non altrimenti classificabili nelle voci precedenti"
E.1.01.01.99.001,"Altre imposte, tasse e proventi assimilati n.a.c. riscosse a seguito dell'attività ordinaria di gestione","Imposta, quale definita nella relativa voce di IV livello, riscossa a seguito dell'attività ordinaria di gestione."
E.1.01.01.99.002,"Altre imposte, tasse e proventi assimilati n.a.c. riscosse a seguito di attività di verifica e controllo","Imposta, quale definita nella relativa voce di IV livello, riscossa a seguito di attività di verifica e controllo."
E.1.01.02.00.000,Tributi destinati al finanziamento della sanità,"I tributi destinati al finanziamento della sanità riguardano i tributi, o parte di essi finalizzati al finanziamento della spesa sanitaria."
E.1.01.02.01.000,Imposta regionale sulle attività produttive - IRAP - Sanità,"Voce del piano dei conti delle regioni. In tale voce non sono contabilizzate le entrate derivanti dall'IRAP sanità derivante da manovra fiscale regionale per la quale è prevista la voce che segue e le entrate derivanti dall'anticipazione sanitaria della tesoreria statale, per la quale è prevista la voce E.9.01.99.02.001 ""Anticipazioni sanità della tesoreria statale"" tra le entrate per partite di giro. A tale voce sono imputate le regolazioni contabili effettuate per registrare le operazioni di chiusura delle anticipazioni sanitarie, effettuate a valere dell'IRAP-sanità."
E.1.01.02.01.001,Imposta regionale sulle attività produttive - IRAP - Sanità,Vedi voce di IV livello
E.1.01.02.02.000,Imposta regionale sulle attività produttive - IRAP - Sanità derivante da manovra fiscale regionale,"Voce del piano dei conti delle regioni. In tale voce non sono contabilizzate le entrate derivanti dall'anticipazione sanitaria della tesoreria statale, per la quale è prevista la voce E.9.01.99.02.001 ""Anticipazioni sanità della tesoreria statale"" tra le entrate per partite di giro. A tale voce sono imputate le regolazioni contabili effettuate per registrare le operazioni di chiusura delle anticipazioni sanitarie, effettuate a valere dell'IRAP-sanità derivante da manovra fiscale regionale.."
E.1.01.02.02.001,Imposta regionale sulle attività produttive - IRAP - Sanità derivante da manovra fiscale regionale,Vedi voce di IV livello
E.1.01.02.03.000,Compartecipazione IVA - Sanità,"Voce del piano dei conti delle regioni. In tale voce non sono contabilizzate le entrate derivanti dall'anticipazione sanitaria della tesoreria statale, per la quale è prevista la voce E.9.01.99.02.001 ""Anticipazioni sanità della tesoreria statale"" tra le entrate per partite di giro. A tale voce sono imputate le regolazioni contabili effettuate per registrare le operazioni di chiusura delle anticipazioni sanitarie, effettuate a valere della Comparteciapzione IVA -Sanità."
E.1.01.02.03.001,Compartecipazione IVA - Sanità,Vedi voce di IV livello
E.1.01.02.04.000,Addizionale IRPEF - Sanità,"Voce del piano dei conti delle regioni. In tale voce non sono contabilizzate le entrate dell'addizionale IRPEF-Sanità derivante da manovra fiscale regionale per le quali è preivsta la voce che segue, e le entrate derivanti dall'anticipazione sanitaria della tesoreria statale, per la quale è prevista la voce E.9.01.99.02.001 ""Anticipazioni sanità della tesoreria statale"" tra le entrate per partite di giro. A tale voce sono imputate le regolazioni contabili effettuate per registrare le operazioni di chiusura delle anticipazioni sanitarie, effettuate a valere della Addizionale IRPEF."
E.1.01.02.04.001,Addizionale IRPEF - Sanità,Vedi voce di IV livello
E.1.01.02.05.000,Addizionale IRPEF - Sanità derivante da manovra fiscale regionale,Addizionale IRPEF - Sanità derivante da manovra fiscale regionale
E.1.01.02.05.001,Addizionale IRPEF - Sanità derivante da manovra fiscale regionale,Vedi voce di IV livello
E.1.01.02.06.000,Accisa sulla benzina per autotrazione - sanità,Accisa sulla benzina per autotrazione - sanità
E.1.01.02.06.001,Accisa sulla benzina per autotrazione - sanità,Vedi voce di IV livello
E.1.01.02.99.000,Altri tributi destinati al finanziamento della spesa sanitaria n.a.c.,Altri tributi destinati al finanziamento della spesa sanitaria non altrimenti classificabili nelle voci precedenti
E.1.01.02.99.999,Altri tributi destinati al finanziamento della spesa sanitaria n.a.c.,Vedi voce di IV livello
E.1.01.03.00.000,Tributi devoluti e regolati alle autonomie speciali,"Comprendono i tributi propri delle Regioni a Statuto speciale, loro spettanti in virtù di precisi riferimenti normativi, derivanti da norme di rilievo costituzionale o da specifiche riserve stabilite dai regolamenti istitutivi, che affluiscono distintamente nelle entrate delle Regioni nella duplice forma dei tributi devoluti e dei tributi regolati, cioè tributi provenienti da imponibili generati sul territorio regionale che affluiscono nel bilancio delle Regioni attraverso il bilancio dello Stato o attraverso riscossione diretta."
E.1.01.03.01.000,Imposta sul reddito delle persone fisiche (ex IRPEF),Riferimento normativo: DPR n. 917 del 1986. Quota devoluta o regolata alle autonomie speciali
E.1.01.03.01.001,Imposta sul reddito delle persone fisiche (ex IRPEF) riscossa a seguito dell'attività ordinaria di gestione,"Imposta, quale definita nella relativa voce di IV livello, riscossa a seguito dell'attività ordinaria di gestione."
E.1.01.03.01.002,Imposta sul reddito delle persone fisiche (ex IRPEF) riscossa a seguito di attività di verifica e controllo,"Imposta, quale definita nella relativa voce di IV livello, riscossa a seguito di attività di verifica e controllo."
E.1.01.03.02.000,Imposta sul reddito delle società (ex IRPEG),"Riferimento normativo: Imposta istituita con d.lgs. n.344/2003, in sostituzione dell'Imposta sul reddito delle persone giuridiche (IRPEG). Quota devoluta o regolata alle autonomie speciali"
E.1.01.03.02.001,Imposta sul reddito delle società (ex IRPEG) riscosse a seguito dell'attività ordinaria di gestione,"Imposta, quale definita nella relativa voce di IV livello, riscossa a seguito dell'attività ordinaria di gestione."
E.1.01.03.02.002,Imposta sul reddito delle società (ex IRPEG) riscosse a seguito di attività di verifica e controllo,"Imposta, quale definita nella relativa voce di IV livello, riscossa a seguito di attività di verifica e controllo."
E.1.01.03.03.000,Imposta sostitutiva dell'IRPEF e dell'imposta di registro e di bollo sulle locazioni di immobili per finalità abitative (cedolare secca),"Riferimento normativo: decreto legislativo 14 marzo 2011, n. 23
 
 L’articolo 3 del decreto legislativo 14 marzo 2011, n. 23, concernente “Disposizioni in materia di Federalismo Fiscale Municipale”, ed entrato in vigore il 7 aprile 2011, ha introdotto, a partire dal 2011, un nuovo regime facoltativo di tassazione dei redditi derivanti dalla locazione per finalità abitative degli immobili ad uso abitativo e delle relative pertinenze. Quota devoluta o regolata alle autonomie speciali"
E.1.01.03.03.001,Imposta sostitutiva dell'IRPEF e dell'imposta di registro e di bollo sulle locazioni di immobili per finalità abitative (cedolare secca) riscossa a seguito dell'attività ordinaria di gestione,"Imposta, quale definita nella relativa voce di IV livello, riscossa a seguito dell'attività ordinaria di gestione."
E.1.01.03.03.002,Imposta sostitutiva dell'IRPEF e dell'imposta di registro e di bollo sulle locazioni di immobili per finalità abitative (cedolare secca) riscossa a seguito di attività di verifica e controllo,"Imposta, quale definita nella relativa voce di IV livello, riscossa a seguito di attività di verifica e controllo."
E.1.01.03.04.000,Imposte sostitutive su risparmio gestito,"Riferimento normativo: Decreto legislativo 21 novembre 1997, n. 461. Quota devoluta o regolata alle autonomie speciali"
E.1.01.03.04.001,Imposte sostitutive su risparmio gestito riscosse a seguito dell'attività ordinaria di gestione,"Imposta, quale definita nella relativa voce di IV livello, riscossa a seguito dell'attività ordinaria di gestione."
E.1.01.03.04.002,Imposte sostitutive su risparmio gestito riscosse a seguito di attività di verifica e controllo,"Imposta, quale definita nella relativa voce di IV livello, riscossa a seguito di attività di verifica e controllo."
E.1.01.03.05.000,"Imposta sostitutiva in materia di conferimenti di aziende, fusioni e scissioni","Riferimento normativo: art. 176 del testo unico delle imposte sui redditi, approvato con decreto del Presidente della Repubblica 22 dicembre 1986, n. 917 (TUIR). Quota devoluta o regolata alle autonomie speciali."
E.1.01.03.05.001,"Imposta sostitutiva in materia di conferimenti di aziende, fusioni e scissioni riscossa a seguito dell'attività ordinaria di gestione","Imposta, quale definita nella relativa voce di IV livello, riscossa a seguito dell'attività ordinaria di gestione."
E.1.01.03.05.002,"Imposta sostitutiva in materia di conferimenti di aziende, fusioni e scissioni riscossa a seguito di attività di verifica e controllo","Imposta, quale definita nella relativa voce di IV livello, riscossa a seguito di attività di verifica e controllo."
E.1.01.03.07.000,Imposta municipale propria riservata all'erario,Riferimento normativo: d.l. 201/2011 e legge n. 228 del 24 dicembre 2012 . Quota devoluta o regolata alle autonomie speciali
E.1.01.03.07.001,Imposta municipale propria riservata all'erario riscossa a seguito dell'attività ordinaria di gestione,"Imposta, quale definita nella relativa voce di IV livello, riscossa a seguito dell'attività ordinaria di gestione."
E.1.01.03.07.002,Imposta municipale propria riservata all'erario riscossa a seguito di attività di verifica e controllo,"Imposta, quale definita nella relativa voce di IV livello, riscossa a seguito di attività di verifica e controllo."
E.1.01.03.09.000,Imposta patrimoniale sul valore degli immobili situati all'estero,"Riferimento normativo: articolo 19, commi da 13 a 23, del decreto legge 6 dicembre 2011, n. 201, convertito, con modificazioni, dalla legge 22 dicembre 2011, n. 214 e successive modificazioni. Quota devoluta o regolata alle autonomie speciali."
E.1.01.03.09.001,Imposta patrimoniale sul valore degli immobili situati all'estero riscossa a seguito dell'attività ordinaria di gestione,"Imposta, quale definita nella relativa voce di IV livello, riscossa a seguito dell'attività ordinaria di gestione."
E.1.01.03.09.002,Imposta patrimoniale sul valore degli immobili situati all'estero riscossa a seguito di attività di verifica e controllo,"Imposta, quale definita nella relativa voce di IV livello, riscossa a seguito di attività di verifica e controllo."
E.1.01.03.10.000,Imposta sulle riserve matematiche delle imprese di assicurazione,"Riferimento normativo: art. 1, commi da 2 a 2sexies, D.L. n. 209 del 2002 convertito nella legge n. 265 del 2002. Quota devoluta o regolata alle autonomie speciali"
E.1.01.03.10.001,Imposta sulle riserve matematiche delle imprese di assicurazione riscossa a seguito dell'attività ordinaria di gestione,"Imposta, quale definita nella relativa voce di IV livello, riscossa a seguito dell'attività ordinaria di gestione."
E.1.01.03.10.002,Imposta sulle riserve matematiche delle imprese di assicurazione riscossa a seguito di attività di verifica e controllo,"Imposta, quale definita nella relativa voce di IV livello, riscossa a seguito di attività di verifica e controllo."
E.1.01.03.11.000,Imposta sul valore delle attività finanziarie detenute all'estero dalle persone fisiche residenti nel territorio dello stato,"Riferimento normativo: art. 19, c. 18, DL. n. 201/2011 conv., con modif., dalla L. n. 214/2011. Quota devoluta o regolata alle autonomie speciali"
E.1.01.03.11.001,Imposta sul valore delle attività finanziarie detenute all'estero dalle persone fisiche residenti nel territorio dello stato riscossa a seguito dell'attività ordinaria di gestione,"Imposta, quale definita nella relativa voce di IV livello, riscossa a seguito dell'attività ordinaria di gestione."
E.1.01.03.11.002,Imposta sul valore delle attività finanziarie detenute all'estero dalle persone fisiche residenti nel territorio dello stato riscossa a seguito di attività di verifica e controllo,"Imposta, quale definita nella relativa voce di IV livello, riscossa a seguito di attività di verifica e controllo."
E.1.01.03.12.000,Imposta sulle plusvalenze da cessione di attività finanziarie,"Riferimento normativo: ai sensi dell’art. 5, comma 2, i predetti redditi sono soggetti all’imposta sostitutiva delle imposte sui redditi e gli stessi sono determinati secondo i criteri stabiliti dall’articolo 68 del Tuir. Quota devoluta o regolata alle autonomie speciali
 
 Ai sensi dell’art. 68, comma 5, del testo unico delle imposte sui redditi (TUIR), le plusvalenze derivanti dalla cessione di partecipazioni sociali non qualificate - e quelle ad esse assimilate per legge - sono sommate algebricamente alle relative minusvalenze nonché ai redditi ed alle perdite derivanti dalla negoziazione di contratti a termine che derivano il loro valore da parametri finanziari e alle plusvalenze ed altri proventi considerati dalla lett. c-quinquies) del comma 1 dell’art. 67 del Tuir.
 Ai sensi dell’art. 5, comma 2, del D. Lgs. n. 461 del 1997 l’imposta sostitutiva non si applica sulle plusvalenze derivanti dalla cessione di partecipazioni sociali non qualificate - e su quelle ad esse assimilate per legge - di cui all’art. 68, comma 4, del Tuir. Tale ultima disposizione si applica alle partecipazioni, ai titoli e agli strumenti finanziari, emessi da società residenti in paesi a regime fiscale privilegiato - salvo il caso in cui la società abbia ottenuto risposta favorevole all’interpello presentato ai sensi dell’art. 167, comma 5, lett. b), del Tuir - e non negoziati nei mercati regolamentati. In considerazione di ciò le plusvalenze derivanti dalla cessione di partecipazioni sociali non qualificate - e quelle ad esse assimilate per legge – relative a società residenti in paesi a regime fiscale privilegiato, i cui titoli sono negoziati nei mercati regolamentati, concorrono a formare la base imponibile dell’imposta sostitutiva.
  Ai sensi dell’art. 5, comma 2, i redditi diversi derivanti dalle obbligazioni e dagli altri titoli di cui all’art. 31 del DPR n. 601 del 1973 ed equiparati e dalle obbligazioni emesse dagli Stati inclusi nella lista di cui al decreto emanato ai sensi dell’art. 168-bis, comma 1, del Tuir sono computati nella misura del 62,5 per cento dell’ammontare realizzato."
E.1.01.03.12.001,Imposta sulle plusvalenze da cessione di attività finanziarie riscossa a seguito dell'attività ordinaria di gestione,"Imposta, quale definita nella relativa voce di IV livello, riscossa a seguito dell'attività ordinaria di gestione."
E.1.01.03.12.002,Imposta sulle plusvalenze da cessione di attività finanziarie riscossa a seguito di attività di verifica e controllo,"Imposta, quale definita nella relativa voce di IV livello, riscossa a seguito di attività di verifica e controllo."
E.1.01.03.13.000,Imposta sostitutiva delle imposte sui redditi su plusvalenze da cessione a titolo oneroso di azioni e di altri rapporti partecipativi,"Riferimento normativo: ai sensi dell’art. 5, comma 2 del D. Lgs. 461 del 1997, i predetti redditi sono soggetti all’imposta sostitutiva delle imposte sui redditi e gli stessi sono determinati secondo i criteri stabiliti dall’articolo 68 del Tuir"
E.1.01.03.13.001,Imposta sostitutiva delle imposte sui redditi su plusvalenze da cessione a titolo oneroso di azioni e di altri rapporti partecipativi riscossa a seguito dell'attività ordinaria di gestione,"Imposta, quale definita nella relativa voce di IV livello, riscossa a seguito dell'attività ordinaria di gestione."
E.1.01.03.13.002,Imposta sostitutiva delle imposte sui redditi su plusvalenze da cessione a titolo oneroso di azioni e di altri rapporti partecipativi riscossa a seguito di attività di verifica e controllo,"Imposta, quale definita nella relativa voce di IV livello, riscossa a seguito di attività di verifica e controllo."
E.1.01.03.14.000,Imposte su assicurazione vita,Riferimento normativo: art. 26 -ter del DPR 600/1973
E.1.01.03.14.001,Imposte su assicurazione vita riscosse a seguito dell'attività ordinaria di gestione,"Imposta, quale definita nella relativa voce di IV livello, riscossa a seguito dell'attività ordinaria di gestione."
E.1.01.03.14.002,Imposte su assicurazione vita riscosse a seguito di attività di verifica e controllo,"Imposta, quale definita nella relativa voce di IV livello, riscossa a seguito di attività di verifica e controllo."
E.1.01.03.15.000,Imposta erariale sugli aeromobili privati,"Riferimento normativo: art. 16, comma 10bis, del D.L. n. 201 del 2011. Quota devoluta o regolata alle autonomie speciali"
E.1.01.03.15.001,Imposta erariale sugli aeromobili privati riscossa a seguito dell'attività ordinaria di gestione,"Imposta, quale definita nella relativa voce di IV livello, riscossa a seguito dell'attività ordinaria di gestione."
E.1.01.03.15.002,Imposta erariale sugli aeromobili privati riscossa a seguito di attività di verifica e controllo,"Imposta, quale definita nella relativa voce di IV livello, riscossa a seguito di attività di verifica e controllo."
E.1.01.03.18.000,Ritenute sugli interessi e su altri redditi da capitale,Riferimento normativo: articolo 44 del T.U.I.R. Quota devoluta o regolata alle autonomie speciali
E.1.01.03.18.001,Ritenute sugli interessi e su altri redditi da capitale riscosse a seguito dell'attività ordinaria di gestione,"Imposta, quale definita nella relativa voce di IV livello, riscossa a seguito dell'attività ordinaria di gestione."
E.1.01.03.18.002,Ritenute sugli interessi e su altri redditi da capitale riscosse a seguito di attività di verifica e controllo,"Imposta, quale definita nella relativa voce di IV livello, riscossa a seguito di attività di verifica e controllo."
E.1.01.03.19.000,Ritenute e imposte sostitutive sugli utili distribuiti dalle società di capitali,Ritenute e imposte sostitutive sugli utili distribuiti dalle società di capitali
E.1.01.03.19.001,Ritenute e imposte sostitutive sugli utili distribuiti dalle società di capitali riscosse a seguito dell'attività ordinaria di gestione,"Imposta, quale definita nella relativa voce di IV livello, riscossa a seguito dell'attività ordinaria di gestione."
E.1.01.03.19.002,Ritenute e imposte sostitutive sugli utili distribuiti dalle società di capitali riscosse a seguito di attività di verifica e controllo,"Imposta, quale definita nella relativa voce di IV livello, riscossa a seguito di attività di verifica e controllo."
E.1.01.03.21.000,Imposta sul valore aggiunto (IVA) sugli scambi interni,Riferimento normativo D.P.R. 633 del 1972. Quota devoluta o regolata alle autonomie speciali
E.1.01.03.21.001,Imposta sul valore aggiunto (IVA) sugli scambi interni riscossa a seguito dell'attività ordinaria di gestione,"Imposta, quale definita nella relativa voce di IV livello, riscossa a seguito dell'attività ordinaria di gestione."
E.1.01.03.21.002,Imposta sul valore aggiunto (IVA) sugli scambi interni riscossa a seguito di attività di verifica e controllo,"Imposta, quale definita nella relativa voce di IV livello, riscossa a seguito di attività di verifica e controllo."
E.1.01.03.22.000,Imposta sul valore aggiunto (IVA) sulle importazioni,Riferimento normativo D.P.R. 633 del 1972. Quota devoluta o regolata alle autonomie speciali
E.1.01.03.22.001,Imposta sul valore aggiunto (IVA) sulle importazioni riscossa a seguito dell'attività ordinaria di gestione,"Imposta, quale definita nella relativa voce di IV livello, riscossa a seguito dell'attività ordinaria di gestione."
E.1.01.03.22.002,Imposta sul valore aggiunto (IVA) sulle importazioni riscossa a seguito di attività di verifica e controllo,"Imposta, quale definita nella relativa voce di IV livello, riscossa a seguito di attività di verifica e controllo."
E.1.01.03.23.000,Imposta sulle assicurazioni,"Riferimento normativo: legge 29 ottobre 1961, n. 1216. Quota devoluta o regolata alle autonomie speciali"
E.1.01.03.23.001,Imposta sulle assicurazioni riscossa a seguito dell'attività ordinaria di gestione,"Imposta, quale definita nella relativa voce di IV livello, riscossa a seguito dell'attività ordinaria di gestione."
E.1.01.03.23.002,Imposta sulle assicurazioni riscossa a seguito di attività di verifica e controllo,"Imposta, quale definita nella relativa voce di IV livello, riscossa a seguito di attività di verifica e controllo."
E.1.01.03.24.000,Accisa sui tabacchi,"Riferimento normativo: capo III-bis del D. Lgs. 26 ottobre 1995, n. 504. Quota devoluta o regolata alle autonomie speciali"
E.1.01.03.24.001,Accisa sui tabacchi riscossa a seguito dell'attività ordinaria di gestione,"Imposta, quale definita nella relativa voce di IV livello, riscossa a seguito dell'attività ordinaria di gestione."
E.1.01.03.24.002,Accisa sui tabacchi riscossa a seguito di attività di verifica e controllo,"Imposta, quale definita nella relativa voce di IV livello, riscossa a seguito di attività di verifica e controllo."
E.1.01.03.25.000,Accisa sull'alcole e le bevande alcoliche,Riferimento normativo: capo III - artt. da 27 a 39 del D. Lgs. n. 504 del 1995 - TUA. Quota devoluta o regolata alle autonomie speciali
E.1.01.03.25.001,Accisa sull'alcole e le bevande alcoliche riscossa a seguito dell'attività ordinaria di gestione,"Imposta, quale definita nella relativa voce di IV livello, riscossa a seguito dell'attività ordinaria di gestione."
E.1.01.03.25.002,Accisa sull'alcole e le bevande alcoliche riscossa a seguito di attività di verifica e controllo,"Imposta, quale definita nella relativa voce di IV livello, riscossa a seguito di attività di verifica e controllo."
E.1.01.03.26.000,Accisa sull'energia elettrica,Riferimento normativo: artt. 52 e ss. D. Lgs. n. 504 del 1995 - TUA. Quota devoluta o regolata alle autonomie speciali
E.1.01.03.26.001,Accisa sull'energia elettrica riscossa a seguito dell'attività ordinaria di gestione,"Imposta, quale definita nella relativa voce di IV livello, riscossa a seguito dell'attività ordinaria di gestione."
E.1.01.03.26.002,Accisa sull'energia elettrica riscossa a seguito di attività di verifica e controllo,"Imposta, quale definita nella relativa voce di IV livello, riscossa a seguito di attività di verifica e controllo."
E.1.01.03.27.000,Accisa sui prodotti energetici,Riferimento normativo: art. 21 D.Lgs n. 504 del 1995. Quota devoluta o regolata alle autonomie speciali
E.1.01.03.27.001,Accisa sui prodotti energetici riscossa a seguito dell'attività ordinaria di gestione,"Imposta, quale definita nella relativa voce di IV livello, riscossa a seguito dell'attività ordinaria di gestione."
E.1.01.03.27.002,Accisa sui prodotti energetici riscossa a seguito di attività di verifica e controllo,"Imposta, quale definita nella relativa voce di IV livello, riscossa a seguito di attività di verifica e controllo."
E.1.01.03.28.000,Accisa sulla benzina per autotrazione - non sanità,Riferimento normativo: articolo 21 D. Lgs. n. 504 del 1995 - TUA. Quota devoluta o regolata alle autonomie speciali
E.1.01.03.28.001,Accisa sulla benzina per autotrazione - non sanità riscossa a seguito dell'attività ordinaria di gestione,"Imposta, quale definita nella relativa voce di IV livello, riscossa a seguito dell'attività ordinaria di gestione."
E.1.01.03.28.002,Accisa sulla benzina per autotrazione - non sanità riscossa a seguito di attività di verifica e controllo,"Imposta, quale definita nella relativa voce di IV livello, riscossa a seguito di attività di verifica e controllo."
E.1.01.03.29.000,Accisa sul gasolio,Riferimento normativo: articolo 21 D. Lgs. n. 504 del 1995 - TUA. Quota devoluta o regolata alle autonomie speciali
E.1.01.03.29.001,Accisa sul gasolio riscossa a seguito dell'attività ordinaria di gestione,"Imposta, quale definita nella relativa voce di IV livello, riscossa a seguito dell'attività ordinaria di gestione."
E.1.01.03.29.002,Accisa sul gasolio riscossa a seguito di attività di verifica e controllo,"Imposta, quale definita nella relativa voce di IV livello, riscossa a seguito di attività di verifica e controllo."
E.1.01.03.30.000,Imposta sul gas naturale,Riferimento normativo: art. 26 del D. Lgs. n. 504 del 1995. Quota devoluta o regolata alle autonomie speciali
E.1.01.03.30.001,Imposta sul gas naturale riscossa a seguito dell'attività ordinaria di gestione,"Imposta, quale definita nella relativa voce di IV livello, riscossa a seguito dell'attività ordinaria di gestione."
E.1.01.03.30.002,Imposta sul gas naturale riscossa a seguito di attività di verifica e controllo,"Imposta, quale definita nella relativa voce di IV livello, riscossa a seguito di attività di verifica e controllo."
E.1.01.03.32.000,Imposta di consumo su oli lubrificanti e bitumi di petrolio,"Riferimento normativo: art. 62 del D. Lgs 26 ottobre 1995, n. 504. Quota devoluta o regolata alle autonomie speciali"
E.1.01.03.32.001,Imposta di consumo su oli lubrificanti e bitumi di petrolio riscossa a seguito dell'attività ordinaria di gestione,"Imposta, quale definita nella relativa voce di IV livello, riscossa a seguito dell'attività ordinaria di gestione."
E.1.01.03.32.002,Imposta di consumo su oli lubrificanti e bitumi di petrolio riscossa a seguito di attività di verifica e controllo,"Imposta, quale definita nella relativa voce di IV livello, riscossa a seguito di attività di verifica e controllo."
E.1.01.03.33.000,Imposta di registro,"Riferimento normativo: l’imposta di registro si applica nella misura indicata nella tariffa allegata al decreto del Presidente della Repubblica 26 aprile 1986, n. 131 agli atti soggetti a registrazione ed a quelli presentati volontariamente alla registrazione. Il tributo prevede aliquote in misura fissa o proporzionale per cui a volte si manifesta nella forma di tassa per il servizio della registrazione ed a volte, invece, assume le caratteristiche di imposta senza un diretto rapporto con l’esecuzione della formalità della registrazione.
 Quota devoluta o regolata alle autonomie speciali"
E.1.01.03.33.001,Imposta di registro riscossa a seguito dell'attività ordinaria di gestione,"Imposta, quale definita nella relativa voce di IV livello, riscossa a seguito dell'attività ordinaria di gestione."
E.1.01.03.33.002,Imposta di registro riscossa a seguito di attività di verifica e controllo,"Imposta, quale definita nella relativa voce di IV livello, riscossa a seguito di attività di verifica e controllo."
E.1.01.03.34.000,Imposta di bollo,Riferimento normativo: D.P.R. n. 642 del 1972. Quota devoluta o regolata alle autonomie speciali
E.1.01.03.34.001,Imposta di bollo riscossa a seguito dell'attività ordinaria di gestione,"Imposta, quale definita nella relativa voce di IV livello, riscossa a seguito dell'attività ordinaria di gestione."
E.1.01.03.34.002,Imposta di bollo riscossa a seguito di attività di verifica e controllo,"Imposta, quale definita nella relativa voce di IV livello, riscossa a seguito di attività di verifica e controllo."
E.1.01.03.35.000,Imposta ipotecaria,Riferimento normativo: D. Lgs. n. 347 del 1990. Quota devoluta o regolata alle autonomie speciali
E.1.01.03.35.001,Imposta ipotecaria riscossa a seguito dell'attività ordinaria di gestione,"Imposta, quale definita nella relativa voce di IV livello, riscossa a seguito dell'attività ordinaria di gestione."
E.1.01.03.35.002,Imposta ipotecaria riscossa a seguito di attività di verifica e controllo,"Imposta, quale definita nella relativa voce di IV livello, riscossa a seguito di attività di verifica e controllo."
E.1.01.03.36.000,Imposta unica sui concorsi pronostici e sulle scommesse,"Riferimento normativo: D.Lgs. 23 dicembre 1998, n. 504. Quota devoluta o regolata alle autonomie speciali"
E.1.01.03.36.001,Imposta unica sui concorsi pronostici e sulle scommesse riscossa a seguito dell'attività ordinaria di gestione,"Imposta, quale definita nella relativa voce di IV livello, riscossa a seguito dell'attività ordinaria di gestione."
E.1.01.03.36.002,Imposta unica sui concorsi pronostici e sulle scommesse riscossa a seguito di attività di verifica e controllo,"Imposta, quale definita nella relativa voce di IV livello, riscossa a seguito di attività di verifica e controllo."
E.1.01.03.37.000,"Proventi da lotto, lotterie e altri giochi",Riferimento normativo:art. 67 e art.69 del T.U.I.R. Quota devoluta o regolata alle autonomie speciali
E.1.01.03.37.001,"Proventi da lotto, lotterie e altri giochi riscossi a seguito dell'attività ordinaria di gestione","Imposta, quale definita nella relativa voce di IV livello, riscossa a seguito dell'attività ordinaria di gestione."
E.1.01.03.37.002,"Proventi da lotto, lotterie e altri giochi riscossi a seguito di attività di verifica e controllo","Imposta, quale definita nella relativa voce di IV livello, riscossa a seguito di attività di verifica e controllo."
E.1.01.03.38.000,Imposta sugli intrattenimenti,"Riferimento normativo: D.P.R. 26 ottobre 1972, n. 640 come modificato dal D.lgs. 26 febbraio 1999, n. 60. Quota devoluta o regolata alle autonomie speciali"
E.1.01.03.38.001,Imposta sugli intrattenimenti riscossa a seguito dell'attività ordinaria di gestione,"Imposta, quale definita nella relativa voce di IV livello, riscossa a seguito dell'attività ordinaria di gestione."
E.1.01.03.38.002,Imposta sugli intrattenimenti riscossa a seguito di attività di verifica e controllo,"Imposta, quale definita nella relativa voce di IV livello, riscossa a seguito di attività di verifica e controllo."
E.1.01.03.45.000,Tassa sulle concessioni governative,"Riferimento normativo: DPR 26 ottobre 1972, n. 641
 
 Sono soggetti alla Tassa sulle concessioni governative i provvedimenti amministrativi e gli altri atti elencati nella tariffa annessa al DPR n. 641 del 1972.
 Quota devoluta o regolata alle autonomie speciali"
E.1.01.03.45.001,Tassa sulle concessioni governative riscossa a seguito dell'attività ordinaria di gestione,"Imposta, quale definita nella relativa voce di IV livello, riscossa a seguito dell'attività ordinaria di gestione."
E.1.01.03.45.002,Tassa sulle concessioni governative riscossa a seguito di attività di verifica e controllo,"Imposta, quale definita nella relativa voce di IV livello, riscossa a seguito di attività di verifica e controllo."
E.1.01.03.50.000,Tassa di circolazione dei veicoli a motore (tassa automobilistica),Riferimento normativo: D.P.R. n. 39 del 1953; D.L. n. 953 del 1982 conv. Legge n. 53 del 1983. Quota devoluta o regolata alle autonomie speciali
E.1.01.03.50.001,Tassa di circolazione dei veicoli a motore (tassa automobilistica) riscossa a seguito dell'attività ordinaria di gestione,"Imposta, quale definita nella relativa voce di IV livello, riscossa a seguito dell'attività ordinaria di gestione."
E.1.01.03.50.002,Tassa di circolazione dei veicoli a motore (tassa automobilistica) riscossa a seguito di attività di verifica e controllo,"Imposta, quale definita nella relativa voce di IV livello, riscossa a seguito di attività di verifica e controllo."
E.1.01.03.56.000,Tassa sulle emissioni di anidride solforosa,"Riferimento normativo: Art. 17, commi 29-33, L. n. 449/1997; art. 4, D.P.R. n. 416/2001. Quota devoluta o regolata alle autonomie speciali"
E.1.01.03.56.001,Tassa sulle emissioni di anidride solforosa riscossa a seguito dell'attività ordinaria di gestione,"Imposta, quale definita nella relativa voce di IV livello, riscossa a seguito dell'attività ordinaria di gestione."
E.1.01.03.56.002,Tassa sulle emissioni di anidride solforosa riscossa a seguito di attività di verifica e controllo,"Imposta, quale definita nella relativa voce di IV livello, riscossa a seguito di attività di verifica e controllo."
E.1.01.03.58.000,Canone radiotelevisivo,"Riferimento normativo: art. 1 e 2 R.D.L. 21-2-1938 n. 246 e modificazioni successive, riguardante la detenzione nell’ambito familiare (abitazione privata) di uno o più apparecchi atti o adattabili alla ricezione delle trasmissioni radio televisive."
E.1.01.03.58.001,Canone radiotelevisivo riscosso a seguito dell'attività ordinaria di gestione,"Imposta, quale definita nella relativa voce di IV livello, riscossa a seguito dell'attività ordinaria di gestione."
E.1.01.03.58.002,Canone radiotelevisivo riscosso a seguito di attività di verifica e controllo,"Imposta, quale definita nella relativa voce di IV livello, riscossa a seguito di attività di verifica e controllo."
E.1.01.03.62.000,Diritti catastali,"Riferimento normativo: D.L. 02/03/2012 n. 16 art. 6, in vigore dal 01/10/2012"
E.1.01.03.62.001,Diritti catastali riscossi a seguito dell'attività ordinaria di gestione,"Imposta, quale definita nella relativa voce di IV livello, riscossa a seguito dell'attività ordinaria di gestione."
E.1.01.03.62.002,Diritti catastali riscossi a seguito di attività di verifica e controllo,"Imposta, quale definita nella relativa voce di IV livello, riscossa a seguito di attività di verifica e controllo."
E.1.01.03.71.000,Proventi della vendita di denaturanti e contrassegni di Stato,Proventi della vendita di denaturanti e contrassegni di Stato
E.1.01.03.71.001,Proventi della vendita di denaturanti e contrassegni di Stato riscossi a seguito dell'attività ordinaria di gestione,"Imposta, quale definita nella relativa voce di IV livello, riscossa a seguito dell'attività ordinaria di gestione."
E.1.01.03.71.002,Proventi della vendita di denaturanti e contrassegni di Stato riscossi a seguito di attività di verifica e controllo,"Imposta, quale definita nella relativa voce di IV livello, riscossa a seguito di attività di verifica e controllo."
E.1.01.03.72.000,Proventi vari dei Monopoli di Stato,"Riferimento normativo: Legge 19 dicembre 1958, n. 1085"
E.1.01.03.72.001,Proventi vari dei Monopoli di Stato riscossi a seguito dell'attività ordinaria di gestione,"Imposta, quale definita nella relativa voce di IV livello, riscossa a seguito dell'attività ordinaria di gestione."
E.1.01.03.72.002,Proventi vari dei Monopoli di Stato riscossi a seguito di attività di verifica e controllo,"Imposta, quale definita nella relativa voce di IV livello, riscossa a seguito di attività di verifica e controllo."
E.1.01.03.74.000,Imposte sulle successioni e donazioni,"Riferimento normativo: D.Lgs. 31/10/1990, n. 346; D.L. 03/10/2006, n. 262. Quota devoluta o regolata alle autonomie speciali"
E.1.01.03.74.001,Imposte sulle successioni e donazioni riscosse a seguito dell'attività ordinaria di gestione,"Imposta, quale definita nella relativa voce di IV livello, riscossa a seguito dell'attività ordinaria di gestione."
E.1.01.03.74.002,Imposte sulle successioni e donazioni riscosse a seguito di attività di verifica e controllo,"Imposta, quale definita nella relativa voce di IV livello, riscossa a seguito di attività di verifica e controllo."
E.1.01.03.95.000,Altre accise n.a.c.,Quota devoluta o regolata alle autonomie speciali di altre accise non altrimenti classificate nelle voci precendenti.
E.1.01.03.95.001,Altre accise n.a.c. riscosse a seguito dell'attività ordinaria di gestione,"Imposta, quale definita nella relativa voce di IV livello, riscossa a seguito dell'attività ordinaria di gestione."
E.1.01.03.95.002,Altre accise n.a.c. riscosse a seguito di attività di verifica e controllo,"Imposta, quale definita nella relativa voce di IV livello, riscossa a seguito di attività di verifica e controllo."
E.1.01.03.96.000,"Altre entrate su lotto, lotterie e altre attività di gioco n.a.c.","Quota devoluta o regolata alle autonomie speciali di altre entrate su lotto, lotterie e altre attività di gioco non altrimenti classificate."
E.1.01.03.96.001,"Altre entrate su lotto, lotterie e altre attività di gioco n.a.c. riscosse a seguito dell'attività ordinaria di gestione","Imposta, quale definita nella relativa voce di IV livello, riscossa a seguito dell'attività ordinaria di gestione."
E.1.01.03.96.002,"Altre entrate su lotto, lotterie e altre attività di gioco n.a.c. riscosse a seguito di attività di verifica e controllo","Imposta, quale definita nella relativa voce di IV livello, riscossa a seguito di attività di verifica e controllo."
E.1.01.03.97.000,Altre ritenute n.a.c.,Quota devoluta o regolata alle autonomie speciali di altre ritenute non altrimenti classificate nelle voci precedenti.
E.1.01.03.97.001,Altre ritenute n.a.c. riscosse a seguito dell'attività ordinaria di gestione,"Imposta, quale definita nella relativa voce di IV livello, riscossa a seguito dell'attività ordinaria di gestione."
E.1.01.03.97.002,Altre ritenute n.a.c. riscosse a seguito di attività di verifica e controllo,"Imposta, quale definita nella relativa voce di IV livello, riscossa a seguito di attività di verifica e controllo."
E.1.01.03.98.000,Altre imposte sostitutive n.a.c.,Quota devoluta o regolata alle autonomie speciali di altre imposte sostitutive non altrimenti classificate nelle voci precedenti.
E.1.01.03.98.001,Altre imposte sostitutive n.a.c. riscosse a seguito dell'attività ordinaria di gestione,"Imposta, quale definita nella relativa voce di IV livello, riscossa a seguito dell'attività ordinaria di gestione."
E.1.01.03.98.002,Altre imposte sostitutive n.a.c. riscosse a seguito di attività di verifica e controllo,"Imposta, quale definita nella relativa voce di IV livello, riscossa a seguito di attività di verifica e controllo."
E.1.01.03.99.000,Altri tributi devoluti e regolati alle autonomie speciali n.a.c.,Quota devoluta o regolata alle autonomie speciali di altri tributi devoluti e regolati alle autonomie speciali non altrimenti classificate nelle voci precedenti.
E.1.01.03.99.001,Altri tributi devoluti e regolati alle autonomie speciali n.a.c. riscossi a seguito dell'attività ordinaria di gestione,"Imposta, quale definita nella relativa voce di IV livello, riscossa a seguito dell'attività ordinaria di gestione."
E.1.01.03.99.002,Altri tributi devoluti e regolati alle autonomie speciali n.a.c. riscossi a seguito di attività di verifica e controllo,"Imposta, quale definita nella relativa voce di IV livello, riscossa a seguito di attività di verifica e controllo."
E.1.01.04.00.000,Compartecipazioni di tributi,"Compartecipazioni al gettito di tributi erariali e regionali a favore di Regioni, Province e Comuni."
E.1.01.04.01.000,Compartecipazione IVA a Regioni - non Sanità,Trasferimento dal bilancio dello Stato a titolo di compartecipazione di quota dell'IVA riscossa a livello centrale.
E.1.01.04.01.001,Compartecipazione IVA a Regioni - non Sanità,Vedi voce di IV livello
E.1.01.04.02.000,Addizionale regionale alla compartecipazione IVA,"Riferimento normativo: Art. 2 D.Lgs. 18/02/2000, n. 56"
E.1.01.04.02.001,Addizionale regionale alla compartecipazione IVA,Vedi voce di IV livello
E.1.01.04.03.000,Compartecipazione al bollo auto,Trasferimento dal bilancio dello Stato a titolo di compartecipazione dell'imposta sul bollo auto riscossa a livello centrale.
E.1.01.04.03.001,Compartecipazione al bollo auto,Vedi voce di IV livello
E.1.01.04.04.000,Compartecipazione al gasolio,Trasferimento dal bilancio dello Stato a titolo di compartecipazione di quota dell'imposta sul gasolio riscossa a livello centrale.
E.1.01.04.04.001,Compartecipazione al gasolio,Vedi voce di IV livello
E.1.01.04.05.000,Compartecipazione IVA ai Comuni,Trasferimento dal bilancio dello Stato ai Comuni a titolo di compartecipazione di quota dell'IVA riscossa a livello centrale.
E.1.01.04.05.001,Compartecipazione IVA ai Comuni,Vedi voce di IV livello
E.1.01.04.06.000,Compartecipazione IRPEF ai Comuni,Trasferimento dal bilancio dello Stato ai Comuni a titolo di compartecipazione di quota dell'IRPEF riscossa a livello centrale.
E.1.01.04.06.001,Compartecipazione IRPEF ai Comuni,Vedi voce di IV livello
E.1.01.04.07.000,Compartecipazione IRPEF alle Province,Trasferimento dal bilancio dello Stato alle Province a titolo di compartecipazione di quota dell'IRPEF riscossa a livello centrale.
E.1.01.04.07.001,Compartecipazione IRPEF alle Province,Vedi voce di IV livello
E.1.01.04.08.000,Tributo provinciale deposito in discarica dei rifiuti solidi,"Voce del piano dei conti delle province, che incassano il tributo attraverso un trasferimento della regione."
E.1.01.04.08.001,Tributo provinciale deposito in discarica dei rifiuti solidi,Vedi voce di IV livello
E.1.01.04.09.000,Compartecipazioni accise benzina e gasolio destinate ad alimentare il Fondo Nazionale Trasporti di cui all'art.16 bis del DL 95/2012,Trasferimento dal bilancio dello Stato a titolo di compartecipazione al gettito delle accise sulla benzina riscosse a livello centrale.
E.1.01.04.09.001,Compartecipazioni accise benzina e gasolio destinate ad alimentare il Fondo Nazionale Trasporti di cui all'art.16 bis del DL 95/2012,Vedi voce di IV livello
E.1.01.04.97.000,Altre compartecipazioni di imposte a Regioni non destinati al finanziamento della spesa sanitaria,Trasferimento dal bilancio dello Stato alle Regioni a titolo di compartecipazione di altre imposte riscosse a livello centrale non individuabili tra quelle precedenti
E.1.01.04.97.999,Altre compartecipazioni di imposte a Regioni non destinati al finanziamento della spesa sanitaria,Vedi voce di IV livello
E.1.01.04.98.000,Altre compartecipazioni alle province n.a.c.,Trasferimento dal bilancio dello Stato alle Province a titolo di compartecipazione di altre imposte riscosse a livello centrale non individuabili tra quelle precedenti
E.1.01.04.98.999,Altre compartecipazioni alle province n.a.c.,Vedi voce di IV livello
E.1.01.04.99.000,Altre compartecipazioni a comuni n.a.c.,Trasferimento dal bilancio dello Stato ai Comuni a titolo di compartecipazione di altre imposte riscosse a livello centrale non individuabili tra quelle precedenti
E.1.01.04.99.999,Altre compartecipazioni a comuni n.a.c.,Vedi voce di IV livello
E.1.03.00.00.000,Fondi perequativi,"Strumenti volti a compensare eventuali squilibri finanziari a livello territoriale assicurando l'erogazione dei servizi di competenza a livelli uniformi su tutto il territorio nazionale. Si distinguono i fondi perequativi erogati dal bilancio dello Stato, rientranti tra i fondi perequativi da amministrazioni centrali, e i fondi perequativi che intervengono a livello territoriale e che prevedono il trasferimento di risorse da parte delle Regioni e delle province autonome"
E.1.03.01.00.000,Fondi perequativi da Amministrazioni Centrali,Entrate derivanti da fondi perequativi erogati da amministrazioni centrali.
E.1.03.01.01.000,Fondi perequativi dallo Stato,"Entrate derivanti da fondi perequativi erogati dal bilancio dello Stato. Per le Regioni sono esclusi i fondi perequativi riguardanti la sanità, per i quali è prevista la voce E.1.03.01.02.000. Per province e comuni la voce comprende il Fondo sperimentale di riequilibrio (per le province e in via residuale per i comuni) e il Fondo di solidarietà comunale (per i comuni)."
E.1.03.01.01.001,Fondi perequativi dallo Stato,Vedi voce di IV livello
E.1.03.01.02.000,Fondo perequativo dallo Stato - Sanità,Entrate derivanti da fondi perequativi erogati dal bilancio dello Stato alle regioni per il finanziamento della sanità.
E.1.03.01.02.001,Fondo perequativo dallo Stato - Sanità,Vedi voce di IV livello
E.1.03.02.00.000,Fondi perequativi dalla Regione o Provincia autonoma,"Entrate derivante da fondi perequativi erogati dalle Regioni o Province autonome, in attuazione dell'articolo 23, comma 2, del decreto legislativo n. 68 del 2011."
E.1.03.02.01.000,Fondi perequativi dalla Regione o Provincia autonoma,Vedi voce di III livello
E.1.03.02.01.001,Fondi perequativi dalla Regione o Provincia autonoma,Vedi voce di III livello
E.2.00.00.00.000,Trasferimenti correnti,"I trasferimenti correnti comprendono i trasferimenti ricevuti, non a fronte di controprestazioni, tra due soggetti.
 
 Essi non comprendono:
 - i trasferimenti erogati a a titolo di finanziamento di spese di investimento, da imputare nella rubrica dei contributi agli investimenti;
 - i trasferimenti erogati da una amministrazione a un'altra amministrazione relativi alle seguenti voci: trasferimenti in conto capitale per assunzione di debiti; trasferimenti in conto capitale per cancellazione di debiti; trasferimenti in conto capitale per escussione di garanzie senza rivalsa; trasferimenti in conto capitale per ripiano disavanzi pregressi; altri trasferimenti in conto capitale non già ricompresi nelle precedenti voci tra i quali rientrano gli indennizzi corrisposti dalle amministrazioni pubbliche o dal resto del mondo ai proprietari di beni strumentali distrutti o danneggiati a seguito di eventi bellici, altri avvenimenti politici o calamità naturali (inondazioni, ecc.) e i lasciti nonchè le donazioni di importo considerevole.
 
 I trasferimenti correnti non comprendono i trasferimenti accertati e incassati per conto terzi e partite di giro che sono da registrare nel titolo 9 delle entrate.
 
 I trasferimenti correnti vanno registrati attenendosi alla ""regola del primo beneficiario"" in virtù della quale il trasferimento è classificato in considerazione del soggetto dal quale l'ente ha effettivamente ricevuto il trasferimento, ovvero l'ultimo soggetto erogatore, senza tenere conto del primo soggetto che ha trasferito le risorse o la finalità delle stesse."
E.2.01.00.00.000,Trasferimenti correnti,Vedi voce di I livello
E.2.01.01.00.000,Trasferimenti correnti da Amministrazioni pubbliche,"I trasferimenti correnti tra amministrazioni pubbliche comprendono i trasferimenti ricevuti, non a fronte di controprestazioni e non per finanziare spese di investimento o per ripianare le perdite di un'amministrazione, tra le amministrazioni centrali, locali e gli enti di previdenza e di assistenza sociale individuate dall'Istituto Nazionale di Statistica sulla base delle definizioni e delle regole del Regolamento (CE) n. 2223 del Consiglio dell'Unione Europea del 25 giugno 1996, relativo al Sistema europeo dei conti nazionali e regionali nella Comunità, e quelle di cui all'articolo 1, comma 2, del decreto legislativo 30 marzo 2001, n. 165, e successive modificazioni.
 
 PER IL DETTAGLIO ANAGRAFICO DELLE CATEGORIE INCLUSE IN TALE RUBRICA SI RIMANDA ALL'APPENDICE AL GLOSSARIO.
 
 I trasferimenti correnti vanno registrati attenendosi alla ""regola del primo beneficiario"" in virtù della quale il trasferimento è classificato in considerazione del soggetto dal quale l'ente ha effettivamente ricevuto il trasferimento, ovvero l'ultimo soggetto erogatore, senza tenere conto del primo soggetto che ha trasferito le risorse o la finalità delle stesse.
 
 I trasferimenti correnti vanno registrati attenendosi alla ""regola del primo beneficiario"" in virtù della quale il trasferimento è classificato in considerazione del soggetto dal quale l'ente ha effettivamente ricevuto il trasferimento, ovvero l'ultimo soggetto erogatore, senza tenere conto del primo soggetto che ha trasferito le risorse o la finalità delle stesse."
E.2.01.01.01.000,Trasferimenti correnti da Amministrazioni Centrali,"I trasferimenti correnti tra amministrazioni pubbliche comprendono i trasferimenti erogati/ricevuti, non a fronte di controprestazioni, da un'amministrazione rientrante nel sottosettore delle amministrazioni centrali.
 
 Al V livello si dettagliano i trasferimenti correnti in entrata con separata evidenza dell'ente erogatore delle risorse."
E.2.01.01.01.001,Trasferimenti correnti da Ministeri,"Trasferimenti correnti ricevuti, non a fronte di controprestazioni, da Ministeri. L’entrata “ IRPEF - IRE 5 per mille” dei comuni è un trasferimento dallo Stato."
E.2.01.01.01.002,Trasferimenti correnti da Ministero dell'Istruzione - Istituzioni Scolastiche,"Trasferimenti correnti ricevuti, non a fronte di controprestazioni, dalle Istituzioni scolastiche (che sono unità operative del Ministero dell'Istruzione)"
E.2.01.01.01.014,Trasferimenti correnti da Stato - Fondo Sanitario Nazionale - finanziamento del Servizio sanitario nazionale,"Trasferimenti correnti ricevuti, non a fronte di controprestazioni, da Stato - Fondo Sanitario Nazionale - finanziamento del Servizio sanitario nazionale"
E.2.01.01.01.003,Trasferimenti correnti da Presidenza del Consiglio dei Ministri,"Trasferimenti correnti ricevuti, non a fronte di controprestazioni, da Presidenza del Consiglio dei Ministri"
E.2.01.01.01.004,Trasferimenti correnti da Organi Costituzionali e di rilievo costituzionale,"Trasferimenti correnti ricevuti, non a fronte di controprestazioni, da Organi Costituzionali e di rilievo costituzionale"
E.2.01.01.01.005,Trasferimenti correnti da Agenzie Fiscali,"Trasferimenti correnti ricevuti, non a fronte di controprestazioni, da Agenzie Fiscali"
E.2.01.01.01.006,Trasferimenti correnti da enti di regolazione dell'attività economica,"Trasferimenti correnti ricevuti, non a fronte di controprestazioni, da enti di regolazione dell'attività economica"
E.2.01.01.01.007,Trasferimenti correnti da Gruppo Equitalia,"Trasferimenti correnti ricevuti, non a fronte di controprestazioni, da Gruppo Equitalia"
E.2.01.01.01.008,Trasferimenti correnti da Anas S.p.A.,"Trasferimenti correnti ricevuti, non a fronte di controprestazioni, da Anas S.p.A."
E.2.01.01.01.009,Trasferimenti correnti da altri enti centrali produttori di servizi economici,"Trasferimenti correnti ricevuti, non a fronte di controprestazioni, da altri enti centrali produttori di servizi economici"
E.2.01.01.01.010,Trasferimenti correnti da autorità amministrative indipendenti,"Trasferimenti correnti ricevuti, non a fronte di controprestazioni, da autorità amministrative indipendenti"
E.2.01.01.01.011,Trasferimenti correnti da enti centrali a struttura associativa,"Trasferimenti correnti ricevuti, non a fronte di controprestazioni, da enti centrali a struttura associativa"
E.2.01.01.01.012,"Trasferimenti correnti da enti centrali produttori di servizi assistenziali, ricreativi e culturali","Trasferimenti correnti ricevuti, non a fronte di controprestazioni, da enti centrali produttori di servizi assistenziali, ricreativi e culturali"
E.2.01.01.01.013,Trasferimenti correnti da enti e istituzioni centrali di ricerca e Istituti e stazioni sperimentali per la ricerca,"Trasferimenti correnti ricevuti, non a fronte di controprestazioni, da enti e istituzioni centrali di ricerca e Istituti e stazioni sperimentali per la ricerca"
E.2.01.01.01.999,Trasferimenti correnti da altre Amministrazioni Centrali n.a.c.,"Trasferimenti correnti ricevuti, non a fronte di controprestazioni, da altre Amministrazioni Centrali n.a.c."
E.2.01.01.02.000,Trasferimenti correnti da Amministrazioni Locali,"I trasferimenti correnti tra amministrazioni pubbliche comprendono i trasferimenti ricevuti, non a fronte di controprestazioni, da un'amministrazione rientrante nel sottosettore delle amministrazioni locali.
 
 Al V livello si dettagliano i trasferimenti correnti in entrata con separata evidenza dell'ente erogatore delle risorse."
E.2.01.01.02.001,Trasferimenti correnti da Regioni e province autonome,"Trasferimenti correnti ricevuti, non a fronte di controprestazioni, da Regioni e province autonome"
E.2.01.01.02.002,Trasferimenti correnti da Province,"Trasferimenti correnti ricevuti, non a fronte di controprestazioni, da Province"
E.2.01.01.02.003,Trasferimenti correnti da Comuni,"Trasferimenti correnti ricevuti, non a fronte di controprestazioni, da Comuni"
E.2.01.01.02.004,Trasferimenti correnti da Città metropolitane e Roma capitale,"Trasferimenti correnti ricevuti, non a fronte di controprestazioni, da Città metropolitane e Roma capitale"
E.2.01.01.02.005,Trasferimenti correnti da Unioni di Comuni,"Trasferimenti correnti ricevuti, non a fronte di controprestazioni, da Unioni di Comuni"
E.2.01.01.02.006,Trasferimenti correnti da Comunità Montane,"Trasferimenti correnti ricevuti, non a fronte di controprestazioni, da Comunità Montane"
E.2.01.01.02.007,Trasferimenti correnti da Camere di Commercio,"Trasferimenti correnti ricevuti, non a fronte di controprestazioni, da Camere di Commercio"
E.2.01.01.02.008,Trasferimenti correnti da Università,"Trasferimenti correnti ricevuti, non a fronte di controprestazioni, da Università. Non comprende i trasferimenti da università private, che devono essere classificati come trasferimenti da imprese."
E.2.01.01.02.009,Trasferimenti correnti da Parchi nazionali e consorzi ed enti autonomi gestori di parchi e aree naturali protette,"Trasferimenti correnti ricevuti, non a fronte di controprestazioni, da Parchi nazionali e consorzi ed enti autonomi gestori di parchi e aree naturali protette"
E.2.01.01.02.010,Trasferimenti correnti da Autorità Portuali,"Trasferimenti correnti ricevuti, non a fronte di controprestazioni, da Autorità Portuali"
E.2.01.01.02.011,Trasferimenti correnti da Aziende sanitarie locali,"Trasferimenti correnti ricevuti, non a fronte di controprestazioni, da Aziende sanitarie locali"
E.2.01.01.02.012,Trasferimenti correnti da Aziende ospedaliere e Aziende ospedaliere universitarie integrate con il SSN,"Trasferimenti correnti ricevuti, non a fronte di controprestazioni, da Aziende ospedaliere e Aziende ospedaliere universitarie integrate con il SSN"
E.2.01.01.02.013,Trasferimenti correnti da Policlinici,"Trasferimenti correnti ricevuti, non a fronte di controprestazioni, da Policlinici"
E.2.01.01.02.014,Trasferimenti correnti da Istituti di ricovero e cura a carattere scientifico pubblici,"Trasferimenti correnti ricevuti, non a fronte di controprestazioni, da Istituti di ricovero e cura a carattere scientifico pubblici"
E.2.01.01.02.015,Trasferimenti correnti da altre Amministrazioni Locali produttrici di servizi sanitari,"Trasferimenti correnti ricevuti, non a fronte di controprestazioni, da altre Amministrazioni Locali produttrici di servizi sanitari"
E.2.01.01.02.016,Trasferimenti correnti da Agenzie regionali per le erogazioni in agricoltura,"Trasferimenti correnti ricevuti, non a fronte di controprestazioni, da Agenzie regionali per le erogazioni in agricoltura"
E.2.01.01.02.017,Trasferimenti correnti da altri enti e agenzie regionali e sub regionali,"Trasferimenti correnti ricevuti, non a fronte di controprestazioni, da altri enti e agenzie regionali e sub regionali"
E.2.01.01.02.018,Trasferimenti correnti da Consorzi di enti locali,"Trasferimenti correnti ricevuti, non a fronte di controprestazioni, da Consorzi di enti locali"
E.2.01.01.02.019,Trasferimenti correnti da Fondazioni e istituzioni liriche locali e da teatri stabili di iniziativa pubblica,"Trasferimenti correnti ricevuti, non a fronte di controprestazioni, da Fondazioni e istituzioni liriche locali e da teatri stabili di iniziativa pubblica"
E.2.01.01.02.999,Trasferimenti correnti da altre Amministrazioni Locali n.a.c.,"Trasferimenti correnti ricevuti, non a fronte di controprestazioni, da altre Amministrazioni Locali n.a.c."
E.2.01.01.03.000,Trasferimenti correnti da Enti di Previdenza,"I trasferimenti correnti tra amministrazioni pubbliche comprendono i trasferimenti ricevuti, non a fronte di controprestazioni, da un'amministrazione rientrante nel sottosettore delle amministrazioni locali.
 
 Al V livello si dettagliano i trasferimenti correnti in entrata con separata evidenza dell'ente erogatore delle risorse."
E.2.01.01.03.001,Trasferimenti correnti da INPS,"Trasferimenti correnti ricevuti, non a fronte di controprestazioni, da INPS"
E.2.01.01.03.002,Trasferimenti correnti da INAIL,"Trasferimenti correnti ricevuti, non a fronte di controprestazioni, da INAIL"
E.2.01.01.03.999,Trasferimenti correnti da altri Enti di Previdenza n.a.c.,"Trasferimenti correnti ricevuti, non a fronte di controprestazioni, da altri Enti di Previdenza compresi nell'elenco delle amministrazioni pubbliche n.a.c."
E.2.01.01.04.000,Trasferimenti correnti da organismi interni e/o unità locali della amministrazione,"Trasferimenti correnti ricevuti, non a fronte di controprestazioni, da organismi interni e/o unità locali della amministrazione"
E.2.01.01.04.001,Trasferimenti correnti da organismi interni e/o unità locali della amministrazione,Vedi voce di IV livello
E.2.01.02.00.000,Trasferimenti correnti da Famiglie,Trasferimenti correnti ricevuti dalle Amministrazioni pubbliche e erogati dalle famiglie in assenza di controprestazioni.
E.2.01.02.01.000,Trasferimenti correnti da famiglie,Vedi voce di III livello
E.2.01.02.01.001,Trasferimenti correnti da famiglie,Vedi voce di III livello
E.2.01.03.00.000,Trasferimenti correnti da Imprese,"Trasferimenti correnti ricevuti dalle Amministrazioni pubbliche e erogati dalle imprese in assenza di controprestazioni. Non vi rientrano i trasferimenti finalizzati a spese di investimento da classificarsi alla rubrica ""Contributi agli investimenti"" nonché gli altri trasferimenti in conto capitale tra i quali gli eventuali trasferimenti erogati a titolo di ripiano disavanzi pregressi."
E.2.01.03.01.000,Sponsorizzazioni da imprese,"Trasferimenti correnti erogati dalle imprese alle amministrazioni a titolo di sponsorizzazioni e non vincolati alla realizzazione di spese di investimento. 
 Il trasferimento, effettuato in assenza di una reale controprestazione da parte dell'amministrazione ricevente, consta di un supporto finanziario erogato all'amministrazione prevalentemente a scopo pubblicitario e di comunicazione."
E.2.01.03.01.001,Sponsorizzazioni da imprese controllate,"Trasferimenti correnti erogati dalle imprese controllate alle amministrazioni a titolo di sponsorizzazioni e non vincolati alla realizzazione di spese di investimento. 
 Il trasferimento, effettuato in assenza di una reale controprestazione da parte dell'amministrazione ricevente, consta di un supporto finanziario erogato all'amministrazione prevalentemente a scopo pubblicitario e di comunicazione."
E.2.01.03.01.002,Sponsorizzazioni da altre imprese partecipate,"Trasferimenti correnti erogati dalle imprese partecipate alle amministrazioni a titolo di sponsorizzazioni e non vincolati alla realizzazione di spese di investimento. 
 Il trasferimento, effettuato in assenza di una reale controprestazione da parte dell'amministrazione ricevente, consta di un supporto finanziario erogato all'amministrazione prevalentemente a scopo pubblicitario e di comunicazione."
E.2.01.03.01.999,Sponsorizzazioni da altre imprese,"Trasferimenti correnti erogati da imprese diverse dalle imprese controllate o partecipate alle amministrazioni a titolo di sponsorizzazioni e non vincolati alla realizzazione di spese di investimento. 
 Il trasferimento, effettuato in assenza di una reale controprestazione da parte dell'amministrazione ricevente, consta di un supporto finanziario erogato all'amministrazione prevalentemente a scopo pubblicitario e di comunicazione."
E.2.01.03.02.000,Altri trasferimenti correnti da imprese,Altri trasferimenti correnti da parte di altre imprese ad amministrazioni pubbliche
E.2.01.03.02.001,Altri trasferimenti correnti da imprese controllate,Trasferimenti correnti erogati all'amministrazione dalle imprese controllate diversi dalle sponsorizzazioni
E.2.01.03.02.002,Altri trasferimenti correnti da altre imprese partecipate,Trasferimenti correnti erogati all'amministrazione dalle imprese partecipate diversi dalle sponsorizzazioni
E.2.01.03.02.003,Altri trasferimenti correnti da imprese: pay-back sanità per il superamento del tetto della spesa farmaceutica territoriale,Erogazione di risorse finalizzate al sostegno della spesa farmaceutica territoriale
E.2.01.03.02.004,Altri trasferimenti correnti da imprese: pay-back sanità per il superamento del tetto della spesa farmaceutica ospedaliera,Erogazione di risorse finalizzate al sostegno della spesa farmaceutica ospedaliera
E.2.01.03.02.005,Altri trasferimenti correnti da imprese: ulteriore pay-back sanità,Ulteriore erogazione di risorse nell'ambito del meccanismo di ripiano del pay back non classificabili nelle voci precedenti
E.2.01.03.02.999,Altri trasferimenti correnti da altre imprese,Altri trasferimenti correnti erogati dalle imprese non altrimenti classificabili nelle precedenti voci.
E.2.01.04.00.000,Trasferimenti correnti da Istituzioni Sociali Private,"Trasferimenti correnti erogati dalle istituzioni sociali private in assenza di controprestazioni. Non vi rientrano i trasferimenti finalizzati a spese di investimento da classificarsi alla rubrica ""Contributi agli investimenti"" nonché gli altri trasferimenti in conto capitale tra i quali gli eventuali trasferimenti erogati a titolo di ripiano disavanzi pregressi."
E.2.01.04.01.000,Trasferimenti correnti da Istituzioni Sociali Private,Vedi voce di III livello
E.2.01.04.01.001,Trasferimenti correnti da Istituzioni Sociali Private,Vedi voce di III livello
E.2.01.05.00.000,Trasferimenti correnti dall'Unione Europea e dal Resto del Mondo,"Trasferimenti correnti erogati dall'Unione europea e dal resto del mondo in assenza di controprestazioni. Non vi rientrano i trasferimenti finalizzati a spese di investimento da classificarsi alla rubrica ""Contributi agli investimenti"" nonché gli altri trasferimenti in conto capitale tra i quali gli eventuali trasferimenti erogati a titolo di ripiano disavanzi pregressi."
E.2.01.05.01.000,Trasferimenti correnti dall'Unione Europea,"Trasferimenti correnti erogati dall'Unione europea in assenza di controprestazioni. Non vi rientrano i trasferimenti finalizzati a spese di investimento da classificarsi alla rubrica ""Contributi agli investimenti"" nonché gli altri trasferimenti in conto capitale tra i quali gli eventuali trasferimenti erogati a titolo di ripiano disavanzi pregressi."
E.2.01.05.01.002,Fondo europeo agricolo per lo sviluppo rurale (FEASR),Trasferimenti correnti dall'Unione Europea erogati a valere sul Fondo europeo agricolo per lo sviluppo rurale (FEASR)
E.2.01.05.01.003,Fondo europeo per la pesca (FEP),Trasferimenti correnti dall'Unione Europea erogati a valere sul Fondo europeo per la pesca (FEP)
E.2.01.05.01.004,Fondo europeo di sviluppo regionale (FESR),Trasferimenti correnti dall'Unione Europea erogati a valere sul Fondo europeo di sviluppo regionale (FESR)
E.2.01.05.01.005,Fondo Sociale Europeo (FSE),Trasferimenti correnti dall'Unione Europea erogati a valere sul Fondo Sociale Europeo (FSE)
E.2.01.05.01.006,Fondo Europeo Agricolo di Orientamento e di Garanzia,Trasferimenti correnti dall'Unione Europea erogati a valere sul Fondo Europeo Agricolo di Orientamento e di Garanzia
E.2.01.05.01.007,Strumento finanziario di orientamento della pesca (SFOP),Trasferimenti correnti dall'Unione Europea erogati sullo SFOP
E.2.01.05.01.999,Altri trasferimenti correnti dall'Unione Europea,Altri trasferimenti correnti erogati dall'Unione Europea a valere su fondi e strumenti non già ricompresi nelle voci precedenti
E.2.01.05.02.000,Trasferimenti correnti dal Resto del Mondo,"Trasferimenti correnti erogati dal resto del mondo in assenza di controprestazioni. Non vi rientrano i trasferimenti finalizzati a spese di investimento da classificarsi alla rubrica ""Contributi agli investimenti"" nonché gli altri trasferimenti in conto capitale tra i quali gli eventuali trasferimenti erogati a titolo di ripiano disavanzi pregressi."
E.2.01.05.02.001,Trasferimenti correnti dal Resto del Mondo,Vedi voce di IV livello
E.3.00.00.00.000,Entrate extratributarie,"Entrate derivanti dalla vendita di beni e servizi, dalle gestione di beni di proprietà dell'ente, dai proventi derivanti dall'attività di controllo e repressione degli illeciti, dalla riscossione degli interessi attivi e di altri redditi da capitale nonchè le quote di rimborsi e di altre entrate corrrenti"
E.3.01.00.00.000,Vendita di beni e servizi e proventi derivanti dalla gestione dei beni,Entrate derivanti dalla vendita di beni e dall'erogazione di servizi nonché dalla gestione di beni patrimoniali dell'amministrazione.
E.3.01.01.00.000,Vendita di beni,Entrate derivanti dalla vendita di beni
E.3.01.01.01.000,Vendita di beni,"Entrate derivanti dai proventi della vendita sul mercato di beni, non a fecondità ripetuta, tra i quali si annoverano le entrate per vendita di beni di consumo, di medicinali e altri beni di consumo sanitario, di beni floreali e faunistici, entrate da vendita sul mercato di energia, acqua, gas e riscaldamento. 
 
 La vendita dei beni a fecondità ripetuta va classificata nelle relative voci di alienazione nelle entrate in conto capitale. La vendita di tali beni determina una variazione nel patrimonio dell'ente e una variazione economica se il prezzo di vendita è differente dal valore contabile di inventario."
E.3.01.01.01.001,Proventi dalla vendita di beni di consumo,Proventi dalla vendita di beni non a facondità ripetuta.
E.3.01.01.01.002,Proventi dalla vendita di medicinali e altri beni di consumo sanitario,Proventi dalla vendita di medicinali e di altri beni di consumo sanitario non a facondità ripetuta.
E.3.01.01.01.003,Proventi dalla vendita di flora e fauna,"Proventi dalla vendita di beni di consumo a facondità ripetuta afferenti alla flora e alla fauna (vendita di piante ornamentali, di piccoli animali,…)."
E.3.01.01.01.004,"Proventi da energia, acqua, gas e riscaldamento","Proventi dalla vendita sul mercato di quote prodotte specificamente per la vendita o prodotte in eccesso di energia, acqua, gas e riscaldamento"
E.3.01.01.01.005,Proventi derivanti dallo sfruttamento di brevetti,Proventi derivanti dallo sfruttamento di brevetti cui gli enti detengono la titolarità
E.3.01.01.01.006,Proventi dalla vendita di riviste e pubblicazioni,Proventi dalla vendita di riviste e pubblicazioni
E.3.01.01.01.999,Proventi da vendita di beni n.a.c.,Proventi derivanti dalla vendita di beni non a fecondità ripetuta non altrimenti classificabili nelle precedenti voci.
E.3.01.02.00.000,Entrate dalla vendita e dall'erogazione di servizi,Entrate dalla vendita e dall'erogazione di servizi
E.3.01.02.01.000,Entrate dalla vendita di servizi,Entrate derivanti dai proventi della vendita sul mercato di servizi diversi
E.3.01.02.01.001,Proventi da alberghi,"Proventi derivanti dalla gestione di strutture ricettive diverse quali alberghi, pensioni, camping"
E.3.01.02.01.002,Proventi da asili nido,Proventi da asili nido
E.3.01.02.01.003,"Proventi da convitti, colonie, ostelli, stabilimenti termali","Proventi da convitti, colonie, ostelli, stabilimenti termali"
E.3.01.02.01.004,Proventi da corsi extrascolastici,Proventi da corsi extrascolastici
E.3.01.02.01.005,Proventi da giardini zoologici,Proventi da giardini zoologici
E.3.01.02.01.006,Proventi da impianti sportivi,Proventi da impianti sportivi
E.3.01.02.01.007,Proventi da mattatoi,Proventi da mattatoi
E.3.01.02.01.008,Proventi da mense,Proventi da mense
E.3.01.02.01.009,Proventi da mercati e fiere,Proventi da mercati e fiere
E.3.01.02.01.010,Proventi da pesa pubblica,Proventi da pesa pubblica
E.3.01.02.01.011,Proventi da servizi turistici,Proventi da servizi turistici
E.3.01.02.01.012,Proventi da spurgo pozzi neri,Proventi da spurgo pozzi neri
E.3.01.02.01.013,"Proventi da teatri, musei, spettacoli, mostre","Proventi da teatri, musei, spettacoli, mostre"
E.3.01.02.01.014,"Proventi da trasporti funebri, pompe funebri, illuminazione votiva","Proventi per i servizi cimiteriali ( trasporti funebri, pompe funebri, illuminazione votiva, cremazioni, ecc.)"
E.3.01.02.01.015,Proventi da trasporto carni macellate,Proventi da trasporto carni macellate
E.3.01.02.01.016,Proventi da trasporto scolastico,Proventi da trasporto scolastico
E.3.01.02.01.017,Proventi da strutture residenziali per anziani,Proventi da strutture residenziali per anziani
E.3.01.02.01.018,Proventi dall'uso di locali adibiti stabilmente ed esclusivamente a riunioni non istituzionali,Proventi dall'uso di locali adibiti a riunioni non istituzionali. Comprende le sale attrezzate.
E.3.01.02.01.019,Proventi da bagni pubblici,Proventi da bagni pubblici
E.3.01.02.01.020,Proventi da parcheggi custoditi e parchimetri,Proventi da parcheggi custoditi e parchimetri
E.3.01.02.01.021,Tariffa smaltimento rifiuti solidi urbani,"Entrate derivanti dalla tariffa di igiene ambientale o TIA per la gestione dei rifiuti e della pulizia degli spazi comuni, di cui all'art. 49 del D.L.vo 22/1997 e di cui all'art. 238, comma 1 del decreto legislativo 3 aprile 2006, n. 152. Al riguardo si richiamano anche l'art. 14, comma 33 del D.L. 78/2010 e la circolare del Dipartimento delle finanze n. 3/DF dell'11.11.2010"
E.3.01.02.01.022,Proventi da servizi di accesso a banche dati e pubblicazioni on line,Proventi da servizi di accesso a banche dati e pubblicazioni on line
E.3.01.02.01.023,Proventi da servizi per formazione e addestramento,Proventi da servizi per formazione e addestramento
E.3.01.02.01.024,Proventi da servizi sanitari,Proventi da servizi sanitari
E.3.01.02.01.025,Entrate per mobilità sanitaria attiva,Entrate di un'unità del settore sanitario derivanti da prestazioni erogate ad utenti di competenza di una diversa unità del settore sanitario
E.3.01.02.01.026,Proventi da licenze d'uso per software,Proventi da licenze d'uso per software
E.3.01.02.01.027,Proventi da consulenze,Proventi da consulenze
E.3.01.02.01.028,Proventi da servizi informatici,Proventi da servizi informatici
E.3.01.02.01.029,Proventi da servizi di copia e stampa,Proventi da servizi di copia e stampa
E.3.01.02.01.030,Proventi da servizi ispettivi e controllo,Proventi da servizi ispettivi e controllo
E.3.01.02.01.031,Proventi da servizi di arbitrato e collaudi,Proventi da servizi di arbitrato e collaudi
E.3.01.02.01.032,Proventi da diritti di segreteria e rogito,Proventi da diritti di segreteria e rogito
E.3.01.02.01.033,Proventi da rilascio documenti e diritti di cancelleria,Proventi da rilascio documenti e diritti di cancelleria
E.3.01.02.01.035,Proventi da autorizzazioni,"Proventi incassati a seguito di concessioni di autorizzazioni a terzi. Sono considerati proventi solo quelli che prevedono, per il rilascio dell'autorizzazione, un'attività preventiva di istruttoria e accertamento dei requisiti necessari al rilascio dell'autorizzazione stessa. Sono invece considerate ""Imposte, tasse e proventi assimilati"" le autorizzazioni concesse automaticamente senza accertamenti preventivi."
E.3.01.02.01.036,Proventi da attività di monitoraggio e controllo ambientale,Proventi da attività di monitoraggio e controllo ambientale
E.3.01.02.01.037,Proventi da quote associative,Proventi da quote associative
E.3.01.02.01.038,Proventi da analisi e studi nel campo della ricerca,Proventi da analisi e studi nel campo della ricerca
E.3.01.02.01.039,Proventi dallo svolgimento di attività di certificazione,Proventi dallo svolgimento di attività di certificazione
E.3.01.02.01.040,Proventi per organizzazione convegni,Proventi per organizzazione convegni. In tale voce rientrano le quote richieste a relatori e uditori per la partecipazione a convegni organizzati dall'amministrazione
E.3.01.02.01.041,Proventi per lo smaltimento dei rifiuti tossico-nocivi e di altri materiali,Proventi derivanti dalla attività di smaltimento dei rifiuti tossico-nocivi e di altri materiali
E.3.01.02.01.043,Proventi per traffico e trasporto passeggeri e utenti,Proventi derivanti dall'attività di trasporto passeggeri e utenti all'interno del territorio nel quale l'ente svolge la propria attività
E.3.01.02.01.999,Proventi da servizi n.a.c.,Altri proventi non altrimenti classificabili nelle precedenti voci
E.3.01.03.00.000,Proventi derivanti dalla gestione dei beni,"I Proventi derivanti dalla gestione dei beni comprendono le entrate derivanti da canoni per l'utilizzo e la concessione di beni appartenenti all'Ente e quelle derivanti da fitti, noleggi e locazioni per l'utilizzo di terreni e altri beni appartenenti all'Ente"
E.3.01.03.01.000,Canoni e concessioni e diritti reali di godimento,Entrate derivanti da canoni per l'utilizzo e la concessione di beni appartenenti all'Ente
E.3.01.03.01.001,Diritti reali di godimento,"Entrate derivanti dall'esercizio di diritti reali di godimento (diritto di superficie, l'enfiteusi, l'usufrutto, l'uso, l'abitazione e le servitù prediali). Presupposto dell'entrata è l'occorrenza della concessione di diritti su un bene di proprietà dell'ente a terzi e l'immediata disponibilità del diritto da parte del soggetto terzo.
 
 Nel caso in cui trattasi di vendita e non di concessione o nel momento in cui vi sia una trasformazione da concessione a vendita la voce va contabilizzata tra le entrate in conto capitale quale ""Alienazione di diritti reali"" (E.4.04.01.10.000)."
E.3.01.03.01.002,Canone occupazione spazi e aree pubbliche,"Entrate derivanti dai canoni per la concessione di spazi e aree pubbliche (ad esempio Cosap, canoni di demanio idrico, ecc.). Rif. Normativo D.Lgs. n. 446/1997, art. 63.
 Sostituita dall'Istituzione dell’imposta municipale secondaria."
E.3.01.03.01.003,Proventi da concessioni su beni,"Entrate derivanti da canoni periodici di concessione da parte di una amministrazione pubblica a terzi (ad esempio: concessioni autostradali, concessione del demanio marittimo con finalità turistico-ricreative, ecc.)"
E.3.01.03.02.000,"Fitti, noleggi e locazioni","Entrate derivanti da fitti, noleggi e locazioni per l'utilizzo di terreni e altri beni appartenenti all'Ente"
E.3.01.03.02.001,Fitti di terreni e diritti di sfruttamento di giacimenti e risorse naturali,"Comprende:
 - canone di affitto riscosso dall'amministrazione proprietaria del terreno da un'affittuario. In tale rubrica sono compresi anche i canoni di affitto da versare ai proprietari di corsi e specchi d'acqua per godere del diritto di sfruttutare tali acque a scopi ricreativi o diversi, compresi la pesca. 
 - diritti spettanti ai proprietari di giacimenti minerari o di combustibili fossili (carbone, petrolio o gas naturale) a fini di prospezioni o sfruttamento"
E.3.01.03.02.002,Locazioni di altri beni immobili,Canoni corrisposti dagli affittuari ai locatari di fabbricati e altri beni immobili per il fitto degli stessi
E.3.01.03.02.003,Noleggi e locazioni di beni mobili,Canoni e noleggi corrisposti per l'utilizzo di beni mobili di proprità dell'ente
E.3.02.00.00.000,Proventi derivanti dall'attività di controllo e repressione delle irregolarità e degli illeciti,"Ammende, multe, sanzioni, oblazioni e proventi per risarcimento danni inflitte da organi giurisdizionali o simili.
 
 Non sono inclusi in tale rubrica:
 a) le pene pecuniarie inflitte dalle autorità fiscali per evasione fiscale o ritardato pagamento di imposte che non possono essere distinte dalle relative imposte;
 b) gli esborsi sostenuti per ottenere il rilascio di licenze che sono considerati imposte oppure la remunerazione di servizi prestati da amministrazioni pubbliche.
 Nel caso delle autorizzazioni sono considerati proventi solo quelli che prevedono, per il rilascio dell'autorizzazione, un'attività preventiva di istruttoria e accertamento dei requisiti necessari al rilascio dell'autorizzazione stessa. Sono invece considerate ""Imposte, tasse e proventi assimilati"" le autorizzazioni concesse automaticamente senza accertamenti preventivi."
E.3.02.01.00.000,Entrate da amministrazioni pubbliche derivanti dall'attività di controllo e repressione delle irregolarità e degli illeciti,"Ammende, multe, sanzioni, oblazioni e proventi per risarcimento danni inflitte da autorità amministrative o organi giurisdizionali"
E.3.02.01.01.000,"Proventi da multe, ammende, sanzioni e oblazioni a carico delle amministrazioni pubbliche","Ammende, multe, sanzioni, oblazioni stabilite da autorità amministrative e inflitte ad altre amministrazioni pubbliche"
E.3.02.01.01.001,"Proventi da multe, ammende, sanzioni e oblazioni a carico delle amministrazioni pubbliche",Vedi voce di IV livello
E.3.02.01.02.000,Proventi da risarcimento danni a carico delle amministrazioni pubbliche,Proventi da risarcimento danni disposti da autorità amministrative o giurisdizionali a carico di altre amministrazioni pubbliche
E.3.02.01.02.001,Proventi da risarcimento danni a carico delle amministrazioni pubbliche,Vedi voce di IV livello
E.3.02.01.99.000,Altre entrate derivanti dall'attività di controllo e repressione di irregolarità e illeciti delle amministrazioni pubbliche n.a.c.,Altri proventi derivanti dall'attività di controllo e di repressione delle irregolarità e degli illeciti delle amministrazioni pubbliche non altrimenti classificabili nelle precedenti voci
E.3.02.01.99.001,Altre entrate derivanti dall'attività di controllo e repressione di irregolarità e illeciti delle amministrazioni pubbliche n.a.c.,Vedi voce di IV livello
E.3.02.02.00.000,Entrate da famiglie derivanti dall'attività di controllo e repressione delle irregolarità e degli illeciti,"Ammende, multe, sanzioni, oblazioni e proventi per risarcimento danni inflitte da autorità amministrative o organi giurisdizionali"
E.3.02.02.01.000,"Proventi da multe, ammende, sanzioni e oblazioni a carico delle famiglie","Ammende, multe, sanzioni, oblazioni stabilite da autorità amministrative e inflitte alle famiglie"
E.3.02.02.01.001,"Proventi da multe, ammende, sanzioni e oblazioni a carico delle famiglie",Vedi voce di IV livello
E.3.02.02.02.000,Proventi da risarcimento danni a carico delle famiglie,Proventi da risarcimento danni disposti da autorità amministrative o giurisdizionali a carico delle famiglie
E.3.02.02.02.001,Proventi da risarcimento danni a carico delle famiglie,Vedi voce di IV livello
E.3.02.02.99.000,Altre entrate derivanti dall'attività di controllo e repressione di irregolarità e illeciti delle famiglie n.a.c.,Altri proventi derivanti dall'attività di controllo e di repressione delle irregolarità e degli illeciti delle famiglie non altrimenti classificabili nelle precedenti voci
E.3.02.02.99.001,Altre entrate derivanti dall'attività di controllo e repressione di irregolarità e illeciti delle famiglie n.a.c.,Vedi voce di IV livello
E.3.02.03.00.000,Entrate da Imprese derivanti dall'attività di controllo e repressione delle irregolarità e degli illeciti,"Ammende, multe, sanzioni, oblazioni e proventi per risarcimento danni inflitte da autorità amministrative o organi giurisdizionali"
E.3.02.03.01.000,"Proventi da multe, ammende, sanzioni e oblazioni a carico delle imprese","Ammende, multe, sanzioni, oblazioni stabilite da autorità amministrative e inflitte alle imprese"
E.3.02.03.01.001,"Proventi da multe, ammende, sanzioni e oblazioni a carico delle imprese",Vedi voce di IV livello
E.3.02.03.02.000,Proventi da risarcimento danni a carico delle imprese,Proventi da risarcimento danni disposti da autorità amministrative o giurisdizionali a carico delle imprese
E.3.02.03.02.001,Proventi da risarcimento danni a carico delle imprese,Vedi voce di IV livello
E.3.02.03.99.000,Altre entrate derivanti dall'attività di controllo e repressione delle irregolarità e degli illeciti delle imprese n.a.c.,Altri proventi derivanti dall'attività di controllo e di repressione delle irregolarità e degli illeciti delle imprese non altrimenti classificabili nelle precedenti voci
E.3.02.03.99.001,Altre entrate derivanti dall'attività di controllo e repressione delle irregolarità e degli illeciti delle imprese n.a.c.,Vedi voce di IV livello
E.3.02.04.00.000,Entrate da Istituzioni Sociali Private derivanti dall'attività di controllo e repressione delle irregolarità e degli illeciti,"Ammende, multe, sanzioni, oblazioni e proventi per risarcimento danni inflitte da autorità amministrative o organi giurisdizionali"
E.3.02.04.01.000,"Proventi da multe, ammende, sanzioni e oblazioni a carico delle Istituzioni Sociali Private","Ammende, multe, sanzioni, oblazioni stabilite da autorità amministrative e inflitte alle istituzioni sociali private"
E.3.02.04.01.001,"Proventi da multe, ammende, sanzioni e oblazioni a carico delle Istituzioni Sociali Private",Vedi voce di IV livello
E.3.02.04.02.000,Proventi da risarcimento danni a carico delle Istituzioni Sociali Private,Proventi da risarcimento danni disposti da autorità amministrative o giurisdizionali a carico delle istituzioni sociali private
E.3.02.04.02.001,Proventi da risarcimento danni a carico delle Istituzioni Sociali Private,Vedi voce di IV livello
E.3.02.04.99.000,Altre entrate derivanti dall'attività di controllo e repressione delle irregolarità e degli illeciti delle Istituzioni Sociali Private n.a.c.,Altri proventi derivanti dall'attività di controllo e di repressione delle irregolarità e degli illeciti delle istituzioni sociali private non altrimenti classificabili nelle precedenti voci
E.3.02.04.99.001,Altre entrate derivanti dall'attività di controllo e repressione delle irregolarità e degli illeciti delle Istituzioni Sociali Private n.a.c.,Vedi voce di IV livello
E.3.03.00.00.000,Interessi attivi,"Gli interessi attivi sono i redditi percepiti dai proprietari di un’attività finanziaria quale contropartita per aver messo tale attività a disposizione di un altro soggetto. Essi comprendono gli interessi percepiti a valere sulle seguenti attività finanziarie:
 a) depositi;
 b) titoli di credito;
 c) prestiti;
 d) altri conti attivi.
 I redditi derivanti dalla detenzione e dalle assegnazioni di diritti speciali di prelievo (DSP) così come i redditi derivanti da conti in oro finanziario sono considerati interessi. Le attività finanziarie che danno origine a interessi sono crediti dei creditori nei confronti dei debitori. I creditori prestano denaro ai debitori, il che porta alla creazione di uno degli strumenti finanziari sopra elencati."
E.3.03.01.00.000,Interessi attivi da titoli o finanziamenti a breve termine,Reddito percepito per aver disposto in favore di un terzo l’utilizzo dei propri fondi nella forma di obbligazioni e di prestiti con scadenza uguale o inferiore all’anno
E.3.03.01.01.000,Interessi attivi da titoli obbligazionari a breve termine,Reddito percepito per aver disposto in favore di terzi l’utilizzo di propri fondi nella forma di obbligazioni con scadenza uguale o inferiore all’anno
E.3.03.01.01.001,Interessi attivi da titoli obbligazionari a breve termine emessi da Amministrazioni Centrali,Reddito percepito per aver disposto in favore di terzi l’utilizzo di propri fondi nella forma di obbligazioni emesse da Amministrazioni Centrali con scadenza uguale o inferiore all’anno
E.3.03.01.01.002,Interessi attivi da titoli obbligazionari a breve termine emessi da Amministrazioni locali,Reddito percepito per aver disposto in favore di terzi l’utilizzo di propri fondi nella forma di obbligazioni emesse da Amministrazioni locali con scadenza uguale o inferiore all’anno
E.3.03.01.01.003,Interessi attivi da titoli obbligazionari a breve termine emessi da altri soggetti residenti,"Reddito percepito per aver disposto in favore di terzi l’utilizzo di propri fondi nella forma di obbligazioni emesse da soggetti residenti con scadenza uguale o inferiore all’anno
 
 Si intende per soggetti residenti non già inclusi nelle Amministrazioni pubbliche quelli che hanno un centro di interesse economico nel territorio economico del paese. Tali soggetti, definiti soggetti residenti, possono avere o no la cittadinanza di questo paese, possono essere dotate o no di personalità giuridica e possono essere presenti o no nel territorio economico del paese nel momento in cui esse operano"
E.3.03.01.01.004,Interessi attivi da titoli obbligazionari a breve termine emessi da soggetti non residenti,Reddito percepito per aver disposto in favore di terzi l’utilizzo di propri fondi nella forma di obbligazioni emesse da soggetti non residenti con scadenza uguale o inferiore all’anno
E.3.03.01.02.000,Interessi attivi da finanziamenti a breve termine,Reddito percepito per aver disposto in favore di terzi l’utilizzo di propri fondi nella forma di prestiti con scadenza uguale o inferiore all’anno
E.3.03.01.02.001,Interessi attivi da finanziamenti a breve termine concessi a Amministrazioni Centrali,Reddito percepito per aver disposto l’utilizzo di propri fondi nella forma di prestiti con scadenza uguale o inferiore all’anno in favore di amministrazioni centrali
E.3.03.01.02.002,Interessi attivi da finanziamenti a breve termine concessi a Amministrazioni locali,Reddito percepito per aver disposto l’utilizzo di propri fondi nella forma di prestiti con scadenza uguale o inferiore all’anno in favore di amministrazioni locali
E.3.03.01.02.003,Interessi attivi da finanziamenti a breve termine concessi a Enti di previdenza,Reddito percepito per aver disposto l’utilizzo di propri fondi nella forma di prestiti con scadenza uguale o inferiore all’anno in favore di enti di previdenza
E.3.03.01.02.004,Interessi attivi da finanziamenti a breve termine concessi a imprese controllate,Reddito percepito per aver disposto l’utilizzo di propri fondi nella forma di prestiti con scadenza uguale o inferiore all’anno in favore di imprese controllate
E.3.03.01.02.005,Interessi attivi da finanziamenti a breve termine concessi a altre imprese partecipate,Reddito percepito per aver disposto l’utilizzo di propri fondi nella forma di prestiti con scadenza uguale o inferiore all’anno in favore di imprese partecipate
E.3.03.01.02.006,Interessi attivi da finanziamenti a breve termine concessi a altre imprese,Reddito percepito per aver disposto l’utilizzo di propri fondi nella forma di prestiti con scadenza uguale o inferiore all’anno in favore di altre imprese
E.3.03.01.02.999,Interessi attivi da finanziamenti a breve termine concessi a altri soggetti,Reddito percepito per aver disposto l’utilizzo di propri fondi nella forma di prestiti con scadenza uguale o inferiore all’anno in favore di altri soggetti
E.3.03.02.00.000,Interessi attivi da titoli o finanziamenti a medio - lungo termine,Reddito percepito per aver disposto l’utilizzo di propri fondi nella forma di obbligazioni o di prestiti con scadenza superiore all’anno
E.3.03.02.01.000,Interessi attivi da titoli obbligazionari a medio - lungo termine,Reddito percepito per aver disposto l’utilizzo di propri fondi nella forma di obbligazioni con scadenza superiore all’anno
E.3.03.02.01.001,Interessi attivi da titoli obbligazionari a medio - lungo termine emessi da Amministrazioni Centrali,Reddito percepito a seguito della disposizione da parte delle amministrazioni centrali dell’utilizzo di propri fondi nella forma di obbligazioni con scadenza superiore all’anno
E.3.03.02.01.002,Interessi attivi da titoli obbligazionari a medio - lungo termine emessi da Amministrazioni Locali,Reddito percepito a seguito della disposizione da parte delle amministrazioni locali dell’utilizzo di propri fondi nella forma di obbligazioni con scadenza superiore all’anno
E.3.03.02.01.003,Interessi attivi da titoli obbligazionari a medio - lungo termine emessi da altri soggetti residenti,"Reddito percepito a seguito della disposizione da parte di soggetti residenti dell’utilizzo di propri fondi nella forma di obbligazioni con scadenza superiore all’anno
 
 Si intende per soggetti residenti non già inclusi nelle Amministrazioni pubbliche quelli che hanno un centro di interesse economico nel territorio economico del paese. Tali soggetti, definiti soggetti residenti, possono avere o no la cittadinanza di questo paese, possono essere dotati o no di personalità giuridica e possono essere presenti o no nel territorio economico del paese nel momento in cui esse operano."
E.3.03.02.01.004,Interessi attivi da titoli obbligazionari a medio - lungo termine emessi da soggetti non residenti,Reddito percepito a seguito della disposizione da parte di soggetti non residenti dell’utilizzo di propri fondi nella forma di obbligazioni con scadenza superiore all’anno
E.3.03.02.02.000,Interessi attivi da mutui e altri finanziamenti a medio lungo termine,Reddito percepito per aver disposto in favore di terzi l’utilizzo di propri fondi nella forma di mutui e altri finanziamenti con scadenza superiore all’anno
E.3.03.02.02.001,Interessi attivi da finanziamenti a medio lungo termine concessi a Amministrazioni Centrali,Reddito percepito per aver disposto l’utilizzo di propri fondi nella forma di mutui e altri finanziamenti con scadenza superiore all’anno in favore di amministrazioni centrali
E.3.03.02.02.002,Interessi attivi da finanziamenti a medio lungo termine concessi a Amministrazioni Locali,Reddito percepito per aver disposto l’utilizzo di propri fondi nella forma di mutui e altri finanziamenti con scadenza superiore all’anno in favore di amministrazioni locali
E.3.03.02.02.003,Interessi attivi da finanziamenti a medio lungo termine concessi a Enti previdenziali,Reddito percepito per aver disposto l’utilizzo di propri fondi nella forma di mutui e altri finanziamenti con scadenza superiore all’anno in favore di enti previdenziali
E.3.03.02.02.004,Interessi attivi da finanziamenti a medio lungo termine concessi a imprese controllate,Reddito percepito per aver disposto l’utilizzo di propri fondi nella forma di mutui e altri finanziamenti con scadenza superiore all’anno in favore di imprese controllate
E.3.03.02.02.005,Interessi attivi da finanziamenti a medio lungo termine concessi a altre imprese partecipate,Reddito percepito per aver disposto l’utilizzo di propri fondi nella forma di mutui e altri finanziamenti con scadenza superiore all’anno in favore di imprese partecipate
E.3.03.02.02.006,Interessi attivi da finanziamenti a medio lungo termine concessi a altre imprese,Reddito percepito per aver disposto l’utilizzo di propri fondi nella forma di mutui e altri finanziamenti con scadenza superiore all’anno in favore di altre imprese
E.3.03.02.02.999,Interessi attivi da finanziamenti a medio lungo termine concessi a altri soggetti,Reddito percepito per aver disposto l’utilizzo di propri fondi nella forma di mutui e altri finanziamenti con scadenza superiore all’anno in favore di altri soggetti
E.3.03.03.00.000,Altri interessi attivi,Reddito percepito per aver disposto in favore di terzi l’utilizzo di propri fondi in altre forme
E.3.03.03.01.000,Interessi attivi da derivati,Reddito percepito a seguito dello scambio reciproco di pagamenti periodici previsti in un derivato di Interest Rate Swap o Cross Currency Swap (SWAP) e free forward rates agreement (FRA)
E.3.03.03.01.001,Flussi periodici netti in entrata,Entrate nette derivanti dallo scambio dei flussi previsti nel contratto di derivato.
E.3.03.03.01.002,Entrate per chiusura anticipata di operazioni in essere,Entrate derivanti dall'estinzione anticipata di un contratto di derivato per il quale si rileva un valore di mercato positivo all'atto dell'estinzione.
E.3.03.03.02.000,Interessi attivi di mora,Interessi maturati per ritardato o omesso pagamento di quanto dovuto da parte del debitore
E.3.03.03.02.001,Interessi attivi di mora da Amministrazioni Centrali,Interessi maturati per ritardato o omesso pagamento di quanto dovuto da parte del debitore amministrazione centrale
E.3.03.03.02.002,Interessi attivi di mora da Amministrazioni Locali,Interessi maturati per ritardato o omesso pagamento di quanto dovuto da parte del debitore amministrazione locale
E.3.03.03.02.003,Interessi attivi di mora da Enti previdenziali,Interessi maturati per ritardato o omesso pagamento di quanto dovuto da parte del debitore ente previdenziale
E.3.03.03.02.999,Interessi attivi di mora da altri soggetti,Interessi maturati per ritardato o omesso pagamento di quanto dovuto da parte di altri debitori
E.3.03.03.03.000,Interessi attivi da conti della tesoreria dello Stato o di altre Amministrazioni pubbliche,"Reddito maturato da conti della tesoreria dello Stato o di altre amministrazioni pubbliche che hanno istituito un sistema di tesoreria unica nel loro territorio, simile a quella dello Stato"
E.3.03.03.03.001,Interessi attivi da conti della tesoreria dello Stato o di altre Amministrazioni pubbliche,Vedi voce di IV livello
E.3.03.03.04.000,Interessi attivi da depositi bancari o postali,"Reddito percepito per aver disposto l'utilizzo dei propri fondi tramite accensione di depositi, vincolati e non, presso una banca o presso Poste italiane S.p.A."
E.3.03.03.04.001,Interessi attivi da depositi bancari o postali,Vedi voce di IV livello
E.3.03.03.99.000,Altri interessi attivi diversi,Interessi attivi non altrimenti classificabili nelle precedenti voci
E.3.03.03.99.001,Altri interessi attivi da Amministrazioni Centrali,Interessi attivi non altrimenti classificabili nelle precedenti voci riscossi da amministrazioni pubbliche centrali
E.3.03.03.99.002,Altri interessi attivi da Amministrazioni Locali,Interessi attivi non altrimenti classificabili nelle precedenti voci riscossi da amministrazioni pubbliche locali
E.3.03.03.99.003,Altri interessi attivi da Enti previdenziali,Interessi attivi non altrimenti classificabili nelle precedenti voci riscossi da enti di previdenza rientranti nel settore delle amministrazioni pubbliche
E.3.03.03.99.999,Altri interessi attivi da altri soggetti,"Interessi attivi non altrimenti classificabili nelle precedenti voci riscossi da imprese, famiglie, istituzioni sociali private, Unione europea e resto del mondo"
E.3.04.00.00.000,Altre entrate da redditi da capitale,
E.3.04.01.00.000,Rendimenti da fondi comuni di investimento,Entrata che l'amministrazione riceve dai fondi comuni di investimento sotto forma di rendimento. Sono pertanto escluse le entrate derivanti da disinvestimenti che rientrano tra le alienazioni di attività finanziarie.
E.3.04.01.01.000,Rendimenti da fondi immobiliari,"Rendimenti derivanti dai fondi comuni di investimento immobiliari.
 I fondi comuni di investimento immobiliari consentono di trasformare investimenti immobiliari in quote di attività finanziarie che consentono di generare liquidità senza che l’investitore debba acquisire direttamente un immobile."
E.3.04.01.01.001,Rendimenti da fondi immobiliari,Vedi voce di IV livello
E.3.04.01.02.000,Rendimenti da altri fondi comuni di investimento,Rendimenti derivanti da altri fondi comuni di investimento
E.3.04.01.02.999,Rendimenti da altri fondi comuni di investimento,Vedi voce di IV livello
E.3.04.02.00.000,Entrate derivanti dalla distribuzione di dividendi,"Entrata derivante dalla partecipazione all'utile delle società di cui l'amministrazione detiene una quota, anche totalitaria, del capitale sociale."
E.3.04.02.01.000,Entrate derivanti dalla distribuzione di dividendi da imprese incluse nelle Amministrazioni Centrali,"Entrata derivante dalla partecipazione all'utile di una impresa pubblica, inclusa dall'Istat nella Lista S13 delle amminstrazioni pubbliche nell'ambito delle amministrazioni centrali, della quale l'amministrazione detiene una quota, anche totalitaria, del capitale sociale."
E.3.04.02.01.001,Entrate derivanti dalla distribuzione di dividendi da imprese controllate incluse nelle Amministrazioni Centrali,"Entrata derivante dalla partecipazione all'utile di una impresa pubblica controllata, inclusa dall'Istat nella Lista S13 delle amminstrazioni pubbliche nell'ambito delle amministrazioni centrali, della quale l'amministrazione detiene una quota, anche totalitaria, del capitale sociale."
E.3.04.02.01.002,Entrate derivanti dalla distribuzione di dividendi da altre imprese partecipate incluse nelle Amministrazioni Centrali,"Entrata derivante dalla partecipazione all'utile di una impresa pubblica partecipata, inclusa dall'Istat nella Lista S13 delle amminstrazioni pubbliche nell'ambito delle amministrazioni centrali, della quale l'amministrazione detiene una quota, anche totalitaria, del capitale sociale."
E.3.04.02.01.003,Entrate derivanti dalla distribuzione di dividendi da altre imprese incluse nelle Amministrazioni Centrali,"Entrata derivante dalla partecipazione all'utile di una impresa pubblica non classificabile nelle precedenti voci, inclusa dall'Istat nella Lista S13 delle amminstrazioni pubbliche nell'ambito delle amministrazioni centrali, della quale l'amministrazione detiene una quota, anche totalitaria, del capitale sociale."
E.3.04.02.02.000,Entrate derivanti dalla distribuzione di dividendi da imprese incluse nelle Amministrazioni Locali,"Entrata derivante dalla partecipazione all'utile di una impresa pubblica, inclusa dall'Istat nella Lista S13 delle amminstrazioni pubbliche nell'ambito delle amministrazioni locali, della quale l'amministrazione detiene una quota, anche totalitaria, del capitale sociale."
E.3.04.02.02.001,Entrate derivanti dalla distribuzione di dividendi da imprese controllate incluse nelle Amministrazioni Locali,"Entrata derivante dalla partecipazione all'utile di una impresa pubblica controllata, inclusa dall'Istat nella Lista S13 delle amminstrazioni pubbliche nell'ambito delle amministrazioni locali, della quale l'amministrazione detiene una quota, anche totalitaria, del capitale sociale."
E.3.04.02.02.002,Entrate derivanti dalla distribuzione di dividendi da altre imprese partecipate incluse nelle Amministrazioni Locali,"Entrata derivante dalla partecipazione all'utile di una impresa pubblica partecipata, inclusa dall'Istat nella Lista S13 delle amminstrazioni pubbliche nell'ambito delle amministrazioni locali, della quale l'amministrazione detiene una quota, anche totalitaria, del capitale sociale."
E.3.04.02.02.003,Entrate derivanti dalla distribuzione di dividendi da altre imprese incluse nelle Amministrazioni Locali,"Entrata derivante dalla partecipazione all'utile di una impresa pubblica non classificabile nelle precedenti voci, inclusa dall'Istat nella Lista S13 delle amminstrazioni pubbliche nell'ambito delle amministrazioni locali, della quale l'amministrazione detiene una quota, anche totalitaria, del capitale sociale."
E.3.04.02.03.000,Entrate derivanti dalla distribuzione di dividendi da altre imprese,"Entrata derivante dalla partecipazione all'utile di una impresa della quale l'amministrazione detiene una quota, anche totalitaria, del capitale sociale."
E.3.04.02.03.001,Entrate derivanti dalla distribuzione di dividendi da imprese controllate non incluse in amministrazioni pubbliche,"Entrata derivante dalla partecipazione all'utile di una impresa controllata della quale l'amministrazione detiene una quota, anche totalitaria, del capitale sociale."
E.3.04.02.03.002,Entrate derivanti dalla distribuzione di dividendi da altre imprese partecipate non incluse in amministrazioni pubbliche,"Entrata derivante dalla partecipazione all'utile di una impresa partecipata della quale l'amministrazione detiene una quota, anche totalitaria, del capitale sociale."
E.3.04.02.03.999,Entrate derivanti dalla distribuzione di dividendi da altre imprese non incluse in amministrazioni pubbliche,"Entrata derivante dalla partecipazione all'utile di una impresa non altrimenti classificabile nelle precedenti voci della quale l'amministrazione detiene una quota, anche totalitaria, del capitale sociale."
E.3.04.03.00.000,Entrate derivanti dalla distribuzione di utili e avanzi,In questa voce si registra la partecipazione dell'amministrazione all'utile o all'avanzo di entità non costituite in forma societaria.
E.3.04.03.01.000,Entrate derivanti dalla distribuzione di utili e avanzi,Vedi voce di III livello
E.3.04.03.01.001,Entrate derivanti dalla distribuzione di utili e avanzi,Vedi voce di III livello
E.3.04.99.00.000,Altre entrate da redditi da capitale,In questa voce si registrano forme di reddito derivanti dalla detenzione di attivi finanziari diverse dagli interessi e dalle altre voci rientranti in questa categoria
E.3.04.99.01.000,Proventi finanziari derivanti dalla estinzione anticipata di prestiti,"In questa voce è registrato l'indennizzo, previsto contrattualmente a favore dell'ente, in caso di estinzione anticipata o di rinegoziazione e ristrutturazione di un prestito, pari alla differenza tra il valore attribuito al debito alla data del contratto di estinzione o rinegoziazione e il valore nominale del residuo debito."
E.3.04.99.01.001,Proventi finanziari derivanti dalla estinzione anticipata di prestiti,Vedi voce di IV livello
E.3.04.99.99.000,Altre entrate da redditi da capitale n.a.c.,Vedi voce di III livello
E.3.04.99.99.999,Altre entrate da redditi da capitale n.a.c.,Vedi voce di III livello
E.3.05.00.00.000,Rimborsi e altre entrate correnti,
E.3.05.01.00.000,Indennizzi di assicurazione,Somma di denaro corrisposta a titolo di indennizzo a titolo di riparazione del danno causato da un sinistro (controparte del premio assicurativo)
E.3.05.01.01.000,Indennizzi di assicurazione contro i danni,"Somma di denaro corrisposta a titolo di riparazione del danno causato a beni mobili, immobili ed altri beni in seguito ad un sinistro."
E.3.05.01.01.001,Indennizzi di assicurazione su beni immobili,Somma di denaro corrisposta a titolo di riparazione del danno causato a beni immobili in seguito ad un sinistro.
E.3.05.01.01.002,Indennizzi di assicurazione su beni mobili,Somma di denaro corrisposta a titolo di riparazione del danno causato a beni mobili in seguito ad un sinistro.
E.3.05.01.01.999,Altri indennizzi di assicurazione contro i danni,Somma di denaro corrisposta a titolo di riparazione del danno causato ad altri beni non altrimenti classificabili nelle precedenti voci in seguito ad un sinistro.
E.3.05.01.99.000,Altri indennizzi di assicurazione n.a.c.,Altri indennizzi di assicurazione n.a.c.
E.3.05.01.99.999,Altri indennizzi di assicurazione n.a.c.,Vedi voce di IV livello
E.3.05.02.00.000,Rimborsi in entrata,"Rimborsi ricevuti per spese di personale, a titolo di rimborsi di imposte nonché per recuperi e restituzioni di somme non dovute o incassate in eccesso"
E.3.05.02.01.000,"Rimborsi ricevuti per spese di personale (comando, distacco, fuori ruolo, convenzioni, ecc…)","Rimborsi ricevuti per spese di personale (comando, distacco, fuori ruolo, convenzioni, ecc…)"
E.3.05.02.01.001,"Rimborsi ricevuti per spese di personale (comando, distacco, fuori ruolo, convenzioni, ecc…)",Vedi voce di IV livello
E.3.05.02.02.000,Entrate per rimborsi di imposte,Entrate per rimborsi di imposte
E.3.05.02.02.001,Entrate per rimborsi di imposte indirette,Entrate per rimborsi di imposte indirette
E.3.05.02.02.002,Entrate da rimborsi di IVA a credito,Entrate da rimborsi di IVA a credito
E.3.05.02.02.003,Entrate da rimborsi di imposte dirette,Entrate da rimborsi di imposte dirette
E.3.05.02.03.000,"Entrate da rimborsi, recuperi e restituzioni di somme non dovute o incassate in eccesso","Entrate da rimborsi, recuperi e restituzioni di somme non dovute o incassate in eccesso"
E.3.05.02.03.001,"Entrate da rimborsi, recuperi e restituzioni di somme non dovute o incassate in eccesso da Amministrazioni Centrali","Entrate da rimborsi, recuperi e restituzioni di somme non dovute o incassate in eccesso da Amministrazioni Centrali"
E.3.05.02.03.002,"Entrate da rimborsi, recuperi e restituzioni di somme non dovute o incassate in eccesso da Amministrazioni Locali","Entrate da rimborsi, recuperi e restituzioni di somme non dovute o incassate in eccesso da Amministrazioni Locali"
E.3.05.02.03.003,"Entrate da rimborsi, recuperi e restituzioni di somme non dovute o incassate in eccesso da Enti Previdenziali","Entrate da rimborsi, recuperi e restituzioni di somme non dovute o incassate in eccesso da Enti Previdenziali"
E.3.05.02.03.004,"Entrate da rimborsi, recuperi e restituzioni di somme non dovute o incassate in eccesso da Famiglie","Entrate da rimborsi, recuperi e restituzioni di somme non dovute o incassate in eccesso da Famiglie"
E.3.05.02.03.005,"Entrate da rimborsi, recuperi e restituzioni di somme non dovute o incassate in eccesso da Imprese","Entrate da rimborsi, recuperi e restituzioni di somme non dovute o incassate in eccesso da Imprese"
E.3.05.02.03.006,"Entrate da rimborsi, recuperi e restituzioni di somme non dovute o incassate in eccesso da ISP","Entrate da rimborsi, recuperi e restituzioni di somme non dovute o incassate in eccesso da ISP"
E.3.05.02.03.007,Entrate derivanti dal divieto di cumulo,Entrate derivanti dal divieto di cumulo
E.3.05.02.03.008,"Entrate da rimborsi, recuperi e restituzioni di somme non dovute o incassate in eccesso dal Resto del mondo","Entrate da rimborsi, recuperi e restituzioni di somme non dovute o incassate in eccesso da ISP"
E.3.05.02.04.000,Incassi per azioni di rivalsa nei confronti di terzi,Incassi derivanti dall'esercizio della funzione di rivalsa
E.3.05.02.04.001,Incassi per azioni di regresso nei confronti di terzi,Incassi per azioni di regresso nei confronti di terzi
E.3.05.02.04.002,Incassi per azioni di surroga nei confronti di terzi,Incassi per azioni di surroga nei confronti di terzi
E.3.05.99.00.000,Altre entrate correnti n.a.c.,
E.3.05.99.02.000,Fondi incentivanti il personale (legge Merloni),"Entrate riguardanti i compensi erogati al personale concernenti la realizzazione di attività di progettazione finalizzate ad un investimento diretto, registrate sia tra gli investimenti diretti sia tra le spese di personale, come richiesto dalla legge Merloni. L'entrata in questione deve essere oggetto di regolazione contabile con gli incentivi di progettazione impegnati tra gli investimenti diretti, in modo da consentire l'effettivo pagamento della spesa sui capitoli del bilancio relativi alla spesa del personale."
E.3.05.99.02.001,Fondi incentivanti il personale (legge Merloni),Vedi voce di IV livello
E.3.05.99.03.000,Entrate per sterilizzazione Inversione contabile IVA (reverse charge),"Spese effettuate nell’ambito di attività commerciali soggette al meccanismo dell’inversione contabile.
 Le spese effettuate nell’ambito di attività commerciali soggette al reverse charge, sono registrate come segue:
 a. la spesa concernente l’acquisizione di beni o di servizi è impegnata per l’importo comprensivo di IVA;
 b. tra le entrate correnti si accerta un entrata di importo pari all’IVA derivante dall’operazione di inversione contabile, al capitolo codificato E.3.05.99.03.001 Entrate per sterilizzazione inversione contabile IVA (reverse charge);
 c. emette un ordine di pagamento a favore del fornitore per l’importo fatturato al lordo dell’IVA a valere dell’impegno di spesa di cui alla lettera a, con contestuale ritenuta per l’importo dell’IVA ;
 d. a fronte della ritenuta IVA indicata alla lettera a. si provvede all’emissione di una reversale in entrata di pari importo a valere dell’accertamento di cui alla lettera b;
 e. alle scadenze per la liquidazione dell’IVA, in considerazione delle risultanze delle scritture della contabilità economico patrimoniale e delle scritture richieste dalle norme fiscali, l’ente determina la propria posizione IVA e, se risulta un debito IVA, impegna la relativa spesa alla voce codificata U.1.10.03.01.000 “Versamenti IVA a debito per le gestioni commerciali”."
E.3.05.99.03.001,Entrate per sterilizzazione Inversione contabile IVA (reverse charge),Vedi voce di IV livello
E.3.05.99.99.000,Altre entrate correnti n.a.c.,Altre entrate correnti non altrimenti classificate nelle voce precedenti
E.3.05.99.99.999,Altre entrate correnti n.a.c.,Vedi voce di IV livello
E.4.00.00.00.000,Entrate in conto capitale,
E.4.01.00.00.000,Tributi in conto capitale,"Le imposte in conto capitale sono le imposte percepite a intervalli irregolari, e solo saltuariamente, sul valore delle attività o del patrimonio netto posseduti dalle unità istituzionali o sul valore dei beni trasferiti tra le unità istituzionali per effetto di lasciti, donazioni o altri trasferimenti"
E.4.01.01.00.000,Imposte da sanatorie e condoni,"Imposte percepite a intervalli irregolari, e solo saltuariamente a seguito di sanatorie e condoni"
E.4.01.01.01.000,Condoni edilizi e sanatoria opere edilizie abusive,"Imposte percepite a intervalli irregolari, e solo saltuariamente a seguito di sanatorie e condoni concessi su opere edilizie abusive"
E.4.01.01.01.001,Condoni edilizi e sanatoria opere edilizie abusive,Vedi voce di IV livello
E.4.01.01.99.000,Altre imposte in conto capitale relative a condoni e sanatorie n.a.c.,"Imposte percepite a intervalli irregolari, e solo saltuariamente a seguito di sanatorie e condoni diversi dai condoni e dalle sanatorie edilizie"
E.4.01.01.99.999,Altre imposte in conto capitale relative a condoni e sanatorie n.a.c.,Vedi voce di IV livello
E.4.01.02.00.000,Altre imposte in conto capitale,Altre imposte in conto capitale non altrimenti classificabili nelle precedenti rubriche di III livello
E.4.01.02.99.000,Altre imposte in conto capitale n.a.c.,Vedi voce di III livello
E.4.01.02.99.999,Altre imposte in conto capitale n.a.c.,Vedi voce di III livello
E.4.02.00.00.000,Contributi agli investimenti,"I contributi agli investimenti sono i trasferimenti in conto capitale, in denaro o in natura, concessi da altri soggetti allo scopo di finanziare in tutto o in parte le spese per le acquisizioni di capitale fisso (investimenti fissi lordi e acquisizioni di terreni) da parte dell'amministrazione.
 
 Per contributi agli investimenti in natura si intendono i trasferimenti di mezzi di trasporto, impianti o altri macchinari operati a favore dell'ente da parte di altri soggetti, nonché la messa a disposizione di unità residenti o non residenti di fabbricati o di altre opere.
 
 I contributi agli investimenti ad amministrazioni pubbliche comprendono tutti i versamenti effettuati ai sottosettori delle amministrazioni pubbliche allo scopo di finanziare operazioni di investimento. Il caso più importante è costituito dai trasferimenti effettuati dalle amministrazioni centrali a favore delle amministrazioni locali, aventi per oggetto specifico il finanziamento di investimenti fissi o i trasferimenti erogati all’interno dello stesso settore delle Amministrazioni locali tra i diversi livelli di governo del territorio sempre a titolo di finanziamento delle loro spese di investimento. Sono inclusi nei contributi agli investimenti sia i versamenti in una unica soluzione destinati a finanziare gli investimenti nello stesso periodo, sia i versamenti rateali relativi a investimenti realizzati nel corso di un periodo precedente.
 
 I contributi agli investimenti dal settore dellle imprese e da quello delle famiglie, comprendono i lasciti e le donazioni che non sono vincolati al finanziamento di spese correnti o ad altre destinazioni diverse dagli investimenti.
 
 Al V livello si dettagliano i trasferimenti correnti in entrata con separata evidenza dell'ente erogatore delle risorse.
 
 
 I contributi agli investimenti vanno registrati attenendosi alla ""regola del primo beneficiario"" in virtù della quale il contributo è classificato in considerazione del soggetto dal quale l'ente ha effettivamente ricevuto il trasferimento, ovvero l'ultimo soggetto erogatore, senza tenere conto del primo soggetto che ha trasferito le risorse o la finalità delle stesse."
E.4.02.01.00.000,Contributi agli investimenti da amministrazioni pubbliche,"I contributi agli investimenti ad amministrazioni pubbliche comprendono tutte le erogazioni, in denaro o in natura, concesse da altre amministrazioni pubbliche, in assenza di corrispettivo, allo scopo di finanziare operazioni di investimento. Il caso più importante è costituito dai trasferimenti effettuati dalle amministrazioni centrali a favore delle amministrazioni locali, aventi per oggetto specifico il finanziamento di investimenti fissi o i trasferimenti erogati all’interno dello stesso settore delle Amministrazioni locali tra i diversi livelli di governo del territorio sempre a titolo di finanziamento delle loro spese di investimento. 
 
 PER IL DETTAGLIO ANAGRAFICO DELLE CATEGORIE INCLUSE IN TALE RUBRICA SI RIMANDA ALL'APPENDICE AL GLOSSARIO."
E.4.02.01.01.000,Contributi agli investimenti da Amministrazioni Centrali,I contributi agli investimenti da amministrazioni centrali comprendono tutti i versamenti da queste effettuate allo scopo di finanziare operazioni di investimento.
E.4.02.01.01.001,Contributi agli investimenti da Ministeri,Contributi volti a finanziare spese di investimento da Ministeri
E.4.02.01.01.002,Contributi agli investimenti da Ministero dell'Istruzione - Istituzioni Scolastiche,Contributi volti a finanziare spese di investimento da Ministero dell'Istruzione - Istituzioni Scolastiche
E.4.02.01.01.014,Contributo agli investimenti da Ministeri - finanziamento degli investimenti sanitari ai sensi dell'articolo 20 della legge 67/1988,Contributi da Ministeri volti a finanziare spese di investimento nel settore sanitario ai sensi dell'articolo 20 della legge 67/1988
E.4.02.01.01.003,Contributi agli investimenti da Presidenza del Consiglio dei Ministri,Contributi volti a finanziare spese di investimento da Presidenza del Consiglio dei Ministri
E.4.02.01.01.004,Contributi agli investimenti da Organi Costituzionali e di rilievo costituzionale,Contributi volti a finanziare spese di investimento da Organi Costituzionali e di rilievo costituzionale
E.4.02.01.01.005,Contributi agli investimenti da Agenzie Fiscali,Contributi volti a finanziare spese di investimento da Agenzie Fiscali
E.4.02.01.01.006,Contributi agli investimenti da enti di regolazione dell'attività economica,Contributi volti a finanziare spese di investimento da enti di regolazione dell'attività economica
E.4.02.01.01.007,Contributi agli investimenti da Gruppo Equitalia,Contributi volti a finanziare spese di investimento da Gruppo Equitalia
E.4.02.01.01.008,Contributi agli investimenti da Anas S.p.A.,Contributi volti a finanziare spese di investimento da Anas S.p.A.
E.4.02.01.01.009,Contributi agli investimenti da altri enti centrali produttori di servizi economici,Contributi volti a finanziare spese di investimento da altri enti centrali produttori di servizi economici
E.4.02.01.01.010,Contributi agli investimenti da autorità amministrative indipendenti,Contributi volti a finanziare spese di investimento da autorità amministrative indipendenti
E.4.02.01.01.011,Contributi agli investimenti da enti centrali a struttura associativa,Contributi volti a finanziare spese di investimento da enti centrali a struttura associativa
E.4.02.01.01.012,"Contributi agli investimenti da enti centrali produttori di servizi assistenziali, ricreativi e culturali","Contributi volti a finanziare spese di investimento da enti centrali produttori di servizi assistenziali, ricreativi e culturali"
E.4.02.01.01.013,Contributi agli investimenti da enti e istituzioni centrali di ricerca e Istituti e stazioni sperimentali per la ricerca,Contributi volti a finanziare spese di investimento da enti e istituzioni centrali di ricerca e Istituti e stazioni sperimentali per la ricerca
E.4.02.01.01.999,Contributi agli investimenti da altre Amministrazioni Centrali n.a.c.,Contributi volti a finanziare spese di investimento da altre Amministrazioni Centrali n.a.c.
E.4.02.01.02.000,Contributi agli investimenti da Amministrazioni Locali,I contributi agli investimenti da amministrazioni locali comprendono tutti i versamenti da queste effettuate allo scopo di finanziare operazioni di investimento.
E.4.02.01.02.001,Contributi agli investimenti da Regioni e province autonome,Contributi volti a finanziare spese di investimento da Regioni e province autonome
E.4.02.01.02.002,Contributi agli investimenti da Province,Contributi volti a finanziare spese di investimento da Province
E.4.02.01.02.003,Contributi agli investimenti da Comuni,Contributi volti a finanziare spese di investimento da Comuni
E.4.02.01.02.004,Contributi agli investimenti da Città metropolitane e Roma capitale,Contributi volti a finanziare spese di investimento da Città metropolitane e Roma capitale
E.4.02.01.02.005,Contributi agli investimenti da Unioni di Comuni,Contributi volti a finanziare spese di investimento da Unioni di Comuni
E.4.02.01.02.006,Contributi agli investimenti da Comunità Montane,Contributi volti a finanziare spese di investimento da Comunità Montane
E.4.02.01.02.007,Contributi agli investimenti da Camere di Commercio,Contributi volti a finanziare spese di investimento da Camere di Commercio
E.4.02.01.02.008,Contributi agli investimenti da Università,"Contributi volti a finanziare spese di investimento da Università. Non comprende i contributi agli investimenti provenienti da università private, che devono essere classificati come contributi agli investimenti da imprese."
E.4.02.01.02.009,Contributi agli investimenti da Parchi nazionali e consorzi ed enti autonomi gestori di parchi e aree naturali protette,Contributi volti a finanziare spese di investimento da Parchi nazionali e consorzi ed enti autonomi gestori di parchi e aree naturali protette
E.4.02.01.02.010,Contributi agli investimenti da Autorità Portuali,Contributi volti a finanziare spese di investimento da Autorità Portuali
E.4.02.01.02.011,Contributi agli investimenti da Aziende sanitarie locali,Contributi volti a finanziare spese di investimento da Aziende sanitarie locali
E.4.02.01.02.012,Contributi agli investimenti da Aziende ospedaliere e Aziende ospedaliere universitarie integrate con il SSN,Contributi volti a finanziare spese di investimento da Aziende ospedaliere e Aziende ospedaliere universitarie integrate con il SSN
E.4.02.01.02.013,Contributi agli investimenti da Policlinici,Contributi volti a finanziare spese di investimento da Policlinici
E.4.02.01.02.014,Contributi agli investimenti da Istituti di ricovero e cura a carattere scientifico pubblici,Contributi volti a finanziare spese di investimento da Istituti di ricovero e cura a carattere scientifico pubblici
E.4.02.01.02.015,Contributi agli investimenti da altre Amministrazioni Locali produttrici di servizi sanitari,Contributi volti a finanziare spese di investimento da altre Amministrazioni Locali produttrici di servizi sanitari
E.4.02.01.02.016,Contributi agli investimenti da Agenzie regionali per le erogazioni in agricoltura,Contributi volti a finanziare spese di investimento da Agenzie regionali per le erogazioni in agricoltura
E.4.02.01.02.017,Contributi agli investimenti da altri enti e agenzie regionali e sub regionali,Contributi volti a finanziare spese di investimento da altri enti e agenzie regionali e sub regionali
E.4.02.01.02.018,Contributi agli investimenti da Consorzi di enti locali,Contributi volti a finanziare spese di investimento da Consorzi di enti locali
E.4.02.01.02.019,Contributi agli investimenti da Fondazioni e istituzioni liriche locali e da teatri stabili di iniziativa pubblica,Contributi volti a finanziare spese di investimento da Fondazioni e istituzioni liriche locali e da teatri stabili di iniziativa pubblica
E.4.02.01.02.999,Contributi agli investimenti da altre Amministrazioni Locali n.a.c.,Contributi volti a finanziare spese di investimento da altre Amministrazioni Locali n.a.c.
E.4.02.01.03.000,Contributi agli investimenti da Enti di Previdenza,I contributi agli investimenti dagli enti di previdenza comprendono tutti i versamenti da questi effettuati allo scopo di finanziare operazioni di investimento.
E.4.02.01.03.001,Contributi agli investimenti da INPS,Contributi volti a finanziare spese di investimento da INPS
E.4.02.01.03.002,Contributi agli investimenti da INAIL,Contributi volti a finanziare spese di investimento da INAIL
E.4.02.01.03.999,Contributi agli investimenti da altri Enti di Previdenza n.a.c.,Contributi volti a finanziare spese di investimento da altri Enti di Previdenza compresi nell'elenco delle amministrazioni pubbliche n.a.c.
E.4.02.01.04.000,Contributi agli investimenti interni da organismi interni e/o unità locali della amministrazione,Contributi agli investimenti interni da organismi interni e/o unità locali della amministrazione
E.4.02.01.04.001,Contributi agli investimenti interni da organismi interni e/o unità locali della amministrazione,Vedi voce di IV livello
E.4.02.02.00.000,Contributi agli investimenti da Famiglie,I contributi agli investimenti da famiglie comprendono tutti i versamenti da queste effettuate allo scopo di finanziare operazioni di investimento. Comprendono i lasciti e le donazioni non vincolate al finanziamento di spese correnti o ad altre destinazioni diverse dagli investimenti.
E.4.02.02.01.000,Contributi agli investimenti da Famiglie,Vedi voce di III livello
E.4.02.02.01.001,Contributi agli investimenti da Famiglie,Vedi voce di III livello
E.4.02.03.00.000,Contributi agli investimenti da Imprese,I contributi agli investimenti dalle imprese comprendono i contributi da queste concessi per finanziare spese di investimento in assenza di corrispettivo. Comprendono i lasciti e le donazioni non vincolati al finanziamento delle spese correnti o ad altre destinazioni diverse dagli investimenti.
E.4.02.03.01.000,Contributi agli investimenti da imprese controllate,I contributi agli investimenti dalle imprese controllate comprendono i contributi da queste concessi per finanziare spese di investimento.
E.4.02.03.01.001,Contributi agli investimenti da imprese controllate,Vedi voce di IV livello
E.4.02.03.02.000,Contributi agli investimenti da altre imprese partecipate,I contributi agli investimenti dalle imprese partecipate comprendono i contributi da queste concessi per finanziare spese di investimento.
E.4.02.03.02.001,Contributi agli investimenti da altre imprese partecipate,Vedi voce di IV livello
E.4.02.03.03.000,Contributi agli investimenti da altre Imprese,I contributi agli investimenti dalle altre imprese comprendono i contributi da queste concessi per finanziare spese di investimento.
E.4.02.03.03.999,Contributi agli investimenti da altre Imprese,Vedi voce di IV livello
E.4.02.04.00.000,Contributi agli investimenti da Istituzioni Sociali Private,"I contributi agli investimenti concessi dalle ISP sono relativi ai trasferimenti di risorse in assenza di corrispettivo, aventi per oggetto specifico il finanziamento di operazioni di investimento. Comprendono lasciti e donazioni non vincolati al finanziamento delle spese correnti o ad altre destinazioni diverse dagli investimenti."
E.4.02.04.01.000,Contributi agli investimenti da Istituzioni Sociali Private,Vedi voce di III livello
E.4.02.04.01.001,Contributi agli investimenti da Istituzioni Sociali Private,Vedi voce di III livello
E.4.02.05.00.000,Contributi agli investimenti dall'Unione Europea e dal Resto del Mondo,"I contributi agli investimenti concessi dal resto del mondo sono relativi ai trasferimenti aventi per oggetto specifico il finanziamento di operazioni di investimento. Essi concernono, per esempio, i versamenti a fondo perduto per la costruzione di ponti, strade, fabbriche, ospedali o scuole nei paesi in via di sviluppo o per la costruzione di fabbricati destinati alle organizzazioni internazionali.
 I contributi agli investimenti versati dal resto del mondo comprendono quelli erogati direttamente dalle istituzioni dell’Unione europea [ad esempio, i trasferimenti operati dal Fondo europeo agricolo di garanzia (FEAGA) e dal Fondo europeo agricolo per lo sviluppo rurale (FEASR)]."
E.4.02.05.01.000,Fondo europeo agricolo per lo sviluppo rurale (FEASR),Contributi agli investimenti operati dal Fondo europeo agricolo per lo sviluppo rurale (FEASR)
E.4.02.05.01.001,Fondo europeo agricolo per lo sviluppo rurale (FEASR),Vedi voce di IV livello
E.4.02.05.02.000,Fondo europeo per la pesca (FEP),Contributi agli investimenti operati dal Fondo europeo per la pesca (FEP)
E.4.02.05.02.001,Fondo europeo per la pesca (FEP),Vedi voce di IV livello
E.4.02.05.03.000,Fondo europeo di sviluppo regionale (FESR),Contributi agli investimenti operati dal Fondo europeo di sviluppo regionale (FESR)
E.4.02.05.03.001,Fondo europeo di sviluppo regionale (FESR),Vedi voce di IV livello
E.4.02.05.04.000,Fondo Sociale Europeo (FSE),Contributi agli investimenti operati dal Fondo Sociale Europeo (FSE)
E.4.02.05.04.001,Fondo Sociale Europeo (FSE),Vedi voce di IV livello
E.4.02.05.05.000,Fondo Europeo Agricolo di Orientamento e di Garanzia,Contributi agli investimenti operati dal Fondo Europeo Agricolo di Orientamento e di Garanzia
E.4.02.05.05.001,Fondo Europeo Agricolo di Orientamento e di Garanzia,Vedi voce di IV livello
E.4.02.05.06.000,Strumento finanziario di orientamento della pesca (SFOP),Contributi agli investimenti operati per messo dello Strumento finanziario di orientamento della pesca (SFOP)
E.4.02.05.06.001,Strumento finanziario di orientamento della pesca (SFOP),Vedi voce di IV livello
E.4.02.05.07.000,Contributi agli investimenti dal Resto del Mondo,Contributi agli investimenti dal Resto del Mondo
E.4.02.05.07.001,Contributi agli investimenti dal Resto del Mondo,Vedi voce di IV livello
E.4.02.05.99.000,Altri contributi agli investimenti dall'Unione Europea,Altri contributi agli investimenti dall'Unione Europea diversi dai contributi operati a valere sui precedenti fondi e strumenti
E.4.02.05.99.999,Altri contributi agli investimenti dall'Unione Europea,Vedi voce di IV livello
E.4.02.06.00.000,Contributi agli investimenti direttamente destinati al rimborso di prestiti da amministrazioni pubbliche,"Si è in presenza di un contributo agli investimenti direttamente destinato al rimborso di prestiti nei casi in cui un’amministrazione assume il debito contratto da un’altra amministrazione per la realizzazione di un nuovo investimento nel momento della sua accensione. 
 
 Se un'amministrazione assume il debito di un'altra amministrazione già in essere, l'operazione è classificata come trasferimenti in c/capitale per assunzione di debiti. Al riguardo, la legge n. 311/2004 distingue due casi: 
 1) l’amministrazione pubblica (A) che, in presenza del prestito attivato da un’altra amministrazione (B) per la realizzazione di investimenti, in base a quanto previsto nel contratto di finanziamento, provvede al pagamento delle rate direttamente all’Istituto finanziatore. In tale caso il debito “nasce” direttamente come debito dell’amministrazione (A) ed è contabilizzato come tale nel bilancio dell’amministrazione (A) che, contestualmente, registra la spesa per contributo agli investimenti (se il debito è assunto al momento della sua accensione) o trasferimento in c/capitale da assunsione di debiti (se il debito è già esistente) pari al netto ricavo del mutuo. L’amministrazione (B) registra l’entrata come “Contributo agli investimenti” o ""Trasferimento in c/capitale da assunsione di debiti"".
 2) l’amministrazione pubblica (A) eroga all’amministrazione (B) le risorse necessarie per la realizzazione di un investimento. Tuttavia, considerato che i tempi della realizzazione dell’opera non coincidono con quelli delle erogazioni dell’amministrazione (A), l’amministrazione (B) contrae un mutuo impegnandosi al pagamento delle rate direttamente all’Istituto finanziatore. In tal caso, non essendo attivato alcun legame formale tra le erogazioni dell’amministrazione (A) e il rimborso del mutuo, il debito è contabilizzato nel bilancio dell’amministrazione (B). Le risorse erogate annualmente dall’amministrazione (A) all’amministrazione (B) costituiscono contributo agli investimenti, anche se l’amministrazione (B) può destinarle alla copertura delle rate di ammortamento (quota interessi e quota capitale). Analogo trattamento si deve adottare, a maggior ragione, nei casi in cui la partecipazione dell’amministrazione (A) agli oneri derivanti dal mutuo sia parziale. Nel caso in cui la partecipazione dell’amministrazione (A) si configuri come un contributo al solo pagamento della quota interessi, tale spesa deve essere registrata come trasferimento corrente. Nel caso in cui il contributo copra entrambe le quote (capitale e interessi), laddove possibile, è necessario registrare separatamente le due componenti rispettivamente in conto capitale e in conto corrente. Laddove ciò non fosse possibile, si può registrare integralmente il contributo tra i contributi agli investimenti.
 
 PER IL DETTAGLIO ANAGRAFICO DELLE CATEGORIE INCLUSE IN TALE RUBRICA SI RIMANDA ALL'APPENDICE AL GLOSSARIO."
E.4.02.06.01.000,Contributi agli investimenti direttamente destinati al rimborso di prestiti da Amministrazioni Centrali,
E.4.02.06.01.001,Contributi agli investimenti direttamente destinati al rimborso di prestiti da Ministeri,"Contributi agli investimenti ricevuti da Ministeri quale assunzione, da parte di quest'ultimi, dei debiti contratti dall'amministrazione ricevente per la realizzazione di un nuovo investimento"
E.4.02.06.01.002,Contributi agli investimenti direttamente destinati al rimborso di prestiti da Ministero dell'Istruzione - Istituzioni Scolastiche,"Contributi agli investimenti ricevuti dal Ministero dell'Istruzione (contributi delle istituzioni scolastiche) quale assunzione, da parte di quest'ultimo, dei debiti contratti dall'amministrazione ricevente per la realizzazione di un nuovo investimento"
E.4.02.06.01.003,Contributi agli investimenti direttamente destinati al rimborso di prestiti da Presidenza del Consiglio dei Ministri,"Contributi agli investimenti ricevuti dalla Presidenza del Consiglio dei Ministri quale assunzione, da parte di quest'ultimo, dei debiti contratti dall'amministrazione ricevente per la realizzazione di un nuovo investimento"
E.4.02.06.01.004,Contributi agli investimenti direttamente destinati al rimborso di prestiti da Organi Costituzionali e di rilievo costituzionale,"Contributi agli investimenti ricevuti dagli Organi Costituzionali e di rilievo costituzionale quale assunzione, da parte di quest'ultimi, dei debiti contratti dall'amministrazione ricevente per la realizzazione di un nuovo investimento"
E.4.02.06.01.005,Contributi agli investimenti direttamente destinati al rimborso di prestiti da Agenzie Fiscali,"Contributi agli investimenti ricevuti dalle Agenzie Fiscali quale assunzione, da parte di quest'ultimi, dei debiti contratti dall'amministrazione ricevente per la realizzazione di un nuovo investimento"
E.4.02.06.01.006,Contributi agli investimenti direttamente destinati al rimborso di prestiti da enti di regolazione dell'attività economica,"Contributi agli investimenti ricevuti dagli enti di regolazione dell'attività economica quale assunzione, da parte di quest'ultimi, dei debiti contratti dall'amministrazione ricevente per la realizzazione di un nuovo investimento"
E.4.02.06.01.007,Contributi agli investimenti direttamente destinati al rimborso di prestiti da Gruppo Equitalia,"Contributi agli investimenti ricevuti da Equitalia S.p.a. quale assunzione, da parte di questi, dei debiti contratti dall'amministrazione ricevente per la realizzazione di un nuovo investimento"
E.4.02.06.01.008,Contributi agli investimenti direttamente destinati al rimborso di prestiti da Anas S.p.A.,"Contributi agli investimenti ricevuti da Anas S.p.A. quale assunzione, da parte di questi, dei debiti contratti dall'amministrazione ricevente per la realizzazione di un nuovo investimento"
E.4.02.06.01.009,Contributi agli investimenti direttamente destinati al rimborso di prestiti da altri enti centrali produttori di servizi economici,"Contributi agli investimenti ricevuti altri enti centrali produttori di servizi economici quale assunzione, da parte di quest'ultimi, dei debiti contratti dall'amministrazione ricevente per la realizzazione di un nuovo investimento"
E.4.02.06.01.010,Contributi agli investimenti direttamente destinati al rimborso di prestiti da autorità amministrative indipendenti,"Contributi agli investimenti ricevuti da autorità amministrative indipendenti quale assunzione, da parte di quest'ultimi, dei debiti contratti dall'amministrazione ricevente per la realizzazione di un nuovo investimento"
E.4.02.06.01.011,Contributi agli investimenti direttamente destinati al rimborso di prestiti da enti centrali a struttura associativa,"Contributi agli investimenti ricevuti da enti centrali a struttura associativa quale assunzione, da parte di quest'ultimi, dei debiti contratti dall'amministrazione ricevente per la realizzazione di un nuovo investimento"
E.4.02.06.01.012,"Contributi agli investimenti direttamente destinati al rimborso di prestiti da enti centrali produttori di servizi assistenziali, ricreativi e culturali","Contributi agli investimenti ricevuti da enti centrali produttori di servizi assistenziali, ricreativi e culturali quale assunzione, da parte di quest'ultimi, dei debiti contratti dall'amministrazione ricevente per la realizzazione di un nuovo investimento"
E.4.02.06.01.013,Contributi agli investimenti direttamente destinati al rimborso di prestiti da enti e istituzioni centrali di ricerca e Istituti e stazioni sperimentali per la ricerca,"Contributi agli investimenti ricevuti da enti e istituzioni centrali di ricerca e Istituti e stazioni sperimentali per la ricerca quale assunzione, da parte di quest'ultimi, dei debiti contratti dall'amministrazione ricevente per la realizzazione di un nuovo investimento"
E.4.02.06.01.999,Contributi agli investimenti direttamente destinati al rimborso di prestiti da altre Amministrazioni Centrali n.a.c.,"Contributi agli investimenti ricevuti da altre amministrazioni rientranti nel perimetro delle Amministrazioni centrali quale assunzione, da parte di quest'ultime, dei debiti contratti dall'amministrazione ricevente per la realizzazione di un nuovo investimento"
E.4.02.06.02.000,Contributi agli investimenti direttamente destinati al rimborso di prestiti da Amministrazioni Locali,
E.4.02.06.02.001,Contributi agli investimenti direttamente destinati al rimborso di prestiti da Regioni e province autonome,"Contributi agli investimenti ricevuti delle Regioni e province autonome quale assunzione, da parte di quest'ultime, dei debiti contratti dall'amministrazione ricevente per la realizzazione di un nuovo investimento"
E.4.02.06.02.002,Contributi agli investimenti direttamente destinati al rimborso di prestiti da Province,"Contributi agli investimenti ricevuti dalle Province quale assunzione, da parte di quest'ultime, dei debiti contratti dall'amministrazione ricevente per la realizzazione di un nuovo investimento"
E.4.02.06.02.003,Contributi agli investimenti direttamente destinati al rimborso di prestiti da Comuni,"Contributi agli investimenti ricevuti dai Comuni quale assunzione, da parte di quest'ultimi, dei debiti contratti dall'amministrazione ricevente per la realizzazione di un nuovo investimento"
E.4.02.06.02.004,Contributi agli investimenti direttamente destinati al rimborso di prestiti da Città metropolitane e Roma capitale,"Contributi agli investimenti ricevuti da Città metropolitane e Roma capitale quale assunzione, da parte di quest'ultime, dei debiti contratti dall'amministrazione ricevente per la realizzazione di un nuovo investimento"
E.4.02.06.02.005,Contributi agli investimenti direttamente destinati al rimborso di prestiti da Unioni di Comuni,"Contributi agli investimenti ricevuti dalle da Unioni di Comuni quale assunzione, da parte di quest'ultime, dei debiti contratti dall'amministrazione ricevente per la realizzazione di un nuovo investimento"
E.4.02.06.02.006,Contributi agli investimenti direttamente destinati al rimborso di prestiti da Comunità Montane,"Contributi agli investimenti ricevuti dalle Comunità Montane quale assunzione, da parte di queste ultime, dei debiti contratti dall'amministrazione ricevente per la realizzazione di un nuovo investimento"
E.4.02.06.02.007,Contributi agli investimenti direttamente destinati al rimborso di prestiti da Camere di Commercio,"Contributi agli investimenti ricevuti dalle Camere di Commercio quale assunzione, da parte di queste ultime, dei debiti contratti dall'amministrazione ricevente per la realizzazione di un nuovo investimento"
E.4.02.06.02.008,Contributi agli investimenti direttamente destinati al rimborso di prestiti da Università,"Contributi agli investimenti ricevuti dalle Università quale assunzione, da parte di queste ultime, dei debiti contratti dall'amministrazione ricevente per la realizzazione di un nuovo investimento"
E.4.02.06.02.009,Contributi agli investimenti direttamente destinati al rimborso di prestiti da Parchi nazionali e consorzi ed enti autonomi gestori di parchi e aree naturali protette,"Contributi agli investimenti ricevuti dai Parchi nazionali e consorzi ed enti autonomi gestori di parchi e aree naturali protettequale assunzione, da parte di questi ultimi, dei debiti contratti dall'amministrazione ricevente per la realizzazione di un nuovo investimento"
E.4.02.06.02.010,Contributi agli investimenti direttamente destinati al rimborso di prestiti da Autorità Portuali,"Contributi agli investimenti ricevuti dalle Autorità Portuali quale assunzione, da parte di queste ultime, dei debiti contratti dall'amministrazione ricevente per la realizzazione di un nuovo investimento"
E.4.02.06.02.011,Contributi agli investimenti direttamente destinati al rimborso di prestiti da Aziende sanitarie locali,"Contributi agli investimenti ricevuti dalle Aziende sanitarie locali quale assunzione, da parte di queste ultime, dei debiti contratti dall'amministrazione ricevente per la realizzazione di un nuovo investimento"
E.4.02.06.02.012,Contributi agli investimenti direttamente destinati al rimborso di prestiti da Aziende ospedaliere e Aziende ospedaliere universitarie integrate con il SSN,"Contributi agli investimenti ricevuti dalle Aziende ospedaliere e Aziende ospedaliere universitarie integrate con il SSN quale assunzione, da parte di queste ultime, dei debiti contratti dall'amministrazione ricevente per la realizzazione di un nuovo investimento"
E.4.02.06.02.013,Contributi agli investimenti direttamente destinati al rimborso di prestiti da Policlinici,"Contributi agli investimenti ricevuti dai Policlinici quale assunzione, da parte di queste ultime, dei debiti contratti dall'amministrazione ricevente per la realizzazione di un nuovo investimento"
E.4.02.06.02.014,Contributi agli investimenti direttamente destinati al rimborso di prestiti da Istituti di ricovero e cura a carattere scientifico pubblici,"Contributi agli investimenti ricevuti dagli Istituti di ricovero e cura a carattere scientifico pubblici quale assunzione, da parte di questi ultimi, dei debiti contratti dall'amministrazione ricevente per la realizzazione di un nuovo investimento"
E.4.02.06.02.015,Contributi agli investimenti direttamente destinati al rimborso di prestiti da altre Amministrazioni Locali produttrici di servizi sanitari,"Contributi agli investimenti ricevuti dalle altre Amministrazioni Locali produttrici di servizi sanitari quale assunzione, da parte di queste ultime, dei debiti contratti dall'amministrazione ricevente per la realizzazione di un nuovo investimento"
E.4.02.06.02.016,Contributi agli investimenti direttamente destinati al rimborso di prestiti da Agenzie regionali per le erogazioni in agricoltura,"Contributi agli investimenti ricevuti dalle Agenzie regionali per le erogazioni in agricoltura quale assunzione, da parte di queste ultime, dei debiti contratti dall'amministrazione ricevente per la realizzazione di un nuovo investimento"
E.4.02.06.02.017,Contributi agli investimenti direttamente destinati al rimborso di prestiti da altri enti e agenzie regionali e sub regionali,"Contributi agli investimenti ricevuti da altri enti e agenzie regionali e sub regionali quale assunzione, da parte di questi ultimi, dei debiti contratti dall'amministrazione ricevente per la realizzazione di un nuovo investimento"
E.4.02.06.02.018,Contributi agli investimenti direttamente destinati al rimborso di prestiti da Consorzi di enti locali,"Contributi agli investimenti ricevuti dai Consorzi di enti locali quale assunzione, da parte di queste ultime, dei debiti contratti dall'amministrazione ricevente per la realizzazione di un nuovo investimento"
E.4.02.06.02.019,Contributi agli investimenti direttamente destinati al rimborso di prestiti da Fondazioni e istituzioni liriche locali e da teatri stabili di iniziativa pubblica,"Contributi agli investimenti ricevuti dalle Fondazioni e istituzioni liriche locali e da teatri stabili di iniziativa pubblica quale assunzione, da parte di queste ultime, dei debiti contratti dall'amministrazione ricevente per la realizzazione di un nuovo investimento"
E.4.02.06.02.999,Contributi agli investimenti direttamente destinati al rimborso di prestiti da altre Amministrazioni Locali n.a.c.,"Contributi agli investimenti ricevuti dalle altre amministrazioni pubbliche locali quale assunzione, da parte di queste ultime, dei debiti contratti dall'amministrazione ricevente per la realizzazione di un nuovo investimento"
E.4.02.06.03.000,Contributi agli investimenti direttamente destinati al rimborso di prestiti da Enti di Previdenza,
E.4.02.06.03.001,Contributi agli investimenti direttamente destinati al rimborso di prestiti da INPS,"Contributi agli investimenti ricevuti da INPS quale assunzione, da parte di questi, dei debiti contratti dall'amministrazione ricevente per la realizzazione di un nuovo investimento"
E.4.02.06.03.002,Contributi agli investimenti direttamente destinati al rimborso di prestiti da INAIL,"Contributi agli investimenti ricevuti da INAIL quale assunzione, da parte di questi, dei debiti contratti dall'amministrazione ricevente per la realizzazione di un nuovo investimento"
E.4.02.06.03.999,Contributi agli investimenti direttamente destinati al rimborso di prestiti da altri Enti di Previdenza n.a.c.,"Contributi agli investimenti ricevuti da altri enti di previdenza rientranti nel perimetro delle amministrazioni pubbliche, quale assunzione, da parte di questi, dei debiti contratti dall'amministrazione ricevente per la realizzazione di un nuovo investimento"
E.4.02.06.04.000,Contributi agli investimenti direttamente destinati al rimborso di prestiti da organismi interni e/o unità locali della amministrazione,Contributi agli investimenti direttamente destinati al rimborso di prestiti da organismi interni e/o unità locali della amministrazione
E.4.02.06.04.001,Contributi agli investimenti direttamente destinati al rimborso di prestiti da organismi interni e/o unità locali della amministrazione,Vedi voce di IV livello
E.4.03.00.00.000,Altri trasferimenti in conto capitale,"Gli altri trasferimenti in conto capitale comprendono tutte le operazioni di trasferimento, ad eccezione dei contributi agli investimenti e dalle imposte in conto capitale, che operano una redistribuzione non già del reddito, bensì del risparmio o della ricchezza tra i diversi settori o sottosettori dell’economia o con il resto del mondo. Possono essere in denaro o in natura (assunzione o cancellazione di debiti) e corrispondono a trasferimenti volontari di ricchezza. 
 
 I trasferimenti in conto capitale includono i trasferimenti non già ricompresi nei contributi agli investimenti e relativi alle seguenti voci:
 - trasferimenti in conto capitale per assunzione di debiti, escluse le assunzioni di debiti contestuali alla formalizzazione del contratto di finanziamento, che devono essere classificati come ""Contributi agli investimenti direttamente destinati al finanziamento del debito""; 
 - trasferimenti in conto capitale per cancellazione di debiti;
 - trasferimenti in conto capitale per escussione di garanzie senza rivalsa;
 - trasferimenti in conto capitale per ripiano disavanzi pregressi;
 - altri trasferimenti in conto capitale non già ricompresi nelle precedenti voci tra i quali rientrano gli indennizzi corrisposti dalle amministrazioni pubbliche o dal resto del mondo ai proprietari di beni strumentali distrutti o danneggiati a seguito di eventi bellici, altri avvenimenti politici o calamità naturali (inondazioni, ecc.) e i lasciti nonchè le donazioni di importo considerevole (per gli enti territoriali i lasciti e le donazioni sono sempre contributi agli investimenti, a meno che non siano vincolati al finanziamento di spese correnti o altre specifiche destinazioni).
 
 Gli altri trasferimenti in conto capitale vanno registrati attenendosi alla ""regola del primo beneficiario"" in virtù della quale il trasferimento è classificato in considerazione del soggetto dal quale l'ente ha effettivamente ricevuto il trasferimento, ovvero l'ultimo soggetto erogatore, senza tenere conto del primo soggetto che ha trasferito le risorse o la finalità delle stesse."
E.4.03.01.00.000,Trasferimenti in conto capitale per assunzione di debiti dell'amministrazione da parte di amministrazioni pubbliche,"Trasferimenti in conto capitale per assunzione di debiti dell'amministrazione da parte di altre amministrazioni pubbliche.
 
 Per assunzione di debito si intende il subentro ad un altro soggetto nelle obbligazioni relative ad una passività finanziaria già in essere a carico di quest’ultimo (mutuo, finanziamento, obbligazione, ecc.). 
 All’assunzione di debito non corrispondono movimenti finanziari tra il debitore subentrante e quello originario ma solo la modifica della titolarità di determinati valori patrimoniali: il bilancio registra pertanto un’imputazione pari al valore del capitale residuo alla data dell’assunzione.
 Si contabilizza pertanto tra le entrate dell’amministrazione originariamente debitrice un trasferimento in conto capitale ricevuto dal soggetto subentrante che, per questa specifica voce del piano dei conti, è un’altra amministrazione pubblica. 
 
 PER IL DETTAGLIO ANAGRAFICO DELLE CATEGORIE INCLUSE IN TALE RUBRICA SI RIMANDA ALL'APPENDICE AL GLOSSARIO."
E.4.03.01.01.000,Trasferimenti in conto capitale per assunzione di debiti dell'amministrazione da parte di Amministrazioni Centrali,"Trasferimenti in conto capitale erogati dalle amministrazioni rientranti nel sottosettore delle amministrazioni pubbliche centrali per assunzione di debiti dell'amministrazione.
 
 Per assunzione di debito si intende il subentro ad un altro soggetto nelle obbligazioni relative ad una passività finanziaria già in essere a carico di quest’ultimo (mutuo, finanziamento, obbligazione, ecc.). 
 All’assunzione di debito non corrispondono movimenti finanziari tra il debitore subentrante e quello originario ma solo la modifica della titolarità di determinati valori patrimoniali: il bilancio registra pertanto un’imputazione pari al valore del capitale residuo alla data dell’assunzione.
 Si contabilizza pertanto tra le entrate dell’amministrazione originariamente debitrice un trasferimento in conto capitale ricevuto dal soggetto subentrante che, per questa specifica voce del piano dei conti, è un’altra amministrazione pubblica."
E.4.03.01.01.001,Trasferimenti in conto capitale per assunzione di debiti dell'amministrazione da parte di Ministeri,Trasferimenti in conto capitale per assunzione di debiti dell'amministrazione da parte di Ministeri. Per dettagli sul significato del trasferimento si rimanda alla relativa voce di IV livello
E.4.03.01.01.003,Trasferimenti in conto capitale per assunzione di debiti dell'amministrazione da parte di Presidenza del Consiglio dei Ministri,Trasferimenti in conto capitale per assunzione di debiti dell'amministrazione da parte di Presidenza del Consiglio dei Ministri. Per dettagli sul significato del trasferimento si rimanda alla relativa voce di IV livello
E.4.03.01.01.004,Trasferimenti in conto capitale per assunzione di debiti dell'amministrazione da parte di Organi Costituzionali e di rilievo costituzionale,Trasferimenti in conto capitale per assunzione di debiti dell'amministrazione da parte di Organi Costituzionali e di rilievo costituzionale. Per dettagli sul significato del trasferimento si rimanda alla relativa voce di IV livello
E.4.03.01.01.005,Trasferimenti in conto capitale per assunzione di debiti dell'amministrazione da parte di Agenzie Fiscali,Trasferimenti in conto capitale per assunzione di debiti dell'amministrazione da parte di Agenzie Fiscali. Per dettagli sul significato del trasferimento si rimanda alla relativa voce di IV livello
E.4.03.01.01.006,Trasferimenti in conto capitale per assunzione di debiti dell'amministrazione da parte di enti di regolazione dell'attività economica,Trasferimenti in conto capitale per assunzione di debiti dell'amministrazione da parte di enti di regolazione dell'attività economica. Per dettagli sul significato del trasferimento si rimanda alla relativa voce di IV livello
E.4.03.01.01.007,Trasferimenti in conto capitale per assunzione di debiti dell'amministrazione da parte di Gruppo Equitalia,Trasferimenti in conto capitale per assunzione di debiti dell'amministrazione da parte di Gruppo Equitalia. Per dettagli sul significato del trasferimento si rimanda alla relativa voce di IV livello
E.4.03.01.01.008,Trasferimenti in conto capitale per assunzione di debiti dell'amministrazione da parte di Anas S.p.A.,Trasferimenti in conto capitale per assunzione di debiti dell'amministrazione da parte di Anas S.p.A.. Per dettagli sul significato del trasferimento si rimanda alla relativa voce di IV livello
E.4.03.01.01.009,Trasferimenti in conto capitale per assunzione di debiti dell'amministrazione da parte di altri enti centrali produttori di servizi economici,Trasferimenti in conto capitale per assunzione di debiti dell'amministrazione da parte di altri enti centrali produttori di servizi economici. Per dettagli sul significato del trasferimento si rimanda alla relativa voce di IV livello
E.4.03.01.01.010,Trasferimenti in conto capitale per assunzione di debiti dell'amministrazione da parte di autorità amministrative indipendenti,Trasferimenti in conto capitale per assunzione di debiti dell'amministrazione da parte di autorità amministrative indipendenti. Per dettagli sul significato del trasferimento si rimanda alla relativa voce di IV livello
E.4.03.01.01.011,Trasferimenti in conto capitale per assunzione di debiti dell'amministrazione da parte di enti centrali a struttura associativa,Trasferimenti in conto capitale per assunzione di debiti dell'amministrazione da parte di enti centrali a struttura associativa. Per dettagli sul significato del trasferimento si rimanda alla relativa voce di IV livello
E.4.03.01.01.012,"Trasferimenti in conto capitale per assunzione di debiti dell'amministrazione da parte di enti centrali produttori di servizi assistenziali, ricreativi e culturali","Trasferimenti in conto capitale per assunzione di debiti dell'amministrazione da parte di enti centrali produttori di servizi assistenziali, ricreativi e culturali. Per dettagli sul significato del trasferimento si rimanda alla relativa voce di IV livello"
E.4.03.01.01.013,Trasferimenti in conto capitale per assunzione di debiti dell'amministrazione da parte di enti e istituzioni centrali di ricerca e Istituti e stazioni sperimentali per la ricerca,Trasferimenti in conto capitale per assunzione di debiti dell'amministrazione da parte di enti e istituzioni centrali di ricerca e Istituti e stazioni sperimentali per la ricerca. Per dettagli sul significato del trasferimento si rimanda alla relativa voce di IV livello
E.4.03.01.01.999,Trasferimenti in conto capitale per assunzione di debiti dell'amministrazione da parte di altre Amministrazioni Centrali n.a.c.,Trasferimenti in conto capitale per assunzione di debiti dell'amministrazione da parte di altre Amministrazioni Centrali n.a.c.. Per dettagli sul significato del trasferimento si rimanda alla relativa voce di IV livello
E.4.03.01.02.000,Trasferimenti in conto capitale per assunzione di debiti dell'amministrazione da parte di Amministrazioni Locali,"Trasferimenti in conto capitale erogati dalle amministrazioni rientranti nel sottosettore delle amministrazioni pubbliche locali per assunzione di debiti dell'amministrazione.
 
 Per assunzione di debito si intende il subentro ad un altro soggetto nelle obbligazioni relative ad una passività finanziaria già in essere a carico di quest’ultimo (mutuo, finanziamento, obbligazione, ecc.). 
 All’assunzione di debito non corrispondono movimenti finanziari tra il debitore subentrante e quello originario ma solo la modifica della titolarità di determinati valori patrimoniali: il bilancio registra pertanto un’imputazione pari al valore del capitale residuo alla data dell’assunzione.
 Si contabilizza pertanto tra le entrate dell’amministrazione originariamente debitrice un trasferimento in conto capitale ricevuto dal soggetto subentrante che, per questa specifica voce del piano dei conti, è un’altra amministrazione pubblica."
E.4.03.01.02.001,Trasferimenti in conto capitale per assunzione di debiti dell'amministrazione da parte di Regioni e province autonome,Trasferimenti in conto capitale per assunzione di debiti dell'amministrazione da parte di Regioni e province autonome. Per dettagli sul significato del trasferimento si rimanda alla relativa voce di IV livello
E.4.03.01.02.002,Trasferimenti in conto capitale per assunzione di debiti dell'amministrazione da parte di Province,Trasferimenti in conto capitale per assunzione di debiti dell'amministrazione da parte di Province. Per dettagli sul significato del trasferimento si rimanda alla relativa voce di IV livello
E.4.03.01.02.003,Trasferimenti in conto capitale per assunzione di debiti dell'amministrazione da parte di Comuni,Trasferimenti in conto capitale per assunzione di debiti dell'amministrazione da parte di Comuni. Per dettagli sul significato del trasferimento si rimanda alla relativa voce di IV livello
E.4.03.01.02.004,Trasferimenti in conto capitale per assunzione di debiti dell'amministrazione da parte di Città metropolitane e Roma capitale,Trasferimenti in conto capitale per assunzione di debiti dell'amministrazione da parte di Città metropolitane e Roma capitale. Per dettagli sul significato del trasferimento si rimanda alla relativa voce di IV livello
E.4.03.01.02.005,Trasferimenti in conto capitale per assunzione di debiti dell'amministrazione da parte di Unioni di Comuni,Trasferimenti in conto capitale per assunzione di debiti dell'amministrazione da parte di Unioni di Comuni. Per dettagli sul significato del trasferimento si rimanda alla relativa voce di IV livello
E.4.03.01.02.006,Trasferimenti in conto capitale per assunzione di debiti dell'amministrazione da parte di Comunità Montane,Trasferimenti in conto capitale per assunzione di debiti dell'amministrazione da parte di Comunità Montane. Per dettagli sul significato del trasferimento si rimanda alla relativa voce di IV livello
E.4.03.01.02.007,Trasferimenti in conto capitale per assunzione di debiti dell'amministrazione da parte di Camere di Commercio,Trasferimenti in conto capitale per assunzione di debiti dell'amministrazione da parte di Camere di Commercio. Per dettagli sul significato del trasferimento si rimanda alla relativa voce di IV livello
E.4.03.01.02.008,Trasferimenti in conto capitale per assunzione di debiti dell'amministrazione da parte di Università,Trasferimenti in conto capitale per assunzione di debiti dell'amministrazione da parte di Università. Per dettagli sul significato del trasferimento si rimanda alla relativa voce di IV livello
E.4.03.01.02.009,Trasferimenti in conto capitale per assunzione di debiti dell'amministrazione da parte di Parchi nazionali e consorzi ed enti autonomi gestori di parchi e aree naturali protette,Trasferimenti in conto capitale per assunzione di debiti dell'amministrazione da parte di Parchi nazionali e consorzi ed enti autonomi gestori di parchi e aree naturali protette. Per dettagli sul significato del trasferimento si rimanda alla relativa voce di IV livello
E.4.03.01.02.010,Trasferimenti in conto capitale per assunzione di debiti dell'amministrazione da parte di Autorità Portuali,Trasferimenti in conto capitale per assunzione di debiti dell'amministrazione da parte di Autorità Portuali. Per dettagli sul significato del trasferimento si rimanda alla relativa voce di IV livello
E.4.03.01.02.011,Trasferimenti in conto capitale per assunzione di debiti dell'amministrazione da parte di Aziende sanitarie locali,Trasferimenti in conto capitale per assunzione di debiti dell'amministrazione da parte di Aziende sanitarie locali . Per dettagli sul significato del trasferimento si rimanda alla relativa voce di IV livello
E.4.03.01.02.012,Trasferimenti in conto capitale per assunzione di debiti dell'amministrazione da parte di Aziende ospedaliere e Aziende ospedaliere universitarie integrate con il SSN,Trasferimenti in conto capitale per assunzione di debiti dell'amministrazione da parte di Aziende ospedaliere e Aziende ospedaliere universitarie integrate con il SSN. Per dettagli sul significato del trasferimento si rimanda alla relativa voce di IV livello
E.4.03.01.02.013,Trasferimenti in conto capitale per assunzione di debiti dell'amministrazione da parte di Policlinici,Trasferimenti in conto capitale per assunzione di debiti dell'amministrazione da parte di Policlinici. Per dettagli sul significato del trasferimento si rimanda alla relativa voce di IV livello
E.4.03.01.02.014,Trasferimenti in conto capitale per assunzione di debiti dell'amministrazione da parte di Istituti di ricovero e cura a carattere scientifico pubblici,Trasferimenti in conto capitale per assunzione di debiti dell'amministrazione da parte di Istituti di ricovero e cura a carattere scientifico pubblici. Per dettagli sul significato del trasferimento si rimanda alla relativa voce di IV livello
E.4.03.01.02.015,Trasferimenti in conto capitale per assunzione di debiti dell'amministrazione da parte di altre Amministrazioni Locali produttrici di servizi sanitari,Trasferimenti in conto capitale per assunzione di debiti dell'amministrazione da parte di altre Amministrazioni Locali produttrici di servizi sanitari. Per dettagli sul significato del trasferimento si rimanda alla relativa voce di IV livello
E.4.03.01.02.016,Trasferimenti in conto capitale per assunzione di debiti dell'amministrazione da parte di Agenzie regionali per le erogazioni in agricoltura,Trasferimenti in conto capitale per assunzione di debiti dell'amministrazione da parte di Agenzie regionali per le erogazioni in agricoltura. Per dettagli sul significato del trasferimento si rimanda alla relativa voce di IV livello
E.4.03.01.02.017,Trasferimenti in conto capitale per assunzione di debiti dell'amministrazione da parte di altri enti e agenzie regionali e sub regionali,Trasferimenti in conto capitale per assunzione di debiti dell'amministrazione da parte di altri enti e agenzie regionali e sub regionali. Per dettagli sul significato del trasferimento si rimanda alla relativa voce di IV livello
E.4.03.01.02.018,Trasferimenti in conto capitale per assunzione di debiti dell'amministrazione da parte di Consorzi di enti locali,Trasferimenti in conto capitale per assunzione di debiti dell'amministrazione da parte di Consorzi di enti locali. Per dettagli sul significato del trasferimento si rimanda alla relativa voce di IV livello
E.4.03.01.02.019,Trasferimenti in conto capitale per assunzione di debiti dell'amministrazione da parte di Fondazioni e istituzioni liriche locali e a Teatri stabili di iniziativa pubblica,Trasferimenti in conto capitale per assunzione di debiti dell'amministrazione da parte di Fondazioni e istituzioni liriche locali e a Teatri stabili di iniziativa pubblica. Per dettagli sul significato del trasferimento si rimanda alla relativa voce di IV livello
E.4.03.01.02.999,Trasferimenti in conto capitale per assunzione di debiti dell'amministrazione da parte di altre Amministrazioni Locali n.a.c.,Trasferimenti in conto capitale per assunzione di debiti dell'amministrazione da parte di altre Amministrazioni Locali n.a.c.. Per dettagli sul significato del trasferimento si rimanda alla relativa voce di IV livello
E.4.03.01.03.000,Trasferimenti in conto capitale per assunzione di debiti dell'amministrazione da parte di Enti di Previdenza,"Trasferimenti in conto capitale erogati dalle amministrazioni rientranti nel sottosettore degli enti di previdenza per assunzione di debiti dell'amministrazione.
 
 Per assunzione di debito si intende il subentro ad un altro soggetto nelle obbligazioni relative ad una passività finanziaria già in essere a carico di quest’ultimo (mutuo, finanziamento, obbligazione, ecc.). 
 All’assunzione di debito non corrispondono movimenti finanziari tra il debitore subentrante e quello originario ma solo la modifica della titolarità di determinati valori patrimoniali: il bilancio registra pertanto un’imputazione pari al valore del capitale residuo alla data dell’assunzione.
 Si contabilizza pertanto tra le entrate dell’amministrazione originariamente debitrice un trasferimento in conto capitale ricevuto dal soggetto subentrante che, per questa specifica voce del piano dei conti, è un’altra amministrazione pubblica."
E.4.03.01.03.001,Trasferimenti in conto capitale per assunzione di debiti dell'amministrazione da parte di INPS,Trasferimenti in conto capitale per assunzione di debiti dell'amministrazione da parte di INPS. Per dettagli sul significato del trasferimento si rimanda alla relativa voce di IV livello
E.4.03.01.03.002,Trasferimenti in conto capitale per assunzione di debiti dell'amministrazione da parte di INAIL,Trasferimenti in conto capitale per assunzione di debiti dell'amministrazione da parte di INAIL. Per dettagli sul significato del trasferimento si rimanda alla relativa voce di IV livello
E.4.03.01.03.999,Trasferimenti in conto capitale per assunzione di debiti dell'amministrazione da parte di altri Enti di Previdenza n.a.c.,Trasferimenti in conto capitale per assunzione di debiti dell'amministrazione da parte di altri Enti di Previdenza n.a.c.. Per dettagli sul significato del trasferimento si rimanda alla relativa voce di IV livello
E.4.03.01.04.000,Trasferimenti in conto capitale per assunzione di debiti dell'amministrazione da parte di organismi interni e/o unità locali della amministrazione,
E.4.03.01.04.001,Trasferimenti in conto capitale per assunzione di debiti dell'amministrazione da parte di organismi interni e/o unità locali della amministrazione,
E.4.03.02.00.000,Trasferimenti in conto capitale per assunzione di debiti dell'amministrazione da parte di Imprese,"Trasferimenti in conto capitale per assunzione di debiti dell'amministrazione da parte di imprese.
 
 Per assunzione di debito si intende il subentro ad un altro soggetto nelle obbligazioni relative ad una passività finanziaria già in essere a carico di quest’ultimo (mutuo, finanziamento, obbligazione, ecc.). 
 All’assunzione di debito non corrispondono movimenti finanziari tra il debitore subentrante e quello originario ma solo la modifica della titolarità di determinati valori patrimoniali: il bilancio registra pertanto un’imputazione pari al valore del capitale residuo alla data dell’assunzione.
 Si contabilizza pertanto tra le entrate dell’amministrazione originariamente debitrice un trasferimento in conto capitale ricevuto dal soggetto subentrante che, per questa specifica voce del piano dei conti, è un'impresa."
E.4.03.02.01.000,Trasferimenti in conto capitale per assunzione di debiti dell'amministrazione da parte di imprese controllate,"Trasferimenti in conto capitale per assunzione di debiti dell'amministrazione da parte di imprese controllate.
 Per dettagli sul significato del trasferimento si rimanda alla relativa voce di III livello"
E.4.03.02.01.001,Trasferimenti in conto capitale per assunzione di debiti dell'amministrazione da parte di imprese controllate,Vedi voce di IV livello
E.4.03.02.02.000,Trasferimenti in conto capitale per assunzione di debiti dell'amministrazione da parte di altre imprese partecipate,"Trasferimenti in conto capitale per assunzione di debiti dell'amministrazione da parte di imprese partecipate.
 Per dettagli sul significato del trasferimento si rimanda alla relativa voce di III livello"
E.4.03.02.02.001,Trasferimenti in conto capitale per assunzione di debiti dell'amministrazione da parte di altre imprese partecipate,Vedi voce di IV livello
E.4.03.02.99.000,Trasferimenti in conto capitale per assunzione di debiti dell'amministrazione da parte di altre Imprese,"Trasferimenti in conto capitale per assunzione di debiti dell'amministrazione da parte di altre imprese.
 Per dettagli sul significato del trasferimento si rimanda alla relativa voce di III livello"
E.4.03.02.99.999,Trasferimenti in conto capitale per assunzione di debiti dell'amministrazione da parte di altre Imprese,Vedi voce di IV livello
E.4.03.03.00.000,Trasferimenti in conto capitale per assunzione di debiti dell'amministrazione da parte dell'Unione Europea e del Resto del Mondo,"Trasferimenti in conto capitale per assunzione di debiti dell'amministrazione da parte dell'Unione Europea e del Resto del Mondo
 
 Per assunzione di debito si intende il subentro ad un altro soggetto nelle obbligazioni relative ad una passività finanziaria già in essere a carico di quest’ultimo (mutuo, finanziamento, obbligazione, ecc.). 
 All’assunzione di debito non corrispondono movimenti finanziari tra il debitore subentrante e quello originario ma solo la modifica della titolarità di determinati valori patrimoniali: il bilancio registra pertanto un’imputazione pari al valore del capitale residuo alla data dell’assunzione.
 Si contabilizza pertanto tra le entrate dell’amministrazione originariamente debitrice un trasferimento in conto capitale ricevuto dal soggetto subentrante che, per questa specifica voce del piano dei conti, è l'Unione Europea o un altro paese al di fuori di essa."
E.4.03.03.01.000,Trasferimenti in conto capitale per assunzione di debiti dell'amministrazione da parte dell'Unione Europea,"Trasferimenti in conto capitale per assunzione di debiti dell'amministrazione da parte dell'Unione Europea.
 Per dettagli sul significato del trasferimento si rimanda alla relativa voce di III livello"
E.4.03.03.01.001,Trasferimenti in conto capitale per assunzione di debiti dell'amministrazione da parte dell'Unione Europea,Vedi voce di IV livello
E.4.03.03.02.000,Trasferimenti in conto capitale per assunzione di debiti dell'amministrazione da parte del Resto del Mondo,"Trasferimenti in conto capitale per assunzione di debiti dell'amministrazione da parte del Resto del Mondo.
 Per dettagli sul significato del trasferimento si rimanda alla relativa voce di III livello"
E.4.03.03.02.001,Trasferimenti in conto capitale per assunzione di debiti dell'amministrazione da parte del Resto del Mondo,Vedi voce di IV livello
E.4.03.04.00.000,Trasferimenti in conto capitale da parte di amministrazioni pubbliche per cancellazione di debiti dell'amministrazione,"Trasferimenti in conto capitale da parte di amministrazioni pubbliche per cancellazione di debiti dell'amministrazione.
 
 Per cancellazione di debiti si intende la rinuncia da parte del creditore alle somme ancora dovute dal debitore, con riferimento ad un’attività finanziaria in essere (mutuo, finanziamento, obbligazione, ecc.)
 Alla cancellazione di debito non corrispondono movimenti finanziari tra creditore e debitore ma solo l’eliminazione di un valore patrimoniale: il bilancio registra pertanto un’imputazione pari al valore della quota capitale oggetto della cancellazione.
 Si registra pertanto tra le entrate dell’amministrazione debitrice un trasferimento in conto capitale dal soggetto creditore che, per questa specifica voce del piano dei conti, è un’altra amministrazione pubblica.
 
 PER IL DETTAGLIO ANAGRAFICO DELLE CATEGORIE INCLUSE IN TALE RUBRICA SI RIMANDA ALL'APPENDICE AL GLOSSARIO."
E.4.03.04.01.000,Trasferimenti in conto capitale da parte di Amministrazioni Centrali per cancellazione di debiti dell'amministrazione,"Trasferimenti in conto capitale da parte di amministrazioni pubbliche centrali per cancellazione di debiti dell'amministrazione.
 
 Per cancellazione di debiti si intende la rinuncia da parte del creditore alle somme ancora dovute dal debitore, con riferimento ad un’attività finanziaria in essere (mutuo, finanziamento, obbligazione, ecc.)
 Alla cancellazione di debito non corrispondono movimenti finanziari tra creditore e debitore ma solo l’eliminazione di un valore patrimoniale: il bilancio registra pertanto un’imputazione pari al valore della quota capitale oggetto della cancellazione.
 Si registra pertanto tra le entrate dell’amministrazione debitrice un trasferimento in conto capitale dal soggetto creditore che, per questa specifica voce del piano dei conti, è un’altra amministrazione pubblica."
E.4.03.04.01.001,Trasferimenti in conto capitale da parte di Ministeri per cancellazione di debiti dell'amministrazione,Trasferimenti in conto capitale da parte di Ministeri per cancellazione di debiti dell'amministrazione. Per dettagli sul significato del trasferimento si rimanda alla relativa voce di IV livello
E.4.03.04.01.003,Trasferimenti in conto capitale da parte di Presidenza del Consiglio dei Ministri per cancellazione di debiti dell'amministrazione,Trasferimenti in conto capitale da parte di Presidenza del Consiglio dei Ministri per cancellazione di debiti dell'amministrazione. Per dettagli sul significato del trasferimento si rimanda alla relativa voce di IV livello
E.4.03.04.01.004,Trasferimenti in conto capitale da parte di Organi Costituzionali e di rilievo costituzionale per cancellazione di debiti dell'amministrazione,Trasferimenti in conto capitale da parte di Organi Costituzionali e di rilievo costituzionale per cancellazione di debiti dell'amministrazione. Per dettagli sul significato del trasferimento si rimanda alla relativa voce di IV livello
E.4.03.04.01.005,Trasferimenti in conto capitale da parte di Agenzie Fiscali per cancellazione di debiti dell'amministrazione,Trasferimenti in conto capitale da parte di Agenzie Fiscali per cancellazione di debiti dell'amministrazione. Per dettagli sul significato del trasferimento si rimanda alla relativa voce di IV livello
E.4.03.04.01.006,Trasferimenti in conto capitale da parte di enti di regolazione dell'attività economica per cancellazione di debiti dell'amministrazione,Trasferimenti in conto capitale da parte di enti di regolazione dell'attività economica per cancellazione di debiti dell'amministrazione. Per dettagli sul significato del trasferimento si rimanda alla relativa voce di IV livello
E.4.03.04.01.007,Trasferimenti in conto capitale da parte di Gruppo Equitalia per cancellazione di debiti dell'amministrazione,Trasferimenti in conto capitale da parte di Gruppo Equitalia per cancellazione di debiti dell'amministrazione. Per dettagli sul significato del trasferimento si rimanda alla relativa voce di IV livello
E.4.03.04.01.008,Trasferimenti in conto capitale da parte di Anas S.p.A. per cancellazione di debiti dell'amministrazione,Trasferimenti in conto capitale da parte di Anas S.p.A. per cancellazione di debiti dell'amministrazione. Per dettagli sul significato del trasferimento si rimanda alla relativa voce di IV livello
E.4.03.04.01.009,Trasferimenti in conto capitale da parte di altri enti centrali produttori di servizi economici per cancellazione di debiti dell'amministrazione,Trasferimenti in conto capitale da parte di altri enti centrali produttori di servizi economici per cancellazione di debiti dell'amministrazione. Per dettagli sul significato del trasferimento si rimanda alla relativa voce di IV livello
E.4.03.04.01.010,Trasferimenti in conto capitale da parte di autorità amministrative indipendenti per cancellazione di debiti dell'amministrazione,Trasferimenti in conto capitale da parte di autorità amministrative indipendenti per cancellazione di debiti dell'amministrazione. Per dettagli sul significato del trasferimento si rimanda alla relativa voce di IV livello
E.4.03.04.01.011,Trasferimenti in conto capitale da parte di enti centrali a struttura associativa per cancellazione di debiti dell'amministrazione,Trasferimenti in conto capitale da parte di enti centrali a struttura associativa per cancellazione di debiti dell'amministrazione. Per dettagli sul significato del trasferimento si rimanda alla relativa voce di IV livello
E.4.03.04.01.012,"Trasferimenti in conto capitale da parte di enti centrali produttori di servizi assistenziali, ricreativi e culturali per cancellazione di debiti dell'amministrazione","Trasferimenti in conto capitale da parte di enti centrali produttori di servizi assistenziali, ricreativi e culturali per cancellazione di debiti dell'amministrazione. Per dettagli sul significato del trasferimento si rimanda alla relativa voce di IV livello"
E.4.03.04.01.013,Trasferimenti in conto capitale da parte di enti e istituzioni centrali di ricerca e Istituti e stazioni sperimentali per la ricerca per cancellazione di debiti dell'amministrazione,Trasferimenti in conto capitale da parte di enti e istituzioni centrali di ricerca e Istituti e stazioni sperimentali per la ricerca per cancellazione di debiti dell'amministrazione. Per dettagli sul significato del trasferimento si rimanda alla relativa voce di IV livello
E.4.03.04.01.999,Trasferimenti in conto capitale da parte di altre Amministrazioni Centrali n.a.c. per cancellazione di debiti dell'amministrazione,Trasferimenti in conto capitale da parte di altre Amministrazioni Centrali n.a.c. per cancellazione di debiti dell'amministrazione. Per dettagli sul significato del trasferimento si rimanda alla relativa voce di IV livello
E.4.03.04.02.000,Trasferimenti in conto capitale da parte di Amministrazioni Locali per cancellazione di debiti dell'amministrazione,"Trasferimenti in conto capitale da parte di amministrazioni pubbliche locali per cancellazione di debiti dell'amministrazione.
 
 Per cancellazione di debiti si intende la rinuncia da parte del creditore alle somme ancora dovute dal debitore, con riferimento ad un’attività finanziaria in essere (mutuo, finanziamento, obbligazione, ecc.)
 Alla cancellazione di debito non corrispondono movimenti finanziari tra creditore e debitore ma solo l’eliminazione di un valore patrimoniale: il bilancio registra pertanto un’imputazione pari al valore della quota capitale oggetto della cancellazione.
 Si registra pertanto tra le entrate dell’amministrazione debitrice un trasferimento in conto capitale dal soggetto creditore che, per questa specifica voce del piano dei conti, è un’altra amministrazione pubblica."
E.4.03.04.02.001,Trasferimenti in conto capitale da parte di Regioni e province autonome per cancellazione di debiti dell'amministrazione,Trasferimenti in conto capitale da parte di Regioni e province autonome per cancellazione di debiti dell'amministrazione. Per dettagli sul significato del trasferimento si rimanda alla relativa voce di IV livello
E.4.03.04.02.002,Trasferimenti in conto capitale da parte di Province per cancellazione di debiti dell'amministrazione,Trasferimenti in conto capitale da parte di Province per cancellazione di debiti dell'amministrazione. Per dettagli sul significato del trasferimento si rimanda alla relativa voce di IV livello
E.4.03.04.02.003,Trasferimenti in conto capitale da parte di Comuni per cancellazione di debiti dell'amministrazione,Trasferimenti in conto capitale da parte di Comuni per cancellazione di debiti dell'amministrazione. Per dettagli sul significato del trasferimento si rimanda alla relativa voce di IV livello
E.4.03.04.02.004,Trasferimenti in conto capitale da parte di Città metropolitane e Roma capitale per cancellazione di debiti dell'amministrazione,Trasferimenti in conto capitale da parte di Città metropolitane e Roma capitale per cancellazione di debiti dell'amministrazione. Per dettagli sul significato del trasferimento si rimanda alla relativa voce di IV livello
E.4.03.04.02.005,Trasferimenti in conto capitale da parte di Unioni di Comuni per cancellazione di debiti dell'amministrazione,Trasferimenti in conto capitale da parte di Unioni di Comuni per cancellazione di debiti dell'amministrazione. Per dettagli sul significato del trasferimento si rimanda alla relativa voce di IV livello
E.4.03.04.02.006,Trasferimenti in conto capitale da parte di Comunità Montane per cancellazione di debiti dell'amministrazione,Trasferimenti in conto capitale da parte di Comunità Montane per cancellazione di debiti dell'amministrazione. Per dettagli sul significato del trasferimento si rimanda alla relativa voce di IV livello
E.4.03.04.02.007,Trasferimenti in conto capitale da parte di Camere di Commercio per cancellazione di debiti dell'amministrazione,Trasferimenti in conto capitale da parte di Camere di Commercio per cancellazione di debiti dell'amministrazione. Per dettagli sul significato del trasferimento si rimanda alla relativa voce di IV livello
E.4.03.04.02.008,Trasferimenti in conto capitale da parte di Università per cancellazione di debiti dell'amministrazione,Trasferimenti in conto capitale da parte di Università per cancellazione di debiti dell'amministrazione. Per dettagli sul significato del trasferimento si rimanda alla relativa voce di IV livello
E.4.03.04.02.009,Trasferimenti in conto capitale da parte di Parchi nazionali e consorzi ed enti autonomi gestori di parchi e aree naturali protette per cancellazione di debiti dell'amministrazione,Trasferimenti in conto capitale da parte di Parchi nazionali e consorzi ed enti autonomi gestori di parchi e aree naturali protette per cancellazione di debiti dell'amministrazione. Per dettagli sul significato del trasferimento si rimanda alla relativa voce di IV livello
E.4.03.04.02.010,Trasferimenti in conto capitale da parte di Autorità Portuali per cancellazione di debiti dell'amministrazione,Trasferimenti in conto capitale da parte di Autorità Portuali per cancellazione di debiti dell'amministrazione. Per dettagli sul significato del trasferimento si rimanda alla relativa voce di IV livello
E.4.03.04.02.011,Trasferimenti in conto capitale da parte di Aziende sanitarie locali per cancellazione di debiti dell'amministrazione,Trasferimenti in conto capitale da parte di Aziende sanitarie locali per cancellazione di debiti dell'amministrazione. Per dettagli sul significato del trasferimento si rimanda alla relativa voce di IV livello
E.4.03.04.02.012,Trasferimenti in conto capitale da parte di Aziende ospedaliere e Aziende ospedaliere universitarie integrate con il SSN per cancellazione di debiti dell'amministrazione,Trasferimenti in conto capitale da parte di Aziende ospedaliere e Aziende ospedaliere universitarie integrate con il SSN per cancellazione di debiti dell'amministrazione. Per dettagli sul significato del trasferimento si rimanda alla relativa voce di IV livello
E.4.03.04.02.013,Trasferimenti in conto capitale da parte di Policlinici per cancellazione di debiti dell'amministrazione,Trasferimenti in conto capitale da parte di Policlinici per cancellazione di debiti dell'amministrazione. Per dettagli sul significato del trasferimento si rimanda alla relativa voce di IV livello
E.4.03.04.02.014,Trasferimenti in conto capitale da parte di Istituti di ricovero e cura a carattere scientifico pubblici per cancellazione di debiti dell'amministrazione,Trasferimenti in conto capitale da parte di Istituti di ricovero e cura a carattere scientifico pubblici per cancellazione di debiti dell'amministrazione. Per dettagli sul significato del trasferimento si rimanda alla relativa voce di IV livello
E.4.03.04.02.015,Trasferimenti in conto capitale da parte di altre Amministrazioni Locali produttrici di servizi sanitari per cancellazione di debiti dell'amministrazione,Trasferimenti in conto capitale da parte di altre Amministrazioni Locali produttrici di servizi sanitari per cancellazione di debiti dell'amministrazione. Per dettagli sul significato del trasferimento si rimanda alla relativa voce di IV livello
E.4.03.04.02.016,Trasferimenti in conto capitale da parte di Agenzie regionali per le erogazioni in agricoltura per cancellazione di debiti dell'amministrazione,Trasferimenti in conto capitale da parte di Agenzie regionali per le erogazioni in agricoltura per cancellazione di debiti dell'amministrazione. Per dettagli sul significato del trasferimento si rimanda alla relativa voce di IV livello
E.4.03.04.02.017,Trasferimenti in conto capitale da parte di altri enti e agenzie regionali e sub regionali per cancellazione di debiti dell'amministrazione,Trasferimenti in conto capitale da parte di altri enti e agenzie regionali e sub regionali per cancellazione di debiti dell'amministrazione. Per dettagli sul significato del trasferimento si rimanda alla relativa voce di IV livello
E.4.03.04.02.018,Trasferimenti in conto capitale da parte di Consorzi di enti locali per cancellazione di debiti dell'amministrazione,Trasferimenti in conto capitale da parte di Consorzi di enti locali per cancellazione di debiti dell'amministrazione. Per dettagli sul significato del trasferimento si rimanda alla relativa voce di IV livello
E.4.03.04.02.019,Trasferimenti in conto capitale da parte di Fondazioni e istituzioni liriche locali e a Teatri stabili di iniziativa pubblica per cancellazione di debiti dell'amministrazione,Trasferimenti in conto capitale da parte di Fondazioni e istituzioni liriche locali e a Teatri stabili di iniziativa pubblica per cancellazione di debiti dell'amministrazione. Per dettagli sul significato del trasferimento si rimanda alla relativa voce di IV livello
E.4.03.04.02.999,Trasferimenti in conto capitale da parte di altre Amministrazioni Locali n.a.c. per cancellazione di debiti dell'amministrazione,Trasferimenti in conto capitale da parte di altre Amministrazioni Locali n.a.c. per cancellazione di debiti dell'amministrazione. Per dettagli sul significato del trasferimento si rimanda alla relativa voce di IV livello
E.4.03.04.03.000,Trasferimenti in conto capitale da parte di Enti di Previdenza per cancellazione di debiti dell'amministrazione,"Trasferimenti in conto capitale da parte di enti di previdenza per cancellazione di debiti dell'amministrazione.
 
 Per cancellazione di debiti si intende la rinuncia da parte del creditore alle somme ancora dovute dal debitore, con riferimento ad un’attività finanziaria in essere (mutuo, finanziamento, obbligazione, ecc.)
 Alla cancellazione di debito non corrispondono movimenti finanziari tra creditore e debitore ma solo l’eliminazione di un valore patrimoniale: il bilancio registra pertanto un’imputazione pari al valore della quota capitale oggetto della cancellazione.
 Si registra pertanto tra le entrate dell’amministrazione debitrice un trasferimento in conto capitale dal soggetto creditore che, per questa specifica voce del piano dei conti, è un’altra amministrazione pubblica."
E.4.03.04.03.001,Trasferimenti in conto capitale da parte di INPS per cancellazione di debiti dell'amministrazione,Trasferimenti in conto capitale da parte di INPS per cancellazione di debiti dell'amministrazione. Per dettagli sul significato del trasferimento si rimanda alla relativa voce di IV livello
E.4.03.04.03.002,Trasferimenti in conto capitale da parte di INAIL per cancellazione di debiti dell'amministrazione,Trasferimenti in conto capitale da parte di INAIL per cancellazione di debiti dell'amministrazione. Per dettagli sul significato del trasferimento si rimanda alla relativa voce di IV livello
E.4.03.04.03.999,Trasferimenti in conto capitale da parte di altri Enti di Previdenza n.a.c. per cancellazione di debiti dell'amministrazione,Trasferimenti in conto capitale da parte di altri Enti di Previdenza n.a.c. per cancellazione di debiti dell'amministrazione. Per dettagli sul significato del trasferimento si rimanda alla relativa voce di IV livello
E.4.03.04.04.000,Trasferimenti in conto capitale da parte di organismi interni e/o unità locali della amministrazione per cancellazione di debiti dell'amministrazione,
E.4.03.04.04.001,Trasferimenti in conto capitale da parte di organismi interni e/o unità locali della amministrazione per cancellazione di debiti dell'amministrazione,
E.4.03.05.00.000,Trasferimenti in conto capitale da parte di Imprese per cancellazione di debiti dell'amministrazione,"Trasferimenti in conto capitale da parte di Imprese per cancellazione di debiti dell'amministrazione.
 
 Per cancellazione di debiti si intende la rinuncia da parte del creditore alle somme ancora dovute dal debitore, con riferimento ad un’attività finanziaria in essere (mutuo, finanziamento, obbligazione, ecc.)
 Alla cancellazione di debito non corrispondono movimenti finanziari tra creditore e debitore ma solo l’eliminazione di un valore patrimoniale: il bilancio registra pertanto un’imputazione pari al valore della quota capitale oggetto della cancellazione.
 Si registra pertanto tra le entrate dell’amministrazione debitrice un trasferimento in conto capitale dal soggetto creditore che, per questa specifica voce del piano dei conti, è un'impresa."
E.4.03.05.01.000,Trasferimenti in conto capitale da parte di imprese controllate per cancellazione di debiti dell'amministrazione,"Trasferimenti in conto capitale da parte di Imprese controllate per cancellazione di debiti dell'amministrazione.
 Per dettagli sul significato del trasferimento si rimanda alla relativa voce di III livello."
E.4.03.05.01.001,Trasferimenti in conto capitale da parte di imprese controllate per cancellazione di debiti dell'amministrazione,Vedi voce di IV livello
E.4.03.05.02.000,Trasferimenti in conto capitale da parte di altre imprese partecipate per cancellazione di debiti dell'amministrazione,"Trasferimenti in conto capitale da parte di Imprese partecipate per cancellazione di debiti dell'amministrazione.
 Per dettagli sul significato del trasferimento si rimanda alla relativa voce di III livello."
E.4.03.05.02.001,Trasferimenti in conto capitale da parte di altre imprese partecipate per cancellazione di debiti dell'amministrazione,Vedi voce di IV livello
E.4.03.05.99.000,Trasferimenti in conto capitale da parte di altre Imprese per cancellazione di debiti dell'amministrazione,"Trasferimenti in conto capitale da parte di altre imprese partecipate per cancellazione di debiti dell'amministrazione.
 Per dettagli sul significato del trasferimento si rimanda alla relativa voce di III livello."
E.4.03.05.99.999,Trasferimenti in conto capitale da parte di altre Imprese per cancellazione di debiti dell'amministrazione,Vedi voce di IV livello
E.4.03.06.00.000,Trasferimenti in conto capitale da parte dell'Unione Europea e Resto del Mondo per cancellazione di debiti dell'amministrazione,"Trasferimenti in conto capitale da parte dell'Unione Europea e Resto del Mondo per cancellazione di debiti dell'amministrazione.
 
 Per cancellazione di debiti si intende la rinuncia da parte del creditore alle somme ancora dovute dal debitore, con riferimento ad un’attività finanziaria in essere (mutuo, finanziamento, obbligazione, ecc.)
 Alla cancellazione di debito non corrispondono movimenti finanziari tra creditore e debitore ma solo l’eliminazione di un valore patrimoniale: il bilancio registra pertanto un’imputazione pari al valore della quota capitale oggetto della cancellazione.
 Si registra pertanto tra le entrate dell’amministrazione debitrice un trasferimento in conto capitale dal soggetto creditore che, per questa specifica voce del piano dei conti, è l'Unione Europea o un altro paese al di fuori di essa."
E.4.03.06.01.000,Trasferimenti in conto capitale da parte dell'Unione Europea per cancellazione di debiti dell'amministrazione,"Trasferimenti in conto capitale da parte dell'Unione Europea per cancellazione di debiti dell'amministrazione.
 Per dettagli sul significato del trasferimento si rimanda alla relativa voce di III livello."
E.4.03.06.01.001,Trasferimenti in conto capitale da parte dell'Unione Europea per cancellazione di debiti dell'amministrazione,Vedi voce di IV livello
E.4.03.06.02.000,Trasferimenti in conto capitale da parte del Resto del Mondo per cancellazione di debiti dell'amministrazione,"Trasferimenti in conto capitale da parte del Resto del Mondo per cancellazione di debiti dell'amministrazione.
 Per dettagli sul significato del trasferimento si rimanda alla relativa voce di III livello."
E.4.03.06.02.001,Trasferimenti in conto capitale da parte del Resto del Mondo per cancellazione di debiti dell'amministrazione,Vedi voce di IV livello
E.4.03.07.00.000,Trasferimenti in conto capitale per ripiano disavanzi pregressi da amministrazioni pubbliche,"Trasferimenti tra sottosettori delle amministrazioni pubbliche a copertura di spese eccezionali o di disavanzi accumulati.
 
 PER IL DETTAGLIO ANAGRAFICO DELLE CATEGORIE INCLUSE IN TALE RUBRICA SI RIMANDA ALL'APPENDICE AL GLOSSARIO."
E.4.03.07.01.000,Trasferimenti in conto capitale per ripiano disavanzi pregressi da Amministrazioni Centrali,Trasferimenti erogati da amministrazioni pubbliche centrali a titolo di copertura di spese eccezionali o di disavanzi accumulati dall'amministrazione.
E.4.03.07.01.001,Trasferimenti in conto capitale per ripiano disavanzi pregressi da Ministeri,Trasferimenti in conto capitale per ripiano disavanzi pregressi da Ministeri
E.4.03.07.01.003,Trasferimenti in conto capitale per ripiano disavanzi pregressi da Presidenza del Consiglio dei Ministri,Trasferimenti in conto capitale per ripiano disavanzi pregressi da Presidenza del Consiglio dei Ministri
E.4.03.07.01.004,Trasferimenti in conto capitale per ripiano disavanzi pregressi da Organi Costituzionali e di rilievo costituzionale,Trasferimenti in conto capitale per ripiano disavanzi pregressi da Organi Costituzionali e di rilievo costituzionale
E.4.03.07.01.005,Trasferimenti in conto capitale per ripiano disavanzi pregressi da Agenzie Fiscali,Trasferimenti in conto capitale per ripiano disavanzi pregressi da Agenzie Fiscali
E.4.03.07.01.006,Trasferimenti in conto capitale per ripiano disavanzi pregressi da enti di regolazione dell'attività economica,Trasferimenti in conto capitale per ripiano disavanzi pregressi da enti di regolazione dell'attività economica
E.4.03.07.01.007,Trasferimenti in conto capitale per ripiano disavanzi pregressi da Gruppo Equitalia,Trasferimenti in conto capitale per ripiano disavanzi pregressi da Gruppo Equitalia
E.4.03.07.01.008,Trasferimenti in conto capitale per ripiano disavanzi pregressi da Anas S.p.A.,Trasferimenti in conto capitale per ripiano disavanzi pregressi da Anas S.p.A.
E.4.03.07.01.009,Trasferimenti in conto capitale per ripiano disavanzi pregressi da altri enti centrali produttori di servizi economici,Trasferimenti in conto capitale per ripiano disavanzi pregressi da altri enti centrali produttori di servizi economici
E.4.03.07.01.010,Trasferimenti in conto capitale per ripiano disavanzi pregressi da autorità amministrative indipendenti,Trasferimenti in conto capitale per ripiano disavanzi pregressi da autorità amministrative indipendenti
E.4.03.07.01.011,Trasferimenti in conto capitale per ripiano disavanzi pregressi da enti centrali a struttura associativa,Trasferimenti in conto capitale per ripiano disavanzi pregressi da enti centrali a struttura associativa
E.4.03.07.01.012,"Trasferimenti in conto capitale per ripiano disavanzi pregressi da enti centrali produttori di servizi assistenziali, ricreativi e culturali","Trasferimenti in conto capitale per ripiano disavanzi pregressi da enti centrali produttori di servizi assistenziali, ricreativi e culturali"
E.4.03.07.01.013,Trasferimenti in conto capitale per ripiano disavanzi pregressi da enti e istituzioni centrali di ricerca e Istituti e stazioni sperimentali per la ricerca,Trasferimenti in conto capitale per ripiano disavanzi pregressi da enti e istituzioni centrali di ricerca e Istituti e stazioni sperimentali per la ricerca
E.4.03.07.01.999,Trasferimenti in conto capitale per ripiano disavanzi pregressi da altre Amministrazioni Centrali n.a.c.,Trasferimenti in conto capitale per ripiano disavanzi pregressi da altre Amministrazioni Centrali n.a.c.
E.4.03.07.02.000,Trasferimenti in conto capitale per ripiano disavanzi pregressi da Amministrazioni Locali,Trasferimenti erogati da amministrazioni locali a titolo di copertura di spese eccezionali o di disavanzi accumulati dall'amministrazione.
E.4.03.07.02.001,Trasferimenti in conto capitale per ripiano disavanzi pregressi da Regioni e province autonome,Trasferimenti in conto capitale per ripiano disavanzi pregressi da Regioni e province autonome
E.4.03.07.02.002,Trasferimenti in conto capitale per ripiano disavanzi pregressi da Province,Trasferimenti in conto capitale per ripiano disavanzi pregressi da Province
E.4.03.07.02.003,Trasferimenti in conto capitale per ripiano disavanzi pregressi da Comuni,Trasferimenti in conto capitale per ripiano disavanzi pregressi da Comuni
E.4.03.07.02.004,Trasferimenti in conto capitale per ripiano disavanzi pregressi da Città metropolitane e Roma capitale,Trasferimenti in conto capitale per ripiano disavanzi pregressi da Città metropolitane e Roma capitale
E.4.03.07.02.005,Trasferimenti in conto capitale per ripiano disavanzi pregressi da Unioni di Comuni,Trasferimenti in conto capitale per ripiano disavanzi pregressi da Unioni di Comuni
E.4.03.07.02.006,Trasferimenti in conto capitale per ripiano disavanzi pregressi da Comunità Montane,Trasferimenti in conto capitale per ripiano disavanzi pregressi da Comunità Montane
E.4.03.07.02.007,Trasferimenti in conto capitale per ripiano disavanzi pregressi da Camere di Commercio,Trasferimenti in conto capitale per ripiano disavanzi pregressi da Camere di Commercio
E.4.03.07.02.008,Trasferimenti in conto capitale per ripiano disavanzi pregressi da Università,Trasferimenti in conto capitale per ripiano disavanzi pregressi da Università
E.4.03.07.02.009,Trasferimenti in conto capitale per ripiano disavanzi pregressi da Parchi nazionali e consorzi ed enti autonomi gestori di parchi e aree naturali protette,Trasferimenti in conto capitale per ripiano disavanzi pregressi da Parchi nazionali e consorzi ed enti autonomi gestori di parchi e aree naturali protette
E.4.03.07.02.010,Trasferimenti in conto capitale per ripiano disavanzi pregressi da Autorità Portuali,Trasferimenti in conto capitale per ripiano disavanzi pregressi da Autorità Portuali
E.4.03.07.02.011,Trasferimenti in conto capitale per ripiano disavanzi pregressi da Aziende sanitarie locali,Trasferimenti in conto capitale per ripiano disavanzi pregressi da Aziende sanitarie locali
E.4.03.07.02.012,Trasferimenti in conto capitale per ripiano disavanzi pregressi da Aziende ospedaliere e Aziende ospedaliere universitarie integrate con il SSN,Trasferimenti in conto capitale per ripiano disavanzi pregressi da Aziende ospedaliere e Aziende ospedaliere universitarie integrate con il SSN
E.4.03.07.02.013,Trasferimenti in conto capitale per ripiano disavanzi pregressi da Policlinici,Trasferimenti in conto capitale per ripiano disavanzi pregressi da Policlinici
E.4.03.07.02.014,Trasferimenti in conto capitale per ripiano disavanzi pregressi da Istituti di ricovero e cura a carattere scientifico pubblici,Trasferimenti in conto capitale per ripiano disavanzi pregressi da Istituti di ricovero e cura a carattere scientifico pubblici
E.4.03.07.02.015,Trasferimenti in conto capitale per ripiano disavanzi pregressi da altre Amministrazioni Locali produttrici di servizi sanitari,Trasferimenti in conto capitale per ripiano disavanzi pregressi da altre Amministrazioni Locali produttrici di servizi sanitari
E.4.03.07.02.016,Trasferimenti in conto capitale per ripiano disavanzi pregressi da Agenzie regionali per le erogazioni in agricoltura,Trasferimenti in conto capitale per ripiano disavanzi pregressi da Agenzie regionali per le erogazioni in agricoltura
E.4.03.07.02.017,Trasferimenti in conto capitale per ripiano disavanzi pregressi da altri enti e agenzie regionali e sub regionali,Trasferimenti in conto capitale per ripiano disavanzi pregressi da altri enti e agenzie regionali e sub regionali
E.4.03.07.02.018,Trasferimenti in conto capitale per ripiano disavanzi pregressi da Consorzi di enti locali,Trasferimenti in conto capitale per ripiano disavanzi pregressi da Consorzi di enti locali
E.4.03.07.02.019,Trasferimenti in conto capitale per ripiano disavanzi pregressi da Fondazioni e istituzioni liriche locali e da teatri stabili di iniziativa pubblica,Trasferimenti in conto capitale per ripiano disavanzi pregressi da Fondazioni e istituzioni liriche locali e da teatri stabili di iniziativa pubblica
E.4.03.07.02.999,Trasferimenti in conto capitale per ripiano disavanzi pregressi da altre Amministrazioni Locali n.a.c.,Trasferimenti in conto capitale per ripiano disavanzi pregressi da altre Amministrazioni Locali n.a.c.
E.4.03.07.03.000,Trasferimenti in conto capitale per ripiano disavanzi pregressi da Enti di Previdenza,Trasferimenti erogati da enti di previdenza a titolo di copertura di spese eccezionali o di disavanzi accumulati dall'amministrazione.
E.4.03.07.03.001,Trasferimenti in conto capitale per ripiano disavanzi pregressi da INPS,Trasferimenti in conto capitale per ripiano disavanzi pregressi da INPS
E.4.03.07.03.002,Trasferimenti in conto capitale per ripiano disavanzi pregressi da INAIL,Trasferimenti in conto capitale per ripiano disavanzi pregressi da INAIL
E.4.03.07.03.999,Trasferimenti in conto capitale per ripiano disavanzi pregressi da altri Enti di Previdenza n.a.c.,Trasferimenti in conto capitale per ripiano disavanzi pregressi da altri Enti di Previdenza n.a.c.
E.4.03.07.04.000,Trasferimenti in conto capitale per ripiano disavanzi pregressi da organismi interni e/o unità locali della amministrazione,
E.4.03.07.04.001,Trasferimenti in conto capitale per ripiano disavanzi pregressi da organismi interni e/o unità locali della amministrazione,
E.4.03.08.00.000,Trasferimenti in conto capitale per ripiano disavanzi pregressi da Imprese,Trasferimenti erogati da imprese a titolo di copertura di spese eccezionali o di disavanzi accumulati dall'amministrazione.
E.4.03.08.01.000,Trasferimenti in conto capitale per ripiano disavanzi pregressi da imprese controllate,Trasferimenti erogati da imprese controllate a titolo di copertura di spese eccezionali o di disavanzi accumulati dall'amministrazione.
E.4.03.08.01.001,Trasferimenti in conto capitale per ripiano disavanzi pregressi da imprese controllate,Vedi voce di IV livello
E.4.03.08.02.000,Trasferimenti in conto capitale per ripiano disavanzi pregressi da altre imprese partecipate,Trasferimenti erogati da imprese partecipate a titolo di copertura di spese eccezionali o di disavanzi accumulati dall'amministrazione.
E.4.03.08.02.001,Trasferimenti in conto capitale per ripiano disavanzi pregressi da altre imprese partecipate,Vedi voce di IV livello
E.4.03.08.99.000,Trasferimenti in conto capitale per ripiano disavanzi pregressi da altre Imprese,Trasferimenti erogati da altre imprese a titolo di copertura di spese eccezionali o di disavanzi accumulati dall'amministrazione.
E.4.03.08.99.999,Trasferimenti in conto capitale per ripiano disavanzi pregressi da altre Imprese,Vedi voce di IV livello
E.4.03.09.00.000,Trasferimenti in conto capitale per ripiano disavanzi pregressi dall'Unione Europea e dal Resto del Mondo,Trasferimenti erogati dell'Unione Europea o dal Resto del Mondo a titolo di copertura di spese eccezionali o di disavanzi accumulati dall'amministrazione.
E.4.03.09.01.000,Trasferimenti in conto capitale per ripiano disavanzi pregressi dall'Unione Europea,Trasferimenti erogati dell'Unione Europea a titolo di copertura di spese eccezionali o di disavanzi accumulati dall'amministrazione.
E.4.03.09.01.001,Trasferimenti in conto capitale per ripiano disavanzi pregressi dall'Unione Europea,Vedi voce di IV livello
E.4.03.09.02.000,Trasferimenti in conto capitale per ripiano disavanzi pregressi dal Resto del Mondo,Trasferimenti erogati dal Resto del Mondo a titolo di copertura di spese eccezionali o di disavanzi accumulati dall'amministrazione.
E.4.03.09.02.001,Trasferimenti in conto capitale per ripiano disavanzi pregressi dal Resto del Mondo,Vedi voce di IV livello
E.4.03.10.00.000,Altri trasferimenti in conto capitale da amministrazioni pubbliche,"La voce contiene trasferimenti di natura non ricorrente diversi dai contributi agli investimenti e dai trasferimenti in conto capitale oggetto delle altre voci appartenenti a questa categoria.
  
 Rientrano in questa voce i risarcimenti e le compensazioni per danni subiti da beni capitali, i lasciti e le donazioni (per gli enti territoriali i lasciti e le donazioni sono contributi agli investimenti, se non sono vincolati al finanziamento di spese correnti o altre specifiche destinazioni).
 In questa voce rientrano le entrate dell’amministrazione derivanti da tali movimenti finanziari allorché il soggetto erogatore è un’altra amministrazione pubblica.
 
 PER IL DETTAGLIO ANAGRAFICO DELLE CATEGORIE INCLUSE IN TALE RUBRICA SI RIMANDA ALL'APPENDICE AL GLOSSARIO."
E.4.03.10.01.000,Altri trasferimenti in conto capitale da Amministrazioni Centrali,"La voce contiene trasferimenti di natura non ricorrente diversi dai contributi agli investimenti e dai trasferimenti in conto capitale oggetto delle altre voci appartenenti a questa categoria.
  
 Rientrano in questa voce i risarcimenti e le compensazioni per danni subiti da beni capitali, i lasciti e le donazioni (per gli enti territoriali i lasciti e le donazioni sono contributi agli investimenti, se non sono vincolati al finanziamento di spese correnti o altre specifiche destinazioni).
 In questa voce rientrano le entrate dell’amministrazione derivanti da tali movimenti finanziari allorché il soggetto erogatore è una amministrazione pubblica centrale"
E.4.03.10.01.001,Altri trasferimenti in conto capitale da Ministeri,Altri trasferimenti in conto capitale da Ministeri. Per ulteriori dettagli sul trasferimento si rimanda alla relativa voce di IV livello
E.4.03.10.01.003,Altri trasferimenti in conto capitale da Presidenza del Consiglio dei Ministri,Altri trasferimenti in conto capitale da Presidenza del Consiglio dei Ministri. Per ulteriori dettagli sul trasferimento si rimanda alla relativa voce di IV livello
E.4.03.10.01.004,Altri trasferimenti in conto capitale da Organi Costituzionali e di rilievo costituzionale,Altri trasferimenti in conto capitale da Organi Costituzionali e di rilievo costituzionale. Per ulteriori dettagli sul trasferimento si rimanda alla relativa voce di IV livello
E.4.03.10.01.005,Altri trasferimenti in conto capitale da Agenzie Fiscali,Altri trasferimenti in conto capitale da Agenzie Fiscali. Per ulteriori dettagli sul trasferimento si rimanda alla relativa voce di IV livello
E.4.03.10.01.006,Altri trasferimenti in conto capitale da enti di regolazione dell'attività economica,Altri trasferimenti in conto capitale da enti di regolazione dell'attività economica. Per ulteriori dettagli sul trasferimento si rimanda alla relativa voce di IV livello
E.4.03.10.01.007,Altri trasferimenti in conto capitale da Gruppo Equitalia,Altri trasferimenti in conto capitale da Gruppo Equitalia. Per ulteriori dettagli sul trasferimento si rimanda alla relativa voce di IV livello
E.4.03.10.01.008,Altri trasferimenti in conto capitale da Anas S.p.A.,Altri trasferimenti in conto capitale da Anas S.p.A.. Per ulteriori dettagli sul trasferimento si rimanda alla relativa voce di IV livello
E.4.03.10.01.009,Altri trasferimenti in conto capitale da altri enti centrali produttori di servizi economici,Altri trasferimenti in conto capitale da altri enti centrali produttori di servizi economici. Per ulteriori dettagli sul trasferimento si rimanda alla relativa voce di IV livello
E.4.03.10.01.010,Altri trasferimenti in conto capitale da autorità amministrative indipendenti,Altri trasferimenti in conto capitale da autorità amministrative indipendenti. Per ulteriori dettagli sul trasferimento si rimanda alla relativa voce di IV livello
E.4.03.10.01.011,Altri trasferimenti in conto capitale da enti centrali a struttura associativa,Altri trasferimenti in conto capitale da enti centrali a struttura associativa. Per ulteriori dettagli sul trasferimento si rimanda alla relativa voce di IV livello
E.4.03.10.01.012,"Altri trasferimenti in conto capitale da enti centrali produttori di servizi assistenziali, ricreativi e culturali","Altri trasferimenti in conto capitale da enti centrali produttori di servizi assistenziali, ricreativi e culturali. Per ulteriori dettagli sul trasferimento si rimanda alla relativa voce di IV livello"
E.4.03.10.01.013,Altri trasferimenti in conto capitale da enti e istituzioni centrali di ricerca e Istituti e stazioni sperimentali per la ricerca,Altri trasferimenti in conto capitale da enti e istituzioni centrali di ricerca e Istituti e stazioni sperimentali per la ricerca. Per ulteriori dettagli sul trasferimento si rimanda alla relativa voce di IV livello
E.4.03.10.01.999,Altri trasferimenti in conto capitale da altre Amministrazioni Centrali n.a.c.,Altri trasferimenti in conto capitale da altre Amministrazioni Centrali n.a.c.. Per ulteriori dettagli sul trasferimento si rimanda alla relativa voce di IV livello
E.4.03.10.02.000,Altri trasferimenti in conto capitale da Amministrazioni Locali,"La voce contiene trasferimenti di natura non ricorrente diversi dai contributi agli investimenti e dai trasferimenti in conto capitale oggetto delle altre voci appartenenti a questa categoria.
  
 Rientrano in questa voce i risarcimenti e le compensazioni per danni subiti da beni capitali, i lasciti e le donazioni (per gli enti territoriali i lasciti e le donazioni sono contributi agli investimenti, se non sono vincolati al finanziamento di spese correnti o altre specifiche destinazioni).
 In questa voce rientrano le entrate dell’amministrazione derivanti da tali movimenti finanziari allorché il soggetto erogatore è una amministrazione pubblica locale."
E.4.03.10.02.001,Altri trasferimenti in conto capitale da Regioni e province autonome,Altri trasferimenti in conto capitale da Regioni e province autonome. Per ulteriori dettagli sul trasferimento si rimanda alla relativa voce di IV livello
E.4.03.10.02.002,Altri trasferimenti in conto capitale da Province,Altri trasferimenti in conto capitale da Province. Per ulteriori dettagli sul trasferimento si rimanda alla relativa voce di IV livello
E.4.03.10.02.003,Altri trasferimenti in conto capitale da Comuni,Altri trasferimenti in conto capitale da Comuni. Per ulteriori dettagli sul trasferimento si rimanda alla relativa voce di IV livello
E.4.03.10.02.004,Altri trasferimenti in conto capitale da Città metropolitane e Roma capitale,Altri trasferimenti in conto capitale da Città metropolitane e Roma capitale. Per ulteriori dettagli sul trasferimento si rimanda alla relativa voce di IV livello
E.4.03.10.02.005,Altri trasferimenti in conto capitale da Unioni di Comuni,Altri trasferimenti in conto capitale da Unioni di Comuni. Per ulteriori dettagli sul trasferimento si rimanda alla relativa voce di IV livello
E.4.03.10.02.006,Altri trasferimenti in conto capitale da Comunità Montane,Altri trasferimenti in conto capitale da Comunità Montane. Per ulteriori dettagli sul trasferimento si rimanda alla relativa voce di IV livello
E.4.03.10.02.007,Altri trasferimenti in conto capitale da Camere di Commercio,Altri trasferimenti in conto capitale da Camere di Commercio. Per ulteriori dettagli sul trasferimento si rimanda alla relativa voce di IV livello
E.4.03.10.02.008,Altri trasferimenti in conto capitale da Università,Altri trasferimenti in conto capitale da Università. Per ulteriori dettagli sul trasferimento si rimanda alla relativa voce di IV livello
E.4.03.10.02.009,Altri trasferimenti in conto capitale da Parchi nazionali e consorzi ed enti autonomi gestori di parchi e aree naturali protette,Altri trasferimenti in conto capitale da Parchi nazionali e consorzi ed enti autonomi gestori di parchi e aree naturali protette. Per ulteriori dettagli sul trasferimento si rimanda alla relativa voce di IV livello
E.4.03.10.02.010,Altri trasferimenti in conto capitale da Autorità Portuali,Altri trasferimenti in conto capitale da Autorità Portuali. Per ulteriori dettagli sul trasferimento si rimanda alla relativa voce di IV livello
E.4.03.10.02.011,Altri trasferimenti in conto capitale da Aziende sanitarie locali,Altri trasferimenti in conto capitale da Aziende sanitarie locali . Per ulteriori dettagli sul trasferimento si rimanda alla relativa voce di IV livello
E.4.03.10.02.012,Altri trasferimenti in conto capitale da Aziende ospedaliere e Aziende ospedaliere universitarie integrate con il SSN,Altri trasferimenti in conto capitale da Aziende ospedaliere e Aziende ospedaliere universitarie integrate con il SSN. Per ulteriori dettagli sul trasferimento si rimanda alla relativa voce di IV livello
E.4.03.10.02.013,Altri trasferimenti in conto capitale da Policlinici,Altri trasferimenti in conto capitale da Policlinici. Per ulteriori dettagli sul trasferimento si rimanda alla relativa voce di IV livello
E.4.03.10.02.014,Altri trasferimenti in conto capitale da Istituti di ricovero e cura a carattere scientifico pubblici,Altri trasferimenti in conto capitale da Istituti di ricovero e cura a carattere scientifico pubblici. Per ulteriori dettagli sul trasferimento si rimanda alla relativa voce di IV livello
E.4.03.10.02.015,Altri trasferimenti in conto capitale da altre Amministrazioni Locali produttrici di servizi sanitari,Altri trasferimenti in conto capitale da altre Amministrazioni Locali produttrici di servizi sanitari. Per ulteriori dettagli sul trasferimento si rimanda alla relativa voce di IV livello
E.4.03.10.02.016,Altri trasferimenti in conto capitale da Agenzie regionali per le erogazioni in agricoltura,Altri trasferimenti in conto capitale da Agenzie regionali per le erogazioni in agricoltura. Per ulteriori dettagli sul trasferimento si rimanda alla relativa voce di IV livello
E.4.03.10.02.017,Altri trasferimenti in conto capitale da altri enti e agenzie regionali e sub regionali,Altri trasferimenti in conto capitale da altri enti e agenzie regionali e sub regionali. Per ulteriori dettagli sul trasferimento si rimanda alla relativa voce di IV livello
E.4.03.10.02.018,Altri trasferimenti in conto capitale da Consorzi di enti locali,Altri trasferimenti in conto capitale da Consorzi di enti locali. Per ulteriori dettagli sul trasferimento si rimanda alla relativa voce di IV livello
E.4.03.10.02.019,Altri trasferimenti in conto capitale da Fondazioni e istituzioni liriche locali e da teatri stabili di iniziativa pubblica,Altri trasferimenti in conto capitale da Fondazioni e istituzioni liriche locali e da teatri stabili di iniziativa pubblica. Per ulteriori dettagli sul trasferimento si rimanda alla relativa voce di IV livello
E.4.03.10.02.999,Altri trasferimenti in conto capitale da altre Amministrazioni Locali n.a.c.,Altri trasferimenti in conto capitale da altre Amministrazioni Locali n.a.c.. Per ulteriori dettagli sul trasferimento si rimanda alla relativa voce di IV livello
E.4.03.10.03.000,Altri trasferimenti in conto capitale da Enti di Previdenza,"La voce contiene trasferimenti di natura non ricorrente diversi dai contributi agli investimenti e dai trasferimenti in conto capitale oggetto delle altre voci appartenenti a questa categoria.
  
 Rientrano in questa voce i risarcimenti e le compensazioni per danni subiti da beni capitali, i lasciti e le donazioni.
 In questa voce rientrano le entrate dell’amministrazione derivanti da tali movimenti finanziari allorché il soggetto erogatore è un ente di previdenza."
E.4.03.10.03.001,Altri trasferimenti in conto capitale da INPS,Altri trasferimenti in conto capitale da INPS. Per ulteriori dettagli sul trasferimento si rimanda alla relativa voce di IV livello
E.4.03.10.03.002,Altri trasferimenti in conto capitale da INAIL,Altri trasferimenti in conto capitale da INAIL. Per ulteriori dettagli sul trasferimento si rimanda alla relativa voce di IV livello
E.4.03.10.03.999,Altri trasferimenti in conto capitale da altri Enti di Previdenza n.a.c.,Altri trasferimenti in conto capitale da altri Enti di Previdenza n.a.c.. Per ulteriori dettagli sul trasferimento si rimanda alla relativa voce di IV livello
E.4.03.10.04.000,Altri trasferimenti in conto capitale da organismi interni e/o unità locali della amministrazione,
E.4.03.10.04.001,Altri trasferimenti in conto capitale da organismi interni e/o unità locali della amministrazione,
E.4.03.11.00.000,Altri trasferimenti in conto capitale da Famiglie,"La voce contiene trasferimenti di natura non ricorrente diversi dai contributi agli investimenti e dai trasferimenti in conto capitale oggetto delle altre voci appartenenti a questa categoria.
  
 Rientrano in questa voce i risarcimenti e le compensazioni per danni subiti da beni capitali, i lasciti e le donazioni (per gli enti territoriali i lasciti e le donazioni sono contributi agli investimenti, se non sono vincolati al finanziamento di spese correnti o altre specifiche destinazioni).
 In questa voce rientrano le entrate dell’amministrazione derivanti da tali movimenti finanziari allorché il soggetto erogatore è una famiglia."
E.4.03.11.01.000,Altri trasferimenti in conto capitale da Famiglie,Vedi voce di III livello
E.4.03.11.01.001,Altri trasferimenti in conto capitale da Famiglie,Vedi voce di IV livello
E.4.03.12.00.000,Altri trasferimenti in conto capitale da Imprese,"La voce contiene trasferimenti di natura non ricorrente diversi dai contributi agli investimenti e dai trasferimenti in conto capitale oggetto delle altre voci appartenenti a questa categoria.
  
 Rientrano in questa voce i risarcimenti e le compensazioni per danni subiti da beni capitali, i lasciti e le donazioni (per gli enti territoriali i lasciti e le donazioni sono contributi agli investimenti, se non sono vincolati al finanziamento di spese correnti o altre specifiche destinazioni).
 In questa voce rientrano le entrate dell’amministrazione derivanti da tali movimenti finanziari allorché il soggetto erogatore è una impresa."
E.4.03.12.01.000,Altri trasferimenti in conto capitale da imprese controllate,"La voce contiene trasferimenti di natura non ricorrente diversi dai contributi agli investimenti e dai trasferimenti in conto capitale oggetto delle altre voci appartenenti a questa categoria.
  
 Rientrano in questa voce i risarcimenti e le compensazioni per danni subiti da beni capitali, i lasciti e le donazioni (per gli enti territoriali i lasciti e le donazioni sono contributi agli investimenti, se non sono vincolati al finanziamento di spese correnti o altre specifiche destinazioni).
 In questa voce rientrano le entrate dell’amministrazione derivanti da tali movimenti finanziari allorché il soggetto erogatore è una impresa controllata."
E.4.03.12.01.001,Altri trasferimenti in conto capitale da imprese controllate,Vedi voce di IV livello
E.4.03.12.02.000,Altri trasferimenti in conto capitale da altre imprese partecipate,"La voce contiene trasferimenti di natura non ricorrente diversi dai contributi agli investimenti e dai trasferimenti in conto capitale oggetto delle altre voci appartenenti a questa categoria.
  
 Rientrano in questa voce i risarcimenti e le compensazioni per danni subiti da beni capitali, i lasciti e le donazioni.
 In questa voce rientrano le entrate dell’amministrazione derivanti da tali movimenti finanziari allorché il soggetto erogatore è una impresa partecipata."
E.4.03.12.02.001,Altri trasferimenti in conto capitale da altre imprese partecipate,Vedi voce di IV livello
E.4.03.12.99.000,Altri trasferimenti in conto capitale da altre Imprese,"La voce contiene trasferimenti di natura non ricorrente diversi dai contributi agli investimenti e dai trasferimenti in conto capitale oggetto delle altre voci appartenenti a questa categoria.
  
 Rientrano in questa voce i risarcimenti e le compensazioni per danni subiti da beni capitali, i lasciti e le donazioni.
 In questa voce rientrano le entrate dell’amministrazione derivanti da tali movimenti finanziari allorché il soggetto erogatore è una altra impresa."
E.4.03.12.99.999,Altri trasferimenti in conto capitale da altre Imprese,Vedi voce di IV livello
E.4.03.13.00.000,Altri trasferimenti in conto capitale da Istituzioni Sociali Private,"La voce contiene trasferimenti di natura non ricorrente diversi dai contributi agli investimenti e dai trasferimenti in conto capitale oggetto delle altre voci appartenenti a questa categoria.
  
 Rientrano in questa voce i risarcimenti e le compensazioni per danni subiti da beni capitali, i lasciti e le donazioni.
 In questa voce rientrano le entrate dell’amministrazione derivanti da tali movimenti finanziari allorché il soggetto erogatore è una Istituzione Sociale Privata."
E.4.03.13.01.000,Altri trasferimenti in conto capitale da Istituzioni Sociali Private,Vedi voce di III livello
E.4.03.13.01.001,Altri trasferimenti in conto capitale da Istituzioni Sociali Private,Vedi voce di IV livello
E.4.03.14.00.000,Altri trasferimenti in conto capitale dall'Unione Europea e dal Resto del Mondo,"La voce contiene trasferimenti di natura non ricorrente diversi dai contributi agli investimenti e dai trasferimenti in conto capitale oggetto delle altre voci appartenenti a questa categoria.
  
 Rientrano in questa voce i risarcimenti e le compensazioni per danni subiti da beni capitali, i lasciti e le donazioni (per gli enti territoriali i lasciti e le donazioni sono contributi agli investimenti, se non sono vincolati al finanziamento di spese correnti o altre specifiche destinazioni).
 In questa voce rientrano le entrate dell’amministrazione derivanti da tali movimenti finanziari allorché il soggetto erogatore è l'Unione Europea o il Resto del mondo."
E.4.03.14.01.000,Altri trasferimenti in conto capitale dall'Unione Europea,"La voce contiene trasferimenti di natura non ricorrente diversi dai contributi agli investimenti e dai trasferimenti in conto capitale oggetto delle altre voci appartenenti a questa categoria.
  
 Rientrano in questa voce i risarcimenti e le compensazioni per danni subiti da beni capitali, i lasciti e le donazioni (per gli enti territoriali i lasciti e le donazioni sono contributi agli investimenti, se non sono vincolati al finanziamento di spese correnti o altre specifiche destinazioni) .
 In questa voce rientrano le entrate dell’amministrazione derivanti da tali movimenti finanziari allorché il soggetto erogatore è l'Unione Europea."
E.4.03.14.01.001,Altri trasferimenti in conto capitale dall'Unione Europea,Vedi voce di III livello
E.4.03.14.02.000,Altri trasferimenti in conto capitale dal Resto del Mondo,"La voce contiene trasferimenti di natura non ricorrente diversi dai contributi agli investimenti e dai trasferimenti in conto capitale oggetto delle altre voci appartenenti a questa categoria.
  
 Rientrano in questa voce i risarcimenti e le compensazioni per danni subiti da beni capitali, i lasciti e le donazioni (per gli enti territoriali i lasciti e le donazioni sono contributi agli investimenti, se non sono vincolati al finanziamento di spese correnti o altre specifiche destinazioni).
 In questa voce rientrano le entrate dell’amministrazione derivanti da tali movimenti finanziari allorché il soggetto erogatore è il Resto del mondo."
E.4.03.14.02.001,Altri trasferimenti in conto capitale dal Resto del Mondo,Vedi voce di III livello
E.4.04.00.00.000,Entrate da alienazione di beni materiali e immateriali,Entrate da alienazione di beni materiali e immateriali
E.4.04.01.00.000,Alienazione di beni materiali,"Entrate derivanti dalla alienazione di bene materiali rientranti nelle seguenti categorie:
 - Mezzi di trasporto ad uso civile, di sicurezza e ordine pubblico;
 - Mezzi di trasporto ad uso militare;
 - Mobili e arredi;
 - Impianti e macchinari;
 - Attrezzature;
 - Macchine per ufficio;
 - Hardware;
 - Beni immobili;
 - Oggetti di valore;
 - Diritti reali;
 - Altri beni materiali non ricompresi nelle precedenti categorie."
E.4.04.01.01.000,"Alienazione di Mezzi di trasporto ad uso civile, di sicurezza e ordine pubblico","Entrate derivanti dall'alienazione di mezzi di trasporto. Sono da includere in questa voce anche le spese per i mezzi di trasporto di carabinieri, polizia ecc. (inclusi anche i veicoli corazzati) utilizzati per sicurezza e ordine pubblico."
E.4.04.01.01.001,Alienazione di Mezzi di trasporto stradali,"Entrate derivanti dall'alienazione dei veicoli che possono essere usati per trasportare persone o cose via terra (autovetture, motociclette, furgoni, volanti, camion autobus, blindati, rimorchi ecc.), compresi i mezzi di trasporto terrestri attrezzati per usi specifici (autombulanze, veicoli anti incendio ecc.)"
E.4.04.01.01.002,Alienazione di Mezzi di trasporto aerei,"Entrate derivanti dall'alienazione dei veicoli che possono essere usati per trasportare persone o cose via aerea (aerei, elicotteri, ecc.), compresi i mezzi di trasporto aerei attrezzati per usi specifici (elioambulanze ecc)."
E.4.04.01.01.003,Alienazione di Mezzi di trasporto per vie d'acqua,"Entrate derivanti dall'alienazione di navi e imbarcazioni che possono essere usati per trasportare persone o cose via acqua (navi, motovedette, cisterne, sommergibili, ecc.), compresi i mezzi di trasporto navali attrezzati per usi specifici (draghe, rimorchiatori ecc.)"
E.4.04.01.01.999,"Alienazione di altri mezzi di trasporto ad uso civile, di sicurezza e ordine pubblico n.a.c.","Entrate derivanti dall'alienazione di mezzi di trasporto ad uso civile, di sicurezza e ordine pubblico non altrimenti classificabili nelle voci precedenti."
E.4.04.01.03.000,Alienazione di mobili e arredi,"Entrate derivanti dall'alienazione di mobili e arredi destinati ad uffici o ad alloggi e pertinenze.
 
 Per i dettagli sul significato delle singole categorie si rimanda alle voci di V livello."
E.4.04.01.03.001,Alienazione di mobili e arredi per ufficio,"Entrate derivanti dall'alienazione di mobili e arredi destinati a locali adibiti ad uffici, compresi gli spazi di ricevimento del pubblico o a locali di rappresentanza (scrivanie, sedie, poltrone, armadi classificatori, cassettiere, aste portabandiere, armadi blindati, casseforti, librerie, ecc.)"
E.4.04.01.03.002,Alienazione di mobili e arredi per alloggi e pertinenze,"Entrate derivanti dall'alienazione di mobili per l'arredamento di ambienti destinati ad alloggio (letti, armadi, cucine ecc)."
E.4.04.01.03.003,Alienazione di mobili e arredi per laboratori,Entrate derivanti dall'alienazione di mobili per l'arredamento di laboratori
E.4.04.01.03.999,Alienazione di mobili e arredi n.a.c.,Entrate derivanti dall'alienazione di mobili e arredi non altrimenti classificabili nelle voci precedenti.
E.4.04.01.04.000,Alienazione di impianti e macchinari,"Entrate derivanti dall'alienazione di impianti e macchinari. 
 Vi rientrano gli impianti e i macchinari necessari allo svolgimento di una attività (impianti, macchinari per officine, laboratori - fotografici, di falegnameria, chimici, linguistici, etc.-, sale prova e collaudo, tipografie, sale cinematografiche, archivi, mense, centri sportivi, centrali telefoniche, sale per visite mediche, centrali operative, aule, etc.)."
E.4.04.01.04.001,Alienazione di Macchinari,Entrate derivanti dall'alienazione di macchinari automatici e non automatici
E.4.04.01.04.999,Alienazione di impianti,"Entrate derivanti dall'alienazione di:
 - Impianti generici, cioè gli impianti non legati alla tipica attività della società (ad es.: servizi riscaldamento e condizionamento, impianti di allarme);
 - Impianti specifici, cioè gli impianti legati alle tipiche attività dell'ente;
 - Altri impianti (ad es.: forni e loro pertinenze)."
E.4.04.01.05.000,Alienazione di attrezzature,"Entrate derivanti dall'alienazione di quei beni caratterizzati da un utilizzo complementare o ausiliario a quello degli impianti e macchinari: è attrezzatura tutto ciò che è complementare al processo produttivo, ma in sé autonomo."
E.4.04.01.05.001,Attrezzature scientifiche,Entrate derivanti dall'alienazione di attrezzature scientifiche
E.4.04.01.05.002,Attrezzature sanitarie,Entrate derivanti dall'alienazione di attrezzature sanitarie
E.4.04.01.05.999,Alienazione di Attrezzature n.a.c.,Entrate derivanti dall'alienazione di attrezzature non altrimenti classificabili nelle voci precedenti.
E.4.04.01.06.000,Alienazione di macchine per ufficio,"Entrate derivanti dall'alienazione di beni in dotazione agli uffici per lo svolgimento e l'automazione di compiti specifici (fotocopiatrici, macchine per la rilegatura ecc.)."
E.4.04.01.06.001,Alienazione di macchine per ufficio,Vedi voce di IV livello
E.4.04.01.07.000,Alienazione di hardware,"Entrate derivanti dalla alienazione di server, di postazioni di lavoro, di periferiche, di apparati di telecomunicazione e di altro hardware. 
 
 Per i dettagli sul significato delle singole categorie si rimanda alle voci di V livello."
E.4.04.01.07.001,Alienazione di server,"Entrate derivanti dall'alienazione di Mainframe, host, sistemi midrange e dipartimentali, ecc. comprensivi del software di base necessario per il loro funzionamento (es. sistema operativo)"
E.4.04.01.07.002,Alienazione di postazioni di lavoro,"Entrate derivanti dall'alienazione di personal computer, terminali, ecc. comprensivi delle periferiche di base (tastiera, mouse) e del software di base necessario per il loro funzionamento"
E.4.04.01.07.003,Alienazione di periferiche,"Entrate derivanti dall'alienazione di stampanti, scanner, sosttosistemi a disco, librerie robotizzate"
E.4.04.01.07.004,Alienazione di apparati di telecomunicazione,"Entrate derivanti dall'alienazione di Router, switch, radar, ecc. comprensivi del software di base necessario per il loro funzionamento."
E.4.04.01.07.005,Alienazione di Tablet e dispositivi di telefonia fissa e mobile,Entrate derivanti dall'alienazione di Tablet e dispositivi di telefonia fissa e mobile
E.4.04.01.07.999,Alienazione di hardware n.a.c.,Entrate derivanti dall'alienazione di hardware non altrimenti classificato nelle precedenti voci
E.4.04.01.08.000,Alienazione di Beni immobili,"Entrate derivanti dall'alienazione di beni immobili.
 
 Per i dettagli sul significato delle singole categorie si rimanda alle voci di V livello."
E.4.04.01.08.001,Alienazione di Fabbricati ad uso abitativo,Entrate derivanti dall'alienazione di costruzioni in muratura destinate ad uso abitativo
E.4.04.01.08.002,Alienazione di Fabbricati ad uso commerciale,Entrate derivanti dall'alienazione di costruzioni in muratura destinate ad uso commerciale
E.4.04.01.08.003,Alienazione di Fabbricati ad uso scolastico,Entrate derivanti dall'alienazione di costruzioni in muratura destinate ad uso scolastico
E.4.04.01.08.004,Alienazione di Fabbricati industriali e costruzioni leggere,"Entrate derivanti dall'alienazione di costruzioni in muratura destinate ad uso industriale e costruzioni secondarie (centrali elettriche, industrie, inceneritori ecc.)"
E.4.04.01.08.005,Alienazione di Fabbricati rurali,Entrate derivanti dall'alienazione di costruzioni in muratura che si trovano in siti rurali destinate ad uso agricolo o di allevamento
E.4.04.01.08.007,Alienazione di Fabbricati Ospedalieri e altre strutture sanitarie,Entrate derivanti dall'alienazione di costruzioni in muratura destinate ad uso sanitario.
E.4.04.01.08.009,Alienazione di Infrastrutture telematiche,Entrate derivanti dall'alienazione di infrastrutture per le telecomunicazioni locali e per grandi distanze.
E.4.04.01.08.010,Alienazione di Infrastrutture idrauliche,"Entrate derivanti dall'alienazione di beni volti alla regolamentazione dei corsi d'acqua e al suo corretto deflusso (dighe, argini, sistemazione corsi d'acqua, canali di irrigazione, acquedotti fognature, ecc.)"
E.4.04.01.08.011,Alienazione di Infrastrutture portuali e aeroportuali,"Entrate derivanti dall'alienazione di beni che permettono il funzionamento di porti e aeroporti (porti, moli, banchine, darsene, escavazioni, fari, fanali, aeroporti, torri di controllo, ecc.)."
E.4.04.01.08.012,Alienazione di Infrastrutture stradali,"Entrate derivanti dall'alienazione di infrastrutture volte al collegamento di diversi punti del territorio che consentono lo svolgimento del traffico su strada (autostrade, strade, strade urbane, altri passaggi per veicoli e pedoni, ecc.)"
E.4.04.01.08.013,Alienazione di Altre vie di comunicazione,Entrate derivanti dall'alienazione di opere volte al collegamento di diversi punti del territorio che consentono lo svolgimento del traffico non stradale (linee ferroviarie e metropolitane).
E.4.04.01.08.014,Alienazione di opere per la sistemazione del suolo,"Entrate derivanti dall'alienazione di interventi di assetto del territorio (bonifiche, recinzioni aree protette, rimboschimenti, ecc.)"
E.4.04.01.08.015,Alienazione di Impianti sportivi,"Entrate derivanti dall'alienazione di infrastrutture utili all'espletamento di attività sportive (stadi, piscine, terreni sportivi ecc.)"
E.4.04.01.08.016,Alienazione di Fabbricati destinati ad asili nido,Entrate derivanti dall'alienazione di costruzioni in muratura destinate ad asili nido
E.4.04.01.08.017,Alienazione di Fabbricati ad uso strumentale,"Entrate derivanti dall'alienazione di costruzioni in muratura destinate ad uso istituzionale (edifici pubblici, carceri, ambasciate ecc.)"
E.4.04.01.08.999,Alienazione di altri beni immobili n.a.c.,Entrate derivanti dall'alienazione di beni immobili non altrimenti classificabili nelle voci precedenti.
E.4.04.01.09.000,Alienazione di Oggetti di valore,"Entrate derivanti dall'alienazione di oggetti di valore culturale storico archeologico ed artistico (quadri, statue, raccolte discografiche, articoli di antiquariato ecc.)"
E.4.04.01.09.001,Alienazione di Oggetti di valore,Vedi voce di IV livello
E.4.04.01.10.000,Alienazione di diritti reali,"Entrate derivanti dall'alienazione di un diritto reale come, ad esempio, le entrate derivanti dalla vendita di un diritto di superficie ."
E.4.04.01.10.001,Alienazione di diritti reali,Vedi voce di IV livello
E.4.04.01.99.000,Alienazione di altri beni materiali,Entrate derivanti dalla alienazione di altri beni materiali quali il materiale bibliigrafico o gli strumenti musicali.
E.4.04.01.99.001,Alienazione di Materiale bibliografico,"Entrate derivanti dall'alienazione di libri, pubblicazioni, materiale multimediale, suscettibili di ammortamento. Deve trattarsi di vendite di universalità di beni, o di beni di particolare valore. Mentre la singola vendita viene ricompresa nella voce vendita di altri beni di consumo tra le vendite di beni e servizi"
E.4.04.01.99.002,Alienazione di Strumenti musicali,Entrate derivananti dall'alienazione di strumenti musicali.
E.4.04.01.99.999,Alienazioni di beni materiali n.a.c.,Entrate derivanti dall'alienazione di altri beni materiali non altrimenti classificabili nelle voci precedenti.
E.4.04.02.00.000,Cessione di Terreni e di beni materiali non prodotti,Entrate derivanti dalla cessione di terreni e di beni materiali non prodotti intendendo per non prodotti tutti i beni che non derivono da specifica attrività di creazione e di trasformazione.
E.4.04.02.01.000,Cessione di Terreni,Entrate derivanti dall'alienazioni di terreni
E.4.04.02.01.001,Cessione di Terreni agricoli,"Entrate derivanti dall'alienazione di terreni agricoli, ovvero terreni sui quali viene svolta, a fini commerciali o di sussitenza, un' attività di produzione agricola o orticola, in linea di principio, i terreni a fruttetto, a vigneto ed altre coltivazioni"
E.4.04.02.01.002,Cessione di Terreni edificabili,"Entrate derivanti dall'alienazione di terreni edificabili, ovvero terreni destinati alla edificabilità in base agli strumenti urbanistici generali o attuativi (es. piani regolatori)."
E.4.04.02.01.999,Cessione di terreni n.a.c.,Entrate derivanti dall'alienazione di terreni non altrimenti classificabili nelle voci precedenti.
E.4.04.02.02.000,Cessione di beni del patrimonio naturale non prodotto,"Entrate derivanti dalla cessione di beni del patrimonio naturale non prodotto quali i beni ricadenti nel demanio marittimo, nel demanio idrico, nel patrimonio faunistico e in quello floreale."
E.4.04.02.02.001,Cessione di beni del Demanio marittimo,"Cessione di beni del Demanio marittimo (lido, spiaggia, porti, rade; lagune, foci dei fiumi che sboccano in mare, bacini di acqua salsa o salmastra che almeno una parte dell'anno comunicano col mare; canali utilizzabili ad uso pubblico marittimo)"
E.4.04.02.02.002,Cessione di beni del Demanio idrico,Cessione di beni del Demanio idrico
E.4.04.02.02.003,Cessione di beni del patrimonio faunistico,Entrate derivanti dall'alienazione di beni utilizzati a sostegno e tutela della fauna all'interno di un'area di interesse naturalistico (es. incremento fauna selvatica e ripristino degli equilibri naturali).
E.4.04.02.02.004,Cessione di beni del patrimonio floreale,Entrate derivanti dall'alienazione di beni finalizzati a garantire o ripristinare le condizioni ottimali per la conservazione di specie ed habitat (es. attività di rimboschimento di aree di particolare interesse naturalistico).
E.4.04.03.00.000,Alienazione di beni immateriali,"Entrate derivanti dalla alienazione di beni immateriali quali software, brevetti, opere dell'ingegno e diritti d'autore e altri beni immateriali n.a.c."
E.4.04.03.01.000,Alienazione di software,Entrate derivanti dall'alienazione di prodotti software realizzati internamente all'amministrazione
E.4.04.03.01.001,Alienazione di software,Vedi voce di IV livello
E.4.04.03.02.000,Alienazione di Brevetti,"Entrate derivanti dall'alienazione del diritto di utilizzo esclusivo di invenzioni, di brevetti o di una proprietà intellettuale"
E.4.04.03.02.001,Alienazione di Brevetti,Vedi voce di IV livello
E.4.04.03.03.000,Alienazione di Opere dell'ingegno e Diritti d'autore,"Entrate derivanti dall'alienazione di orginali di opere artistiche letterarie e di intrattenimento (manoscritti, interpretazioni, modelli, film registrazioni sonore ecc.)"
E.4.04.03.03.001,Alienazione di Opere dell'ingegno e Diritti d'autore,Vedi voce di IV livello
E.4.04.03.99.000,Alienazione di altri beni immateriali n.a.c.,Entrate derivanti dall'alienazione di altri beni immateriali non altrimenti classificabili nelle voci precedenti.
E.4.04.03.99.001,Alienazione di altri beni immateriali n.a.c.,Vedi voce di IV livello
E.4.05.00.00.000,Altre entrate in conto capitale,Altre entrate in conto capitale
E.4.05.01.00.000,Permessi di costruire,Entrate derivanti dalla concessione di permessi a costruire.
E.4.05.01.01.000,Permessi di costruire,Vedi voce di III livello
E.4.05.01.01.001,Permessi di costruire,Vedi voce di III livello
E.4.05.02.00.000,Entrate derivanti da conferimento immobili a fondi immobiliari,"Entrata figurativa (cui non corrisponde un effettivo incasso) registrata per rilevare il conferimento di immobili dell'ente ad un fondo immobiliare. A tale entrata corrisponde una spesa figurativa che registra l'acquisizione di quote del fondo immobiliare cui i beni dell'ente sono conferiti. La registrazione di un'operazione di conferimento di beni dell'ente presso un fondo immobiliare richiede l'accertamento dell'entrata e l'impegno della spesa, per il medesimo importo, corrispondente al valore attribuito alle quote del fondo immobiliare al momento della transazione, e la contestuale emissione di un ordine di pagamento versato in entrata nel bilancio dell'ente."
E.4.05.02.01.000,Entrate derivanti da conferimento immobili a fondi immobiliari,Vedi voce di III livello
E.4.05.02.01.999,Entrate derivanti da conferimento immobili a fondi immobiliari,Vedi voce di III livello
E.4.05.03.00.000,"Entrate in conto capitale dovute a rimborsi, recuperi e restituzioni di somme non dovute o incassate in eccesso","Entrate in conto capitale dovute a rimborsi, recuperi e restituzioni di somme non dovute o incassate in eccesso"
E.4.05.03.01.000,"Entrate in conto capitale dovute a rimborsi, recuperi e restituzioni di somme non dovute o incassate in eccesso da Amministrazioni Centrali","Entrate in conto capitale versate da una amministrazione centrale per rimborsi, recuperi e restituzioni di somme non dovute o incassate in eccesso"
E.4.05.03.01.001,"Entrate in conto capitale dovute a rimborsi, recuperi e restituzioni di somme non dovute o incassate in eccesso da Amministrazioni Centrali",Vedi voce di IV livello
E.4.05.03.02.000,"Entrate in conto capitale dovute a rimborsi, recuperi e restituzioni di somme non dovute o incassate in eccesso da Amministrazioni Locali","Entrate in conto capitale versate da una amministrazione locale per rimborsi, recuperi e restituzioni di somme non dovute o incassate in eccesso"
E.4.05.03.02.001,"Entrate in conto capitale dovute a rimborsi, recuperi e restituzioni di somme non dovute o incassate in eccesso da Amministrazioni Locali",Vedi voce di IV livello
E.4.05.03.03.000,"Entrate in conto capitale dovute a rimborsi, recuperi e restituzioni di somme non dovute o incassate in eccesso da Enti Previdenziali","Entrate in conto capitale versate da un ente di previdenza per rimborsi, recuperi e restituzioni di somme non dovute o incassate in eccesso"
E.4.05.03.03.001,"Entrate in conto capitale dovute a rimborsi, recuperi e restituzioni di somme non dovute o incassate in eccesso da Enti Previdenziali",Vedi voce di IV livello
E.4.05.03.04.000,"Entrate in conto capitale dovute a rimborsi, recuperi e restituzioni di somme non dovute o incassate in eccesso da Famiglie","Entrate in conto capitale versate da famiglie per rimborsi, recuperi e restituzioni di somme non dovute o incassate in eccesso"
E.4.05.03.04.001,"Entrate in conto capitale dovute a rimborsi, recuperi e restituzioni di somme non dovute o incassate in eccesso da Famiglie",Vedi voce di IV livello
E.4.05.03.05.000,"Entrate in conto capitale dovute a rimborsi, recuperi e restituzioni di somme non dovute o incassate in eccesso da Imprese","Entrate in conto capitale versate da imprese per rimborsi, recuperi e restituzioni di somme non dovute o incassate in eccesso"
E.4.05.03.05.001,"Entrate in conto capitale dovute a rimborsi, recuperi e restituzioni di somme non dovute o incassate in eccesso da Imprese",Vedi voce di IV livello
E.4.05.03.06.000,"Entrate in conto capitale dovute a rimborsi, recuperi e restituzioni di somme non dovute o incassate in eccesso da ISP","Entrate in conto capitale versate da ISP per rimborsi, recuperi e restituzioni di somme non dovute o incassate in eccesso"
E.4.05.03.06.001,"Entrate in conto capitale dovute a rimborsi, recuperi e restituzioni di somme non dovute o incassate in eccesso da ISP",Vedi voce di IV livello
E.4.05.04.00.000,Altre entrate in conto capitale n.a.c.,Entrate in conto capitale diverse da quelle previste nelle altre voci.
E.4.05.04.99.000,Altre entrate in conto capitale n.a.c.,Vedi voce di III livello
E.4.05.04.99.999,Altre entrate in conto capitale n.a.c.,Vedi voce di III livello
E.5.00.00.00.000,Entrate da riduzione di attività finanziarie,
E.5.01.00.00.000,Alienazione di attività finanziarie,
E.5.01.01.00.000,Alienazione di partecipazioni,Entrate derivanti da decremento di attività finanziaria determinata dalla alienazione di azioni o quote di capitale
E.5.01.01.01.000,Alienazione di partecipazioni in imprese incluse nelle Amministrazioni Centrali,"Entrate derivanti da decremento di attività finanziaria determinata dalla alienazione di azioni o quote di capitale di imprese incluse nel sottosettore delle Amministrazioni Centrali individuato nell'elenco delle amministrazioni pubbliche (cosiddetta lista S.13), oggetto del comunicato dell'Istituto nazionale di statistica (ISTAT), pubblicato nella Gazzetta Ufficiale della Repubblica italiana."
E.5.01.01.01.001,Alienazione di partecipazioni in imprese controllate incluse nelle Amministrazioni Centrali,"Entrate derivanti da decremento di attività finanziaria determinata dalla alienazione di azioni o quote di capitale di imprese controllate incluse nel sottosettore delle Amministrazioni Centrali individuato nell'elenco delle amministrazioni pubbliche (cosiddetta lista S.13), oggetto del comunicato dell'Istituto nazionale di statistica (ISTAT), pubblicato nella Gazzetta Ufficiale della Repubblica italiana."
E.5.01.01.01.002,Alienazione di partecipazioni in altre imprese partecipate incluse nelle Amministrazioni Centrali,"Entrate derivanti da decremento di attività finanziaria determinata dalla alienazione di azioni o quote di capitale di imprese partecipate incluse nel sottosettore delle Amministrazioni Centrali individuato nell'elenco delle amministrazioni pubbliche (cosiddetta lista S.13), oggetto del comunicato dell'Istituto nazionale di statistica (ISTAT), pubblicato nella Gazzetta Ufficiale della Repubblica italiana."
E.5.01.01.01.999,Alienazione di partecipazioni in altre imprese incluse nelle Amministrazioni Centrali,"Entrate derivanti da decremento di attività finanziaria determinata dalla alienazione di azioni o quote di capitale di altre imprese incluse nel sottosettore delle Amministrazioni Centrali individuato nell'elenco delle amministrazioni pubbliche (cosiddetta lista S.13), oggetto del comunicato dell'Istituto nazionale di statistica (ISTAT), pubblicato nella Gazzetta Ufficiale della Repubblica italiana."
E.5.01.01.02.000,Alienazione di partecipazioni in imprese incluse nelle Amministrazioni Locali,"Entrate derivanti da decremento di attività finanziaria determinata dalla alienazione di azioni o quote di capitale di imprese incluse nel sottosettore delle Amministrazioni locali individuato nell'elenco delle amministrazioni pubbliche (cosiddetta lista S.13), oggetto del comunicato dell'Istituto nazionale di statistica (ISTAT), pubblicato nella Gazzetta Ufficiale della Repubblica italiana."
E.5.01.01.02.001,Alienazione di partecipazioni in imprese controllate incluse nelle Amministrazioni Locali,"Entrate derivanti da decremento di attività finanziaria determinata dalla alienazione di azioni o quote di capitale di imprese controllate incluse nel sottosettore delle Amministrazioni Locali individuato nell'elenco delle amministrazioni pubbliche (cosiddetta lista S.13), oggetto del comunicato dell'Istituto nazionale di statistica (ISTAT), pubblicato nella Gazzetta Ufficiale della Repubblica italiana."
E.5.01.01.02.002,Alienazione di partecipazioni in altre imprese partecipate incluse nelle Amministrazioni Locali,"Entrate derivanti da decremento di attività finanziaria determinata dalla alienazione di azioni o quote di capitale di imprese partecipate incluse nel sottosettore delle Amministrazioni Locali individuato nell'elenco delle amministrazioni pubbliche (cosiddetta lista S.13), oggetto del comunicato dell'Istituto nazionale di statistica (ISTAT), pubblicato nella Gazzetta Ufficiale della Repubblica italiana."
E.5.01.01.02.999,Alienazione di partecipazioni in altre imprese incluse nelle Amministrazioni Locali,"Entrate derivanti da decremento di attività finanziaria determinata dalla alienazione di azioni o quote di capitale di altre imprese incluse nel sottosettore delle Amministrazioni Locali individuato nell'elenco delle amministrazioni pubbliche (cosiddetta lista S.13), oggetto del comunicato dell'Istituto nazionale di statistica (ISTAT), pubblicato nella Gazzetta Ufficiale della Repubblica italiana."
E.5.01.01.03.000,Alienazione di partecipazioni in altre imprese,"Entrate derivanti da decremento di attività finanziaria determinata dalla alienazione di azioni e partecipazioni o quote di capitale di altre imprese non incluse nell'elenco delle amministrazioni pubbliche (cosiddetta lista S.13), oggetto del comunicato dell'Istituto nazionale di statistica (ISTAT), pubblicato nella Gazzetta Ufficiale della Repubblica italiana."
E.5.01.01.03.001,Alienazione di partecipazioni in imprese controllate,Entrate derivanti da decremento di attività finanziaria determinata dalla alienazione di azioni o quote di capitale di imprese controllate
E.5.01.01.03.002,Alienazione di partecipazioni in altre imprese partecipate,Entrate derivanti da decremento di attività finanziaria determinata dalla alienazione di azioni o quote di capitale di imprese partecipate
E.5.01.01.03.999,Alienazione di partecipazioni in altre imprese,Entrate derivanti da decremento di attività finanziaria determinata dalla alienazione di azioni o quote di capitale di altre imprese.
E.5.01.01.04.000,Alienazione di partecipazioni in Istituzioni sociali private - ISP,Entrate derivanti da decremento di attività finanziaria determinata dalla alienazione di azioni e partecipazioni o quote di capitale di Istituzioni sociali private.
E.5.01.01.04.001,Alienazione di partecipazioni in ISP controllate,Entrate derivanti da decremento di attività finanziaria determinata dalla alienazione di azioni e partecipazioni o quote di capitale di Istituzioni sociali private controllate.
E.5.01.01.04.999,Alienazione di partecipazioni in altre ISP,Entrate derivanti da decremento di attività finanziaria determinata dalla alienazione di azioni e partecipazioni o quote di capitale di Istituzioni sociali private non controllate.
E.5.01.02.00.000,Alienazione di quote di fondi comuni di investimento,Entrate derivanti dalla alienazione di quote di fondi immobiliari e di altri fondi comuni di investimento
E.5.01.02.01.000,Alienazione di quote di fondi immobiliari,Entrate derivanti dalla alienazione di quote di fondi immobiliari
E.5.01.02.01.001,Alienazione di quote di fondi immobiliari,Vedi voce di IV livello
E.5.01.02.99.000,Alienazione di quote di altri fondi comuni di investimento,Entrate derivanti dalla alienazione di quote di altri fondi comuni di investimento diversi dai fondi immobiliari
E.5.01.02.99.999,Alienazione di quote di altri fondi comuni di investimento,Vedi voce di IV livello
E.5.01.03.00.000,Alienazione di titoli obbligazionari a breve termine,Entrate derivanti dall'alienazione del capitale nominale di uno strumento finanziario negoziabile con durata uguale o inferiore all’anno
E.5.01.03.01.000,Alienazione di titoli obbligazionari a breve termine emessi da Amministrazioni Centrali,"Entrate derivanti dall'alienazione del capitale nominale di uno strumento finanziario negoziabile con durata uguale o inferiore all’anno emesso da Amministrazioni centrali (ad esempio: alienazione di Buoni ordinari del Tesoro emessi dal Ministero dell'Economia e delle Finanze, rientrante tra le amministrazioni pubbilche nel sottosettore delle Amministrazioni Centrali)"
E.5.01.03.01.001,Alienazione di titoli obbligazionari a breve termine emessi da Amministrazioni Centrali,Vedi voce di IV livello
E.5.01.03.02.000,Alienazione di titoli obbligazionari a breve termine emessi da Amministrazioni Locali,"Entrate derivanti dall'alienazione del capitale nominale di uno strumento finanziario negoziabile con durata uguale o inferiore all’anno emesso da Amministrazioni locali (ad esempio: alienazione di Buoni ordinari comunali emessi dai Comuni, rientranti tra le amministrazioni pubbilche nel sottosettore delle Amministrazioni Locali)"
E.5.01.03.02.001,Alienazione di titoli obbligazionari a breve termine emessi da Amministrazioni Locali,Vedi voce di IV livello
E.5.01.03.03.000,Alienazione di titoli obbligazionari a breve termine emessi da altri soggetti residenti,Entrate derivanti dall'alienazione del capitale nominale di uno strumento finanziario negoziabile con durata uguale o inferiore all’anno emesso un soggetto residente non rientrante tra le amministrazioni pubbliche centrali e locali
E.5.01.03.03.001,Alienazione di titoli obbligazionari a breve termine emessi da altri soggetti residenti,Vedi voce di IV livello
E.5.01.03.04.000,Alienazione di titoli obbligazionari a breve termine emessi da soggetti non residenti,Entrate derivanti dall'alienazione del capitale nominale di uno strumento finanziario negoziabile con durata uguale o inferiore all’anno emesso un soggetto non residente in Italia.
E.5.01.03.04.001,Alienazione di titoli obbligazionari a breve termine emessi da soggetti non residenti,Vedi voce di IV livello
E.5.01.04.00.000,Alienazione di titoli obbligazionari a medio-lungo termine,Entrate derivanti dall'alienazione del capitale nominale di uno strumento finanziario negoziabile con durata superiore all’anno
E.5.01.04.01.000,Alienazione di titoli obbligazionari a medio-lungo termine emessi da Amministrazioni Centrali,"Entrate derivanti dall'alienazione del capitale nominale di uno strumento finanziario negoziabile con durata superiore all’anno emesso da Amministrazioni centrali (ad esempio: alienazione di BTP emessi dal Ministero dell'Economia e delle Finanze, rientrante tra le amministrazioni pubbilche nel sottosettore delle Amministrazioni Centrali)"
E.5.01.04.01.001,Alienazione di titoli obbligazionari a medio-lungo termine emessi da Amministrazioni Centrali,Vedi voce di IV livello
E.5.01.04.02.000,Alienazione di titoli obbligazionari a medio-lungo termine emessi da Amministrazioni Locali,Entrate derivanti dall'alienazione del capitale nominale di uno strumento finanziario negoziabile con durata superiore all’anno emesso da Amministrazioni locali.
E.5.01.04.02.001,Alienazione di titoli obbligazionari a medio-lungo termine emessi da Amministrazioni Locali,Vedi voce di IV livello
E.5.01.04.03.000,Alienazione di titoli obbligazionari a medio-lungo termine emessi da altri soggetti residenti,Entrate derivanti dall'alienazione del capitale nominale di uno strumento finanziario negoziabile con durata superiore all’anno emesso da un soggetto residente non rientrante tra le amministrazioni pubbliche centrali e locali
E.5.01.04.03.001,Alienazione di titoli obbligazionari a medio-lungo termine emessi da altri soggetti residenti,Vedi voce di IV livello
E.5.01.04.04.000,Alienazione di titoli obbligazionari a medio-lungo termine emessi da soggetti non residenti,Entrate derivanti dall'alienazione del capitale nominale di uno strumento finanziario negoziabile con durata superiore all’anno emesso da un soggetto non residente in Italia.
E.5.01.04.04.001,Alienazione di titoli obbligazionari a medio-lungo termine emessi da soggetti non residenti,Vedi voce di IV livello
E.5.02.00.00.000,Riscossione crediti di breve termine,"Entrate da decremento di attività finanziaria determinato dalla riscossione di un credito, erogato a titolo di prestito a terzi, estinto entro un anno dalla concessione"
E.5.02.01.00.000,Riscossione crediti di breve termine a tasso agevolato da Amministrazioni Pubbliche,"Entrate da decremento di attività finanziaria determinato dalla riscossione di un credito di breve termine (inferiore a un anno) concesso a un'altra amministrazione pubblica a titolo di prestito, con un tasso inferiore a quello di mercato .
 
 PER IL DETTAGLIO ANAGRAFICO DELLE CATEGORIE INCLUSE IN TALE RUBRICA SI RIMANDA ALL'APPENDICE AL GLOSSARIO."
E.5.02.01.01.000,Riscossione crediti di breve termine a tasso agevolato da Amministrazioni Centrali,"Entrate da decremento di attività finanziaria determinato dalla riscossione di un credito di breve termine (inferiore a un anno) concesso a una amministrazione pubblica centrale a titolo di prestito, con un tasso inferiore a quello di mercato"
E.5.02.01.01.001,Riscossione crediti di breve termine a tasso agevolato da Ministeri,Riscossione crediti di breve termine a tasso agevolato da Ministeri. Per ulteriori dettagli sul significato della concessione del credito si rimanda alla relativa voce di IV livello
E.5.02.01.01.003,Riscossione crediti di breve termine a tasso agevolato da Presidenza del Consiglio dei Ministri,Riscossione crediti di breve termine a tasso agevolato da Presidenza del Consiglio dei Ministri. Per ulteriori dettagli sul significato della concessione del credito si rimanda alla relativa voce di IV livello
E.5.02.01.01.004,Riscossione crediti di breve termine a tasso agevolato da Organi Costituzionali e di rilievo costituzionale,Riscossione crediti di breve termine a tasso agevolato da Organi Costituzionali e di rilievo costituzionale. Per ulteriori dettagli sul significato della concessione del credito si rimanda alla relativa voce di IV livello
E.5.02.01.01.005,Riscossione crediti di breve termine a tasso agevolato da Agenzie Fiscali,Riscossione crediti di breve termine a tasso agevolato da Agenzie Fiscali. Per ulteriori dettagli sul significato della concessione del credito si rimanda alla relativa voce di IV livello
E.5.02.01.01.006,Riscossione crediti di breve termine a tasso agevolato da enti di regolazione dell'attività economica,Riscossione crediti di breve termine a tasso agevolato da enti di regolazione dell'attività economica. Per ulteriori dettagli sul significato della concessione del credito si rimanda alla relativa voce di IV livello
E.5.02.01.01.007,Riscossione crediti di breve termine a tasso agevolato da Gruppo Equitalia,Riscossione crediti di breve termine a tasso agevolato da Gruppo Equitalia. Per ulteriori dettagli sul significato della concessione del credito si rimanda alla relativa voce di IV livello
E.5.02.01.01.008,Riscossione crediti di breve termine a tasso agevolato da Anas S.p.A.,Riscossione crediti di breve termine a tasso agevolato da Anas S.p.A.. Per ulteriori dettagli sul significato della concessione del credito si rimanda alla relativa voce di IV livello
E.5.02.01.01.009,Riscossione crediti di breve termine a tasso agevolato da altri enti centrali produttori di servizi economici,Riscossione crediti di breve termine a tasso agevolato da altri enti centrali produttori di servizi economici. Per ulteriori dettagli sul significato della concessione del credito si rimanda alla relativa voce di IV livello
E.5.02.01.01.010,Riscossione crediti di breve termine a tasso agevolato da autorità amministrative indipendenti,Riscossione crediti di breve termine a tasso agevolato da autorità amministrative indipendenti. Per ulteriori dettagli sul significato della concessione del credito si rimanda alla relativa voce di IV livello
E.5.02.01.01.011,Riscossione crediti di breve termine a tasso agevolato da enti centrali a struttura associativa,Riscossione crediti di breve termine a tasso agevolato da enti centrali a struttura associativa. Per ulteriori dettagli sul significato della concessione del credito si rimanda alla relativa voce di IV livello
E.5.02.01.01.012,"Riscossione crediti di breve termine a tasso agevolato da enti centrali produttori di servizi assistenziali, ricreativi e culturali","Riscossione crediti di breve termine a tasso agevolato da enti centrali produttori di servizi assistenziali, ricreativi e culturali. Per ulteriori dettagli sul significato della concessione del credito si rimanda alla relativa voce di IV livello"
E.5.02.01.01.013,Riscossione crediti di breve termine a tasso agevolato da enti e istituzioni centrali di ricerca e Istituti e stazioni sperimentali per la ricerca,Riscossione crediti di breve termine a tasso agevolato da enti e istituzioni centrali di ricerca e Istituti e stazioni sperimentali per la ricerca. Per ulteriori dettagli sul significato della concessione del credito si rimanda alla relativa voce di IV livello
E.5.02.01.01.999,Riscossione crediti di breve termine a tasso agevolato da altre Amministrazioni Centrali n.a.c.,Riscossione crediti di breve termine a tasso agevolato da altre Amministrazioni Centrali n.a.c.. Per ulteriori dettagli sul significato della concessione del credito si rimanda alla relativa voce di IV livello
E.5.02.01.02.000,Riscossione crediti di breve termine a tasso agevolato da Amministrazioni Locali,"Entrate da decremento di attività finanziaria determinato dalla riscossione di un credito di breve termine (inferiore a un anno) concesso a una amministrazione pubblica locale a titolo di prestito, con un tasso inferiore a quello di mercato"
E.5.02.01.02.001,Riscossione crediti di breve termine a tasso agevolato da Regioni e province autonome,Riscossione crediti di breve termine a tasso agevolato da Regioni e province autonome. Per ulteriori dettagli sul significato della concessione del credito si rimanda alla relativa voce di IV livello
E.5.02.01.02.002,Riscossione crediti di breve termine a tasso agevolato da Province,Riscossione crediti di breve termine a tasso agevolato da Province. Per ulteriori dettagli sul significato della concessione del credito si rimanda alla relativa voce di IV livello
E.5.02.01.02.003,Riscossione crediti di breve termine a tasso agevolato da Comuni,Riscossione crediti di breve termine a tasso agevolato da Comuni. Per ulteriori dettagli sul significato della concessione del credito si rimanda alla relativa voce di IV livello
E.5.02.01.02.004,Riscossione crediti di breve termine a tasso agevolato da Città metropolitane e Roma capitale,Riscossione crediti di breve termine a tasso agevolato da Città metropolitane e Roma capitale. Per ulteriori dettagli sul significato della concessione del credito si rimanda alla relativa voce di IV livello
E.5.02.01.02.005,Riscossione crediti di breve termine a tasso agevolato da Unioni di Comuni,Riscossione crediti di breve termine a tasso agevolato da Unioni di Comuni. Per ulteriori dettagli sul significato della concessione del credito si rimanda alla relativa voce di IV livello
E.5.02.01.02.006,Riscossione crediti di breve termine a tasso agevolato da Comunità Montane,Riscossione crediti di breve termine a tasso agevolato da Comunità Montane. Per ulteriori dettagli sul significato della concessione del credito si rimanda alla relativa voce di IV livello
E.5.02.01.02.007,Riscossione crediti di breve termine a tasso agevolato da Camere di Commercio,Riscossione crediti di breve termine a tasso agevolato da Camere di Commercio. Per ulteriori dettagli sul significato della concessione del credito si rimanda alla relativa voce di IV livello
E.5.02.01.02.008,Riscossione crediti di breve termine a tasso agevolato da Università,Riscossione crediti di breve termine a tasso agevolato da Università. Per ulteriori dettagli sul significato della concessione del credito si rimanda alla relativa voce di IV livello
E.5.02.01.02.009,Riscossione crediti di breve termine a tasso agevolato da Parchi nazionali e consorzi ed enti autonomi gestori di parchi e aree naturali protette,Riscossione crediti di breve termine a tasso agevolato da Parchi nazionali e consorzi ed enti autonomi gestori di parchi e aree naturali protette. Per ulteriori dettagli sul significato della concessione del credito si rimanda alla relativa voce di IV livello
E.5.02.01.02.010,Riscossione crediti di breve termine a tasso agevolato da Autorità Portuali,Riscossione crediti di breve termine a tasso agevolato da Autorità Portuali. Per ulteriori dettagli sul significato della concessione del credito si rimanda alla relativa voce di IV livello
E.5.02.01.02.011,Riscossione crediti di breve termine a tasso agevolato da Aziende sanitarie locali,Riscossione crediti di breve termine a tasso agevolato da Aziende sanitarie locali . Per ulteriori dettagli sul significato della concessione del credito si rimanda alla relativa voce di IV livello
E.5.02.01.02.012,Riscossione crediti di breve termine a tasso agevolato da Aziende ospedaliere e Aziende ospedaliere universitarie integrate con il SSN,Riscossione crediti di breve termine a tasso agevolato da Aziende ospedaliere e Aziende ospedaliere universitarie integrate con il SSN. Per ulteriori dettagli sul significato della concessione del credito si rimanda alla relativa voce di IV livello
E.5.02.01.02.013,Riscossione crediti di breve termine a tasso agevolato da Policlinici,Riscossione crediti di breve termine a tasso agevolato da Policlinici. Per ulteriori dettagli sul significato della concessione del credito si rimanda alla relativa voce di IV livello
E.5.02.01.02.014,Riscossione crediti di breve termine a tasso agevolato da Istituti di ricovero e cura a carattere scientifico pubblici,Riscossione crediti di breve termine a tasso agevolato da Istituti di ricovero e cura a carattere scientifico pubblici. Per ulteriori dettagli sul significato della concessione del credito si rimanda alla relativa voce di IV livello
E.5.02.01.02.015,Riscossione crediti di breve termine a tasso agevolato da altre Amministrazioni Locali produttrici di servizi sanitari,Riscossione crediti di breve termine a tasso agevolato da altre Amministrazioni Locali produttrici di servizi sanitari. Per ulteriori dettagli sul significato della concessione del credito si rimanda alla relativa voce di IV livello
E.5.02.01.02.016,Riscossione crediti di breve termine a tasso agevolato da Agenzie regionali per le erogazioni in agricoltura,Riscossione crediti di breve termine a tasso agevolato da Agenzie regionali per le erogazioni in agricoltura. Per ulteriori dettagli sul significato della concessione del credito si rimanda alla relativa voce di IV livello
E.5.02.01.02.017,Riscossione crediti di breve termine a tasso agevolato da altri enti e agenzie regionali e sub regionali,Riscossione crediti di breve termine a tasso agevolato da altri enti e agenzie regionali e sub regionali. Per ulteriori dettagli sul significato della concessione del credito si rimanda alla relativa voce di IV livello
E.5.02.01.02.018,Riscossione crediti di breve termine a tasso agevolato da Consorzi di enti locali,Riscossione crediti di breve termine a tasso agevolato da Consorzi di enti locali. Per ulteriori dettagli sul significato della concessione del credito si rimanda alla relativa voce di IV livello
E.5.02.01.02.019,Riscossione crediti di breve termine a tasso agevolato da Fondazioni e istituzioni liriche locali e da teatri stabili di iniziativa pubblica,Riscossione crediti di breve termine a tasso agevolato da Fondazioni e istituzioni liriche locali e da teatri stabili di iniziativa pubblica. Per ulteriori dettagli sul significato della concessione del credito si rimanda alla relativa voce di IV livello
E.5.02.01.02.999,Riscossione crediti di breve termine a tasso agevolato da altre Amministrazioni Locali n.a.c.,Riscossione crediti di breve termine a tasso agevolato da altre Amministrazioni Locali n.a.c.. Per ulteriori dettagli sul significato della concessione del credito si rimanda alla relativa voce di IV livello
E.5.02.01.03.000,Riscossione crediti di breve termine a tasso agevolato da Enti di Previdenza,"Entrate da decremento di attività finanziaria determinato dalla riscossione di un credito di breve termine (inferiore a un anno) concesso a un ente di previdenza a titolo di prestito, con un tasso inferiore a quello di mercato"
E.5.02.01.03.001,Riscossione crediti di breve termine a tasso agevolato da INPS,Riscossione crediti di breve termine a tasso agevolato da INPS. Per ulteriori dettagli sul significato della concessione del credito si rimanda alla relativa voce di IV livello
E.5.02.01.03.002,Riscossione crediti di breve termine a tasso agevolato da INAIL,Riscossione crediti di breve termine a tasso agevolato da INAIL. Per ulteriori dettagli sul significato della concessione del credito si rimanda alla relativa voce di IV livello
E.5.02.01.03.999,Riscossione crediti di breve termine a tasso agevolato da altri Enti di Previdenza n.a.c.,Riscossione crediti di breve termine a tasso agevolato da altri Enti di Previdenza n.a.c.. Per ulteriori dettagli sul significato della concessione del credito si rimanda alla relativa voce di IV livello
E.5.02.01.04.000,Riscossione crediti di breve termine a tasso agevolato da organismi interni e/o unità locali della amministrazione,Riscossione crediti di breve termine a tasso agevolato da organismi interni e/o unità locali della amministrazione
E.5.02.01.04.001,Riscossione crediti di breve termine a tasso agevolato da organismi interni e/o unità locali della amministrazione,Vedi voce di IV livello
E.5.02.02.00.000,Riscossione crediti di breve termine a tasso agevolato da Famiglie,"Entrate da decremento di attività finanziaria determinato dalla riscossione di un credito di breve termine (inferiore a un anno) concesso alle famiglie a titolo di prestito, con un tasso inferiore a quello di mercato"
E.5.02.02.01.000,Riscossione crediti di breve termine a tasso agevolato da Famiglie,Vedi voce di III livello
E.5.02.02.01.001,Riscossione crediti di breve termine a tasso agevolato da Famiglie,Vedi voce di III livello
E.5.02.03.00.000,Riscossione crediti di breve termine a tasso agevolato da Imprese,"Entrate da decremento di attività finanziaria determinato dalla riscossione di un credito di breve termine (inferiore a un anno) concesso alle imprese a titolo di prestito, con un tasso inferiore a quello di mercato"
E.5.02.03.01.000,Riscossione crediti di breve termine a tasso agevolato da imprese controllate,"Entrate da decremento di attività finanziaria determinato dalla riscossione di un credito di breve termine (inferiore a un anno) concesso alle imprese controllate a titolo di prestito, con un tasso inferiore a quello di mercato"
E.5.02.03.01.001,Riscossione crediti di breve termine a tasso agevolato da imprese controllate,Vedi voce di IV livello
E.5.02.03.02.000,Riscossione crediti di breve termine a tasso agevolato da altre imprese partecipate,"Entrate da decremento di attività finanziaria determinato dalla riscossione di un credito di breve termine (inferiore a un anno) concesso alle imprese partecipate a titolo di prestito, con un tasso inferiore a quello di mercato"
E.5.02.03.02.001,Riscossione crediti di breve termine a tasso agevolato da altre imprese partecipate,Vedi voce di IV livello
E.5.02.03.03.000,Riscossione crediti di breve termine a tasso agevolato dalla Cassa Depositi e prestiti,"Entrate da decremento di attività finanziaria determinato dalla riscossione di un credito di breve termine (inferiore a un anno) concesso a CDDPP a titolo di prestito, con un tasso inferiore a quello di mercato"
E.5.02.03.03.001,Riscossione crediti di breve termine a tasso agevolato dalla Cassa Depositi e prestiti,Vedi voce di IV livello
E.5.02.03.99.000,Riscossione crediti di breve termine a tasso agevolato da altre Imprese,"Entrate da decremento di attività finanziaria determinato dalla riscossione di un credito di breve termine (inferiore a un anno) concesso ad altre imprese a titolo di prestito, con un tasso inferiore a quello di mercato"
E.5.02.03.99.999,Riscossione crediti di breve termine a tasso agevolato da altre Imprese,Vedi voce di IV livello
E.5.02.04.00.000,Riscossione crediti di breve termine a tasso agevolato da Istituzioni Sociali Private,"Entrate da decremento di attività finanziaria determinato dalla riscossione di un credito di breve termine (inferiore a un anno) concesso alle Istituzioni sociali private a titolo di prestito, con un tasso inferiore a quello di mercato"
E.5.02.04.01.000,Riscossione crediti di breve termine a tasso agevolato da Istituzioni Sociali Private,Vedi voce di III livello
E.5.02.04.01.001,Riscossione crediti di breve termine a tasso agevolato da Istituzioni Sociali Private,Vedi voce di III livello
E.5.02.05.00.000,Riscossione crediti di breve termine a tasso agevolato dall'Unione Europea e dal Resto del Mondo,"Entrate da decremento di attività finanziaria determinato dalla riscossione di un credito di breve termine (inferiore a un anno) concesso all'Unione Europea e al Resto del mondo a titolo di prestito, con un tasso inferiore a quello di mercato"
E.5.02.05.01.000,Riscossione crediti di breve termine a tasso agevolato dall'Unione Europea,"Entrate da decremento di attività finanziaria determinato dalla riscossione di un credito di breve termine (inferiore a un anno) concesso all'Unione Europea a titolo di prestito, con un tasso inferiore a quello di mercato"
E.5.02.05.01.001,Riscossione crediti di breve termine a tasso agevolato dall'Unione Europea,Vedi voce di IV livello
E.5.02.05.02.000,Riscossione crediti di breve termine a tasso agevolato dal Resto del Mondo,"Entrate da decremento di attività finanziaria determinato dalla riscossione di un credito di breve termine (inferiore a un anno) concesso al Resto del mondo a titolo di prestito, con un tasso inferiore a quello di mercato"
E.5.02.05.02.001,Riscossione crediti di breve termine a tasso agevolato dal Resto del Mondo,Vedi voce di IV livello
E.5.02.06.00.000,Riscossione crediti di breve termine a tasso non agevolato da Amministrazione Pubbliche,"Entrate da decremento di attività finanziaria determinato dalla riscossione di un credito di breve termine (inferiore a un anno) concesso a un'altra amministrazione pubblica a titolo di prestito, con un tasso pari a quello di mercato.
 
 PER IL DETTAGLIO ANAGRAFICO DELLE CATEGORIE INCLUSE IN TALE RUBRICA SI RIMANDA ALL'APPENDICE AL GLOSSARIO."
E.5.02.06.01.000,Riscossione crediti di breve termine a tasso non agevolato da Amministrazioni Centrali,"Entrate da decremento di attività finanziaria determinato dalla riscossione di un credito di breve termine (inferiore a un anno) concesso a una amministrazione pubblica centrale a titolo di prestito, con un tasso pari a quello di mercato"
E.5.02.06.01.001,Riscossione crediti di breve termine a tasso non agevolato da Ministeri,Riscossione crediti di breve termine a tasso non agevolato da Ministeri. Per ulteriori dettagli sul significato della concessione del credito si rimanda alla relativa voce di IV livello
E.5.02.06.01.003,Riscossione crediti di breve termine a tasso non agevolato da Presidenza del Consiglio dei Ministri,Riscossione crediti di breve termine a tasso non agevolato da Presidenza del Consiglio dei Ministri. Per ulteriori dettagli sul significato della concessione del credito si rimanda alla relativa voce di IV livello
E.5.02.06.01.004,Riscossione crediti di breve termine a tasso non agevolato da Organi Costituzionali e di rilievo costituzionale,Riscossione crediti di breve termine a tasso non agevolato da Organi Costituzionali e di rilievo costituzionale. Per ulteriori dettagli sul significato della concessione del credito si rimanda alla relativa voce di IV livello
E.5.02.06.01.005,Riscossione crediti di breve termine a tasso non agevolato da Agenzie Fiscali,Riscossione crediti di breve termine a tasso non agevolato da Agenzie Fiscali. Per ulteriori dettagli sul significato della concessione del credito si rimanda alla relativa voce di IV livello
E.5.02.06.01.006,Riscossione crediti di breve termine a tasso non agevolato da enti di regolazione dell'attività economica,Riscossione crediti di breve termine a tasso non agevolato da enti di regolazione dell'attività economica. Per ulteriori dettagli sul significato della concessione del credito si rimanda alla relativa voce di IV livello
E.5.02.06.01.007,Riscossione crediti di breve termine a tasso non agevolato da Gruppo Equitalia,Riscossione crediti di breve termine a tasso non agevolato da Gruppo Equitalia. Per ulteriori dettagli sul significato della concessione del credito si rimanda alla relativa voce di IV livello
E.5.02.06.01.008,Riscossione crediti di breve termine a tasso non agevolato da Anas S.p.A.,Riscossione crediti di breve termine a tasso non agevolato da Anas S.p.A.. Per ulteriori dettagli sul significato della concessione del credito si rimanda alla relativa voce di IV livello
E.5.02.06.01.009,Riscossione crediti di breve termine a tasso non agevolato da altri enti centrali produttori di servizi economici,Riscossione crediti di breve termine a tasso non agevolato da altri enti centrali produttori di servizi economici. Per ulteriori dettagli sul significato della concessione del credito si rimanda alla relativa voce di IV livello
E.5.02.06.01.010,Riscossione crediti di breve termine a tasso non agevolato da autorità amministrative indipendenti,Riscossione crediti di breve termine a tasso non agevolato da autorità amministrative indipendenti. Per ulteriori dettagli sul significato della concessione del credito si rimanda alla relativa voce di IV livello
E.5.02.06.01.011,Riscossione crediti di breve termine a tasso non agevolato da enti centrali a struttura associativa,Riscossione crediti di breve termine a tasso non agevolato da enti centrali a struttura associativa. Per ulteriori dettagli sul significato della concessione del credito si rimanda alla relativa voce di IV livello
E.5.02.06.01.012,"Riscossione crediti di breve termine a tasso non agevolato da enti centrali produttori di servizi assistenziali, ricreativi e culturali","Riscossione crediti di breve termine a tasso non agevolato da enti centrali produttori di servizi assistenziali, ricreativi e culturali. Per ulteriori dettagli sul significato della concessione del credito si rimanda alla relativa voce di IV livello"
E.5.02.06.01.013,Riscossione crediti di breve termine a tasso non agevolato da enti e istituzioni centrali di ricerca e Istituti e stazioni sperimentali per la ricerca,Riscossione crediti di breve termine a tasso non agevolato da enti e istituzioni centrali di ricerca e Istituti e stazioni sperimentali per la ricerca. Per ulteriori dettagli sul significato della concessione del credito si rimanda alla relativa voce di IV livello
E.5.02.06.01.999,Riscossione crediti di breve termine a tasso non agevolato da altre Amministrazioni Centrali n.a.c.,Riscossione crediti di breve termine a tasso non agevolato da altre Amministrazioni Centrali n.a.c.. Per ulteriori dettagli sul significato della concessione del credito si rimanda alla relativa voce di IV livello
E.5.02.06.02.000,Riscossione crediti di breve termine a tasso non agevolato da Amministrazioni Locali,"Entrate da decremento di attività finanziaria determinato dalla riscossione di un credito di breve termine (inferiore a un anno) concesso a una amministrazione pubblica locale a titolo di prestito, con un tasso pari a quello di mercato"
E.5.02.06.02.001,Riscossione crediti di breve termine a tasso non agevolato da Regioni e province autonome,Riscossione crediti di breve termine a tasso non agevolato da Regioni e province autonome. Per ulteriori dettagli sul significato della concessione del credito si rimanda alla relativa voce di IV livello
E.5.02.06.02.002,Riscossione crediti di breve termine a tasso non agevolato da Province,Riscossione crediti di breve termine a tasso non agevolato da Province. Per ulteriori dettagli sul significato della concessione del credito si rimanda alla relativa voce di IV livello
E.5.02.06.02.003,Riscossione crediti di breve termine a tasso non agevolato da Comuni,Riscossione crediti di breve termine a tasso non agevolato da Comuni. Per ulteriori dettagli sul significato della concessione del credito si rimanda alla relativa voce di IV livello
E.5.02.06.02.004,Riscossione crediti di breve termine a tasso non agevolato da Città metropolitane e Roma capitale,Riscossione crediti di breve termine a tasso non agevolato da Città metropolitane e Roma capitale. Per ulteriori dettagli sul significato della concessione del credito si rimanda alla relativa voce di IV livello
E.5.02.06.02.005,Riscossione crediti di breve termine a tasso non agevolato da Unioni di Comuni,Riscossione crediti di breve termine a tasso non agevolato da Unioni di Comuni. Per ulteriori dettagli sul significato della concessione del credito si rimanda alla relativa voce di IV livello
E.5.02.06.02.006,Riscossione crediti di breve termine a tasso non agevolato da Comunità Montane,Riscossione crediti di breve termine a tasso non agevolato da Comunità Montane. Per ulteriori dettagli sul significato della concessione del credito si rimanda alla relativa voce di IV livello
E.5.02.06.02.007,Riscossione crediti di breve termine a tasso non agevolato da Camere di Commercio,Riscossione crediti di breve termine a tasso non agevolato da Camere di Commercio. Per ulteriori dettagli sul significato della concessione del credito si rimanda alla relativa voce di IV livello
E.5.02.06.02.008,Riscossione crediti di breve termine a tasso non agevolato da Università,Riscossione crediti di breve termine a tasso non agevolato da Università. Per ulteriori dettagli sul significato della concessione del credito si rimanda alla relativa voce di IV livello
E.5.02.06.02.009,Riscossione crediti di breve termine a tasso non agevolato da Parchi nazionali e consorzi ed enti autonomi gestori di parchi e aree naturali protette,Riscossione crediti di breve termine a tasso non agevolato da Parchi nazionali e consorzi ed enti autonomi gestori di parchi e aree naturali protette. Per ulteriori dettagli sul significato della concessione del credito si rimanda alla relativa voce di IV livello
E.5.02.06.02.010,Riscossione crediti di breve termine a tasso non agevolato da Autorità Portuali,Riscossione crediti di breve termine a tasso non agevolato da Autorità Portuali. Per ulteriori dettagli sul significato della concessione del credito si rimanda alla relativa voce di IV livello
E.5.02.06.02.011,Riscossione crediti di breve termine a tasso non agevolato da Aziende sanitarie locali,Riscossione crediti di breve termine a tasso non agevolato da Aziende sanitarie locali . Per ulteriori dettagli sul significato della concessione del credito si rimanda alla relativa voce di IV livello
E.5.02.06.02.012,Riscossione crediti di breve termine a tasso non agevolato da Aziende ospedaliere e Aziende ospedaliere universitarie integrate con il SSN,Riscossione crediti di breve termine a tasso non agevolato da Aziende ospedaliere e Aziende ospedaliere universitarie integrate con il SSN. Per ulteriori dettagli sul significato della concessione del credito si rimanda alla relativa voce di IV livello
E.5.02.06.02.013,Riscossione crediti di breve termine a tasso non agevolato da Policlinici,Riscossione crediti di breve termine a tasso non agevolato da Policlinici. Per ulteriori dettagli sul significato della concessione del credito si rimanda alla relativa voce di IV livello
E.5.02.06.02.014,Riscossione crediti di breve termine a tasso non agevolato da Istituti di ricovero e cura a carattere scientifico pubblici,Riscossione crediti di breve termine a tasso non agevolato da Istituti di ricovero e cura a carattere scientifico pubblici. Per ulteriori dettagli sul significato della concessione del credito si rimanda alla relativa voce di IV livello
E.5.02.06.02.015,Riscossione crediti di breve termine a tasso non agevolato da altre Amministrazioni Locali produttrici di servizi sanitari,Riscossione crediti di breve termine a tasso non agevolato da altre Amministrazioni Locali produttrici di servizi sanitari. Per ulteriori dettagli sul significato della concessione del credito si rimanda alla relativa voce di IV livello
E.5.02.06.02.016,Riscossione crediti di breve termine a tasso non agevolato da Agenzie regionali per le erogazioni in agricoltura,Riscossione crediti di breve termine a tasso non agevolato da Agenzie regionali per le erogazioni in agricoltura. Per ulteriori dettagli sul significato della concessione del credito si rimanda alla relativa voce di IV livello
E.5.02.06.02.017,Riscossione crediti di breve termine a tasso non agevolato da altri enti e agenzie regionali e sub regionali,Riscossione crediti di breve termine a tasso non agevolato da altri enti e agenzie regionali e sub regionali. Per ulteriori dettagli sul significato della concessione del credito si rimanda alla relativa voce di IV livello
E.5.02.06.02.018,Riscossione crediti di breve termine a tasso non agevolato da Consorzi di enti locali,Riscossione crediti di breve termine a tasso non agevolato da Consorzi di enti locali. Per ulteriori dettagli sul significato della concessione del credito si rimanda alla relativa voce di IV livello
E.5.02.06.02.019,Riscossione crediti di breve termine a tasso non agevolato da Fondazioni e istituzioni liriche locali e da teatri stabili di iniziativa pubblica,Riscossione crediti di breve termine a tasso non agevolato da Fondazioni e istituzioni liriche locali e da teatri stabili di iniziativa pubblica. Per ulteriori dettagli sul significato della concessione del credito si rimanda alla relativa voce di IV livello
E.5.02.06.02.999,Riscossione crediti di breve termine a tasso non agevolato da altre Amministrazioni Locali n.a.c.,Riscossione crediti di breve termine a tasso non agevolato da altre Amministrazioni Locali n.a.c.. Per ulteriori dettagli sul significato della concessione del credito si rimanda alla relativa voce di IV livello
E.5.02.06.03.000,Riscossione crediti di breve termine a tasso non agevolato da Enti di Previdenza,"Entrate da decremento di attività finanziaria determinato dalla riscossione di un credito di breve termine (inferiore a un anno) concesso a ente di previdenza a titolo di prestito, con un tasso pari a quello di mercato"
E.5.02.06.03.001,Riscossione crediti di breve termine a tasso non agevolato da INPS,Riscossione crediti di breve termine a tasso non agevolato da INPS. Per ulteriori dettagli sul significato della concessione del credito si rimanda alla relativa voce di IV livello
E.5.02.06.03.002,Riscossione crediti di breve termine a tasso non agevolato da INAIL,Riscossione crediti di breve termine a tasso non agevolato da INAIL. Per ulteriori dettagli sul significato della concessione del credito si rimanda alla relativa voce di IV livello
E.5.02.06.03.999,Riscossione crediti di breve termine a tasso non agevolato da altri Enti di Previdenza n.a.c.,Riscossione crediti di breve termine a tasso non agevolato da altri Enti di Previdenza n.a.c.. Per ulteriori dettagli sul significato della concessione del credito si rimanda alla relativa voce di IV livello
E.5.02.06.04.000,Riscossione crediti di breve termine a tasso non agevolato da organismi interni e/o unità locali della amministrazione,Entrate da decremento di attività finanziaria determinato dalla riscossione di un credito da estinguere entro un anno dalla concessione erogato a titolo di prestito con tasso pari a quello di mercato a organismi interni e/o unità locali della amministrazione
E.5.02.06.04.001,Riscossione crediti di breve termine a tasso non agevolato da organismi interni e/o unità locali della amministrazione,Vedi voce di IV livello
E.5.02.07.00.000,Riscossione crediti di breve termine a tasso non agevolato da Famiglie,"Entrate da decremento di attività finanziaria determinato dalla riscossione di un credito di breve termine (inferiore a un anno) concesso alle famiglie a titolo di prestito, con un tasso pari a quello di mercato"
E.5.02.07.01.000,Riscossione crediti di breve termine a tasso non agevolato da Famiglie,Vedi voce di III livello
E.5.02.07.01.001,Riscossione crediti di breve termine a tasso non agevolato da Famiglie,Vedi voce di III livello
E.5.02.08.00.000,Riscossione crediti di breve termine a tasso non agevolato da Imprese,"Entrate da decremento di attività finanziaria determinato dalla riscossione di un credito di breve termine (inferiore a un anno) concesso alle imprese a titolo di prestito, con un tasso pari a quello di mercato"
E.5.02.08.01.000,Riscossione crediti di breve termine a tasso non agevolato da imprese controllate,"Entrate da decremento di attività finanziaria determinato dalla riscossione di un credito di breve termine (inferiore a un anno) concesso alle imprese controllate a titolo di prestito, con un tasso pari a quello di mercato"
E.5.02.08.01.001,Riscossione crediti di breve termine a tasso non agevolato da imprese controllate,Vedi voce di IV livello
E.5.02.08.02.000,Riscossione crediti di breve termine a tasso non agevolato da altre imprese partecipate,"Entrate da decremento di attività finanziaria determinato dalla riscossione di un credito di breve termine (inferiore a un anno) concesso alle imprese partecipate a titolo di prestito, con un tasso pari a quello di mercato"
E.5.02.08.02.001,Riscossione crediti di breve termine a tasso non agevolato da altre imprese partecipate,Vedi voce di IV livello
E.5.02.08.03.000,Riscossione crediti di breve termine a tasso non agevolato da Cassa Depositi e prestiti,"Entrate da decremento di attività finanziaria determinato dalla riscossione di un credito di breve termine (inferiore a un anno) concesso a CDDPP a titolo di prestito, con un tasso pari a quello di mercato"
E.5.02.08.03.001,Riscossione crediti di breve termine a tasso non agevolato da Cassa Depositi e prestiti,Vedi voce di IV livello
E.5.02.08.99.000,Riscossione crediti di breve termine a tasso non agevolato da altre Imprese,"Entrate da decremento di attività finanziaria determinato dalla riscossione di un credito di breve termine (inferiore a un anno) concesso ad altre imprese a titolo di prestito, con un tasso pari a quello di mercato"
E.5.02.08.99.999,Riscossione crediti di breve termine a tasso non agevolato da altre Imprese,Vedi voce di IV livello
E.5.02.09.00.000,Riscossione crediti di breve termine a tasso non agevolato da Istituzioni Sociali Private,"Entrate da decremento di attività finanziaria determinato dalla riscossione di un credito di breve termine (inferiore a un anno) concesso alle Istituzioni sociali private a titolo di prestito, con un tasso pari a quello di mercato"
E.5.02.09.01.000,Riscossione crediti di breve termine a tasso non agevolato da Istituzioni Sociali Private,Vedi voce di III livello
E.5.02.09.01.001,Riscossione crediti di breve termine a tasso non agevolato da Istituzioni Sociali Private,Vedi voce di III livello
E.5.02.10.00.000,Riscossione crediti di breve termine a tasso non agevolato dall'Unione Europea e dal Resto del Mondo,"Entrate da decremento di attività finanziaria determinato dalla riscossione di un credito di breve termine (inferiore a un anno) concesso all'Unione Europea e al Resto del mondo a titolo di prestito, con un tasso pari a quello di mercato"
E.5.02.10.01.000,Riscossione crediti di breve termine a tasso non agevolato dall'Unione Europea,"Entrate da decremento di attività finanziaria determinato dalla riscossione di un credito di breve termine (inferiore a un anno) concesso all'Unione Europea a titolo di prestito, con un tasso pari a quello di mercato"
E.5.02.10.01.001,Riscossione crediti di breve termine a tasso non agevolato dall'Unione Europea,Vedi voce di IV livello
E.5.02.10.02.000,Riscossione crediti di breve termine a tasso non agevolato dal Resto del Mondo,"Entrate da decremento di attività finanziaria determinato dalla riscossione di un credito di breve termine (inferiore a un anno) concesso al Resto del mondo a titolo di prestito, con un tasso pari a quello di mercato"
E.5.02.10.02.001,Riscossione crediti di breve termine a tasso non agevolato dal Resto del Mondo,Vedi voce di IV livello
E.5.03.00.00.000,Riscossione crediti di medio-lungo termine,"Entrate da decremento di attività finanziaria determinato dalla riscossione di un credito, erogato a titolo di prestito a terzi, estinto dopo un anno dalla concessione"
E.5.03.01.00.000,Riscossione crediti di medio-lungo termine a tasso agevolato da Amministrazioni Pubbliche,"Entrate da decremento di attività finanziaria determinato dalla riscossione di un credito di medio-lungo termine (da estinguersi in un arco temporale superiore a un anno) concesso a un'altra amministrazione pubblica a titolo di prestito, con un tasso inferiore a quello di mercato.
 
 PER IL DETTAGLIO ANAGRAFICO DELLE CATEGORIE INCLUSE IN TALE RUBRICA SI RIMANDA ALL'APPENDICE AL GLOSSARIO."
E.5.03.01.01.000,Riscossione crediti di medio-lungo termine a tasso agevolato da Amministrazioni Centrali,"Entrate da decremento di attività finanziaria determinato dalla riscossione di un credito di medio-lungo termine (da estinguersi in un arco temporale superiore a un anno) concesso a una amministrazione pubblica centrale a titolo di prestito, con un tasso inferiore a quello di mercato"
E.5.03.01.01.001,Riscossione crediti di medio-lungo termine a tasso agevolato da Ministeri,Riscossione crediti di medio-lungo termine a tasso agevolato da Ministeri. Per ulteriori dettagli sul significato della concessione del credito si rimanda alla relativa voce di IV livello
E.5.03.01.01.003,Riscossione crediti di medio-lungo termine a tasso agevolato da Presidenza del Consiglio dei Ministri,Riscossione crediti di medio-lungo termine a tasso agevolato da Presidenza del Consiglio dei Ministri. Per ulteriori dettagli sul significato della concessione del credito si rimanda alla relativa voce di IV livello
E.5.03.01.01.004,Riscossione crediti di medio-lungo termine a tasso agevolato da Organi Costituzionali e di rilievo costituzionale,Riscossione crediti di medio-lungo termine a tasso agevolato da Organi Costituzionali e di rilievo costituzionale. Per ulteriori dettagli sul significato della concessione del credito si rimanda alla relativa voce di IV livello
E.5.03.01.01.005,Riscossione crediti di medio-lungo termine a tasso agevolato da Agenzie Fiscali,Riscossione crediti di medio-lungo termine a tasso agevolato da Agenzie Fiscali. Per ulteriori dettagli sul significato della concessione del credito si rimanda alla relativa voce di IV livello
E.5.03.01.01.006,Riscossione crediti di medio-lungo termine a tasso agevolato da enti di regolazione dell'attività economica,Riscossione crediti di medio-lungo termine a tasso agevolato da enti di regolazione dell'attività economica. Per ulteriori dettagli sul significato della concessione del credito si rimanda alla relativa voce di IV livello
E.5.03.01.01.007,Riscossione crediti di medio-lungo termine a tasso agevolato da Gruppo Equitalia,Riscossione crediti di medio-lungo termine a tasso agevolato da Gruppo Equitalia. Per ulteriori dettagli sul significato della concessione del credito si rimanda alla relativa voce di IV livello
E.5.03.01.01.008,Riscossione crediti di medio-lungo termine a tasso agevolato da Anas S.p.A.,Riscossione crediti di medio-lungo termine a tasso agevolato da Anas S.p.A.. Per ulteriori dettagli sul significato della concessione del credito si rimanda alla relativa voce di IV livello
E.5.03.01.01.009,Riscossione crediti di medio-lungo termine a tasso agevolato da altri enti centrali produttori di servizi economici,Riscossione crediti di medio-lungo termine a tasso agevolato da altri enti centrali produttori di servizi economici. Per ulteriori dettagli sul significato della concessione del credito si rimanda alla relativa voce di IV livello
E.5.03.01.01.010,Riscossione crediti di medio-lungo termine a tasso agevolato da autorità amministrative indipendenti,Riscossione crediti di medio-lungo termine a tasso agevolato da autorità amministrative indipendenti. Per ulteriori dettagli sul significato della concessione del credito si rimanda alla relativa voce di IV livello
E.5.03.01.01.011,Riscossione crediti di medio-lungo termine a tasso agevolato da enti centrali a struttura associativa,Riscossione crediti di medio-lungo termine a tasso agevolato da enti centrali a struttura associativa. Per ulteriori dettagli sul significato della concessione del credito si rimanda alla relativa voce di IV livello
E.5.03.01.01.012,"Riscossione crediti di medio-lungo termine a tasso agevolato da enti centrali produttori di servizi assistenziali, ricreativi e culturali","Riscossione crediti di medio-lungo termine a tasso agevolato da enti centrali produttori di servizi assistenziali, ricreativi e culturali. Per ulteriori dettagli sul significato della concessione del credito si rimanda alla relativa voce di IV livello"
E.5.03.01.01.013,Riscossione crediti di medio-lungo termine a tasso agevolato da enti e istituzioni centrali di ricerca e Istituti e stazioni sperimentali per la ricerca,Riscossione crediti di medio-lungo termine a tasso agevolato da enti e istituzioni centrali di ricerca e Istituti e stazioni sperimentali per la ricerca. Per ulteriori dettagli sul significato della concessione del credito si rimanda alla relativa voce di IV livello
E.5.03.01.01.999,Riscossione crediti di medio-lungo termine a tasso agevolato da altre Amministrazioni Centrali n.a.c.,Riscossione crediti di medio-lungo termine a tasso agevolato da altre Amministrazioni Centrali n.a.c.. Per ulteriori dettagli sul significato della concessione del credito si rimanda alla relativa voce di IV livello
E.5.03.01.02.000,Riscossione crediti di medio-lungo termine a tasso agevolato da Amministrazioni Locali,"Entrate da decremento di attività finanziaria determinato dalla riscossione di un credito di medio-lungo termine (da estinguersi in un arco temporale superiore a un anno) concesso a una amministrazione pubblica locale a titolo di prestito, con un tasso inferiore a quello di mercato"
E.5.03.01.02.001,Riscossione crediti di medio-lungo termine a tasso agevolato da Regioni e province autonome,Riscossione crediti di medio-lungo termine a tasso agevolato da Regioni e province autonome. Per ulteriori dettagli sul significato della concessione del credito si rimanda alla relativa voce di IV livello
E.5.03.01.02.002,Riscossione crediti di medio-lungo termine a tasso agevolato da Province,Riscossione crediti di medio-lungo termine a tasso agevolato da Province. Per ulteriori dettagli sul significato della concessione del credito si rimanda alla relativa voce di IV livello
E.5.03.01.02.003,Riscossione crediti di medio-lungo termine a tasso agevolato da Comuni,Riscossione crediti di medio-lungo termine a tasso agevolato da Comuni. Per ulteriori dettagli sul significato della concessione del credito si rimanda alla relativa voce di IV livello
E.5.03.01.02.004,Riscossione crediti di medio-lungo termine a tasso agevolato da Città metropolitane e Roma capitale,Riscossione crediti di medio-lungo termine a tasso agevolato da Città metropolitane e Roma capitale. Per ulteriori dettagli sul significato della concessione del credito si rimanda alla relativa voce di IV livello
E.5.03.01.02.005,Riscossione crediti di medio-lungo termine a tasso agevolato da Unioni di Comuni,Riscossione crediti di medio-lungo termine a tasso agevolato da Unioni di Comuni. Per ulteriori dettagli sul significato della concessione del credito si rimanda alla relativa voce di IV livello
E.5.03.01.02.006,Riscossione crediti di medio-lungo termine a tasso agevolato da Comunità Montane,Riscossione crediti di medio-lungo termine a tasso agevolato da Comunità Montane. Per ulteriori dettagli sul significato della concessione del credito si rimanda alla relativa voce di IV livello
E.5.03.01.02.007,Riscossione crediti di medio-lungo termine a tasso agevolato da Camere di Commercio,Riscossione crediti di medio-lungo termine a tasso agevolato da Camere di Commercio. Per ulteriori dettagli sul significato della concessione del credito si rimanda alla relativa voce di IV livello
E.5.03.01.02.008,Riscossione crediti di medio-lungo termine a tasso agevolato da Università,Riscossione crediti di medio-lungo termine a tasso agevolato da Università. Per ulteriori dettagli sul significato della concessione del credito si rimanda alla relativa voce di IV livello
E.5.03.01.02.009,Riscossione crediti di medio-lungo termine a tasso agevolato da Parchi nazionali e consorzi ed enti autonomi gestori di parchi e aree naturali protette,Riscossione crediti di medio-lungo termine a tasso agevolato da Parchi nazionali e consorzi ed enti autonomi gestori di parchi e aree naturali protette. Per ulteriori dettagli sul significato della concessione del credito si rimanda alla relativa voce di IV livello
E.5.03.01.02.010,Riscossione crediti di medio-lungo termine a tasso agevolato da Autorità Portuali,Riscossione crediti di medio-lungo termine a tasso agevolato da Autorità Portuali. Per ulteriori dettagli sul significato della concessione del credito si rimanda alla relativa voce di IV livello
E.5.03.01.02.011,Riscossione crediti di medio-lungo termine a tasso agevolato da Aziende sanitarie locali,Riscossione crediti di medio-lungo termine a tasso agevolato da Aziende sanitarie locali . Per ulteriori dettagli sul significato della concessione del credito si rimanda alla relativa voce di IV livello
E.5.03.01.02.012,Riscossione crediti di medio-lungo termine a tasso agevolato da Aziende ospedaliere e Aziende ospedaliere universitarie integrate con il SSN,Riscossione crediti di medio-lungo termine a tasso agevolato da Aziende ospedaliere e Aziende ospedaliere universitarie integrate con il SSN. Per ulteriori dettagli sul significato della concessione del credito si rimanda alla relativa voce di IV livello
E.5.03.01.02.013,Riscossione crediti di medio-lungo termine a tasso agevolato da Policlinici,Riscossione crediti di medio-lungo termine a tasso agevolato da Policlinici. Per ulteriori dettagli sul significato della concessione del credito si rimanda alla relativa voce di IV livello
E.5.03.01.02.014,Riscossione crediti di medio-lungo termine a tasso agevolato da Istituti di ricovero e cura a carattere scientifico pubblici,Riscossione crediti di medio-lungo termine a tasso agevolato da Istituti di ricovero e cura a carattere scientifico pubblici. Per ulteriori dettagli sul significato della concessione del credito si rimanda alla relativa voce di IV livello
E.5.03.01.02.015,Riscossione crediti di medio-lungo termine a tasso agevolato da altre Amministrazioni Locali produttrici di servizi sanitari,Riscossione crediti di medio-lungo termine a tasso agevolato da altre Amministrazioni Locali produttrici di servizi sanitari. Per ulteriori dettagli sul significato della concessione del credito si rimanda alla relativa voce di IV livello
E.5.03.01.02.016,Riscossione crediti di medio-lungo termine a tasso agevolato da Agenzie regionali per le erogazioni in agricoltura,Riscossione crediti di medio-lungo termine a tasso agevolato da Agenzie regionali per le erogazioni in agricoltura. Per ulteriori dettagli sul significato della concessione del credito si rimanda alla relativa voce di IV livello
E.5.03.01.02.017,Riscossione crediti di medio-lungo termine a tasso agevolato da altri enti e agenzie regionali e sub regionali,Riscossione crediti di medio-lungo termine a tasso agevolato da altri enti e agenzie regionali e sub regionali. Per ulteriori dettagli sul significato della concessione del credito si rimanda alla relativa voce di IV livello
E.5.03.01.02.018,Riscossione crediti di medio-lungo termine a tasso agevolato da Consorzi di enti locali,Riscossione crediti di medio-lungo termine a tasso agevolato da Consorzi di enti locali. Per ulteriori dettagli sul significato della concessione del credito si rimanda alla relativa voce di IV livello
E.5.03.01.02.019,Riscossione crediti di medio-lungo termine a tasso agevolato da Fondazioni e istituzioni liriche locali e da teatri stabili di iniziativa pubblica,Riscossione crediti di medio-lungo termine a tasso agevolato da Fondazioni e istituzioni liriche locali e da teatri stabili di iniziativa pubblica. Per ulteriori dettagli sul significato della concessione del credito si rimanda alla relativa voce di IV livello
E.5.03.01.02.999,Riscossione crediti di medio-lungo termine a tasso agevolato da altre Amministrazioni Locali n.a.c.,Riscossione crediti di medio-lungo termine a tasso agevolato da altre Amministrazioni Locali n.a.c.. Per ulteriori dettagli sul significato della concessione del credito si rimanda alla relativa voce di IV livello
E.5.03.01.03.000,Riscossione crediti di medio-lungo termine a tasso agevolato da Enti di Previdenza,"Entrate da decremento di attività finanziaria determinato dalla riscossione di un credito di medio-lungo termine (da estinguersi in un arco temporale superiore a un anno) concesso a enti di previdenza a titolo di prestito, con un tasso inferiore a quello di mercato"
E.5.03.01.03.001,Riscossione crediti di medio-lungo termine a tasso agevolato da INPS,Riscossione crediti di medio-lungo termine a tasso agevolato da INPS. Per ulteriori dettagli sul significato della concessione del credito si rimanda alla relativa voce di IV livello
E.5.03.01.03.002,Riscossione crediti di medio-lungo termine a tasso agevolato da INAIL,Riscossione crediti di medio-lungo termine a tasso agevolato da INAIL. Per ulteriori dettagli sul significato della concessione del credito si rimanda alla relativa voce di IV livello
E.5.03.01.03.999,Riscossione crediti di medio-lungo termine a tasso agevolato da altri Enti di Previdenza n.a.c.,Riscossione crediti di medio-lungo termine a tasso agevolato da altri Enti di Previdenza n.a.c.. Per ulteriori dettagli sul significato della concessione del credito si rimanda alla relativa voce di IV livello
E.5.03.01.04.000,Riscossione crediti di medio-lungo termine a tasso agevolato da organismi interni e/o unità locali della amministrazione,Entrate da decremento di attività finanziaria determinato dalla riscossione di un credito da estinguere dopo un anno dalla concessione erogato a titolo di prestito con tasso inferiore a quello di mercato a organismi interni e/o unità locali della amministrazione
E.5.03.01.04.001,Riscossione crediti di medio-lungo termine a tasso agevolato da organismi interni e/o unità locali della amministrazione,Vedi voce di IV livello
E.5.03.02.00.000,Riscossione crediti di medio-lungo termine a tasso agevolato da Famiglie,"Entrate da decremento di attività finanziaria determinato dalla riscossione di un credito di medio-lungo termine (da estinguersi in un arco temporale superiore a un anno) concesso alle famiglie a titolo di prestito, con un tasso inferiore a quello di mercato"
E.5.03.02.01.000,Riscossione crediti di medio-lungo termine a tasso agevolato da Famiglie,Vedi voce di III livello
E.5.03.02.01.001,Riscossione crediti di medio-lungo termine a tasso agevolato da Famiglie,Vedi voce di III livello
E.5.03.03.00.000,Riscossione crediti di medio-lungo termine a tasso agevolato da Imprese,"Entrate da decremento di attività finanziaria determinato dalla riscossione di un credito di medio-lungo termine (da estinguersi in un arco temporale superiore a un anno) concesso alle imprese a titolo di prestito, con un tasso inferiore a quello di mercato"
E.5.03.03.01.000,Riscossione crediti di medio-lungo termine a tasso agevolato da imprese controllate,"Entrate da decremento di attività finanziaria determinato dalla riscossione di un credito di medio-lungo termine (superiore a un anno) concesso alle imprese controllate a titolo di prestito, con un tasso inferiore a quello di mercato"
E.5.03.03.01.001,Riscossione crediti di medio-lungo termine a tasso agevolato da imprese controllate,Vedi voce di IV livello
E.5.03.03.02.000,Riscossione crediti di medio-lungo termine a tasso agevolato da altre imprese partecipate,"Entrate da decremento di attività finanziaria determinato dalla riscossione di un credito di medio-lungo termine (superiore a un anno) concesso alle imprese partecipate a titolo di prestito, con un tasso inferiore a quello di mercato"
E.5.03.03.02.001,Riscossione crediti di medio-lungo termine a tasso agevolato da altre imprese partecipate,Vedi voce di IV livello
E.5.03.03.03.000,Riscossione crediti di medio-lungo termine a tasso agevolato da Cassa Depositi e Prestiti,"Entrate da decremento di attività finanziaria determinato dalla riscossione di un credito di medio-lungo termine (superiore a un anno) concesso a CDDPP a titolo di prestito, con un tasso inferiore a quello di mercato"
E.5.03.03.03.001,Riscossione crediti di medio-lungo termine a tasso agevolato da Cassa Depositi e Prestiti,Vedi voce di IV livello
E.5.03.03.99.000,Riscossione crediti di medio-lungo termine a tasso agevolato da altre Imprese,"Entrate da decremento di attività finanziaria determinato dalla riscossione di un credito di medio-lungo termine (superiore a un anno) concesso ad altre imprese a titolo di prestito, con un tasso inferiore a quello di mercato"
E.5.03.03.99.999,Riscossione crediti di medio-lungo termine a tasso agevolato da altre Imprese,Vedi voce di IV livello
E.5.03.04.00.000,Riscossione crediti di medio-lungo termine a tasso agevolato da Istituzioni Sociali Private,"Entrate da decremento di attività finanziaria determinato dalla riscossione di un credito di medio-lungo termine (da estinguersi in un arco temporale superiore a un anno) concesso alle Istituzioni sociali private a titolo di prestito, con un tasso inferiore a quello di mercato"
E.5.03.04.01.000,Riscossione crediti di medio-lungo termine a tasso agevolato da Istituzioni Sociali Private,Vedi voce di III livello
E.5.03.04.01.001,Riscossione crediti di medio-lungo termine a tasso agevolato da Istituzioni Sociali Private,Vedi voce di III livello
E.5.03.05.00.000,Riscossione crediti di medio-lungo termine a tasso agevolato dall'Unione Europea e dal Resto del Mondo,"Entrate da decremento di attività finanziaria determinato dalla riscossione di un credito di medio-lungo termine (da estinguersi in un arco temporale superiore a un anno) concesso all'Unione Europea e al Resto del Mondo a titolo di prestito, con un tasso inferiore a quello di mercato"
E.5.03.05.01.000,Riscossione crediti di medio-lungo termine a tasso agevolato dall'Unione Europea,"Entrate da decremento di attività finanziaria determinato dalla riscossione di un credito di medio-lungo termine (da estinguersi in un arco temporale superiore a un anno) concesso all'Unione Europea a titolo di prestito, con un tasso inferiore a quello di mercato"
E.5.03.05.01.001,Riscossione crediti di medio-lungo termine a tasso agevolato dall'Unione Europea,Vedi voce di IV livello
E.5.03.05.02.000,Riscossione crediti di medio-lungo termine a tasso agevolato dal Resto del Mondo,"Entrate da decremento di attività finanziaria determinato dalla riscossione di un credito di medio-lungo termine (da estinguersi in un arco temporale superiore a un anno) concesso al Resto del Mondo a titolo di prestito, con un tasso inferiore a quello di mercato"
E.5.03.05.02.001,Riscossione crediti di medio-lungo termine a tasso agevolato dal Resto del Mondo,Vedi voce di IV livello
E.5.03.06.00.000,Riscossione crediti di medio-lungo termine a tasso non agevolato da Amministrazione Pubbliche,"Entrate da decremento di attività finanziaria determinato dalla riscossione di un credito di medio-lungo termine (da estinguersi in un arco temporale superiore a un anno) concesso a un'altra amministrazione pubblica a titolo di prestito, con un tasso pari a quello di mercato.
 
 PER IL DETTAGLIO ANAGRAFICO DELLE CATEGORIE INCLUSE IN TALE RUBRICA SI RIMANDA ALL'APPENDICE AL GLOSSARIO."
E.5.03.06.01.000,Riscossione crediti di medio-lungo termine a tasso non agevolato da Amministrazioni Centrali,"Entrate da decremento di attività finanziaria determinato dalla riscossione di un credito di medio-lungo termine (da estinguersi in un arco temporale superiore a un anno) concesso a una amministrazione pubblica centrale a titolo di prestito, con un tasso pari a quello di mercato"
E.5.03.06.01.001,Riscossione crediti di medio-lungo termine a tasso non agevolato da Ministeri,Riscossione crediti di medio-lungo termine a tasso non agevolato da Ministeri. Per ulteriori dettagli sul significato della concessione del credito si rimanda alla relativa voce di IV livello
E.5.03.06.01.003,Riscossione crediti di medio-lungo termine a tasso non agevolato da Presidenza del Consiglio dei Ministri,Riscossione crediti di medio-lungo termine a tasso non agevolato da Presidenza del Consiglio dei Ministri. Per ulteriori dettagli sul significato della concessione del credito si rimanda alla relativa voce di IV livello
E.5.03.06.01.004,Riscossione crediti di medio-lungo termine a tasso non agevolato da Organi Costituzionali e di rilievo costituzionale,Riscossione crediti di medio-lungo termine a tasso non agevolato da Organi Costituzionali e di rilievo costituzionale. Per ulteriori dettagli sul significato della concessione del credito si rimanda alla relativa voce di IV livello
E.5.03.06.01.005,Riscossione crediti di medio-lungo termine a tasso non agevolato da Agenzie Fiscali,Riscossione crediti di medio-lungo termine a tasso non agevolato da Agenzie Fiscali. Per ulteriori dettagli sul significato della concessione del credito si rimanda alla relativa voce di IV livello
E.5.03.06.01.006,Riscossione crediti di medio-lungo termine a tasso non agevolato da enti di regolazione dell'attività economica,Riscossione crediti di medio-lungo termine a tasso non agevolato da enti di regolazione dell'attività economica. Per ulteriori dettagli sul significato della concessione del credito si rimanda alla relativa voce di IV livello
E.5.03.06.01.007,Riscossione crediti di medio-lungo termine a tasso non agevolato da Gruppo Equitalia,Riscossione crediti di medio-lungo termine a tasso non agevolato da Gruppo Equitalia. Per ulteriori dettagli sul significato della concessione del credito si rimanda alla relativa voce di IV livello
E.5.03.06.01.008,Riscossione crediti di medio-lungo termine a tasso non agevolato da Anas S.p.A.,Riscossione crediti di medio-lungo termine a tasso non agevolato da Anas S.p.A.. Per ulteriori dettagli sul significato della concessione del credito si rimanda alla relativa voce di IV livello
E.5.03.06.01.009,Riscossione crediti di medio-lungo termine a tasso non agevolato da altri enti centrali produttori di servizi economici,Riscossione crediti di medio-lungo termine a tasso non agevolato da altri enti centrali produttori di servizi economici. Per ulteriori dettagli sul significato della concessione del credito si rimanda alla relativa voce di IV livello
E.5.03.06.01.010,Riscossione crediti di medio-lungo termine a tasso non agevolato da autorità amministrative indipendenti,Riscossione crediti di medio-lungo termine a tasso non agevolato da autorità amministrative indipendenti. Per ulteriori dettagli sul significato della concessione del credito si rimanda alla relativa voce di IV livello
E.5.03.06.01.011,Riscossione crediti di medio-lungo termine a tasso non agevolato da enti centrali a struttura associativa,Riscossione crediti di medio-lungo termine a tasso non agevolato da enti centrali a struttura associativa. Per ulteriori dettagli sul significato della concessione del credito si rimanda alla relativa voce di IV livello
E.5.03.06.01.012,"Riscossione crediti di medio-lungo termine a tasso non agevolato da enti centrali produttori di servizi assistenziali, ricreativi e culturali","Riscossione crediti di medio-lungo termine a tasso non agevolato da enti centrali produttori di servizi assistenziali, ricreativi e culturali. Per ulteriori dettagli sul significato della concessione del credito si rimanda alla relativa voce di IV livello"
E.5.03.06.01.013,Riscossione crediti di medio-lungo termine a tasso non agevolato da enti e istituzioni centrali di ricerca e Istituti e stazioni sperimentali per la ricerca,Riscossione crediti di medio-lungo termine a tasso non agevolato da enti e istituzioni centrali di ricerca e Istituti e stazioni sperimentali per la ricerca. Per ulteriori dettagli sul significato della concessione del credito si rimanda alla relativa voce di IV livello
E.5.03.06.01.999,Riscossione crediti di medio-lungo termine a tasso non agevolato da altre Amministrazioni Centrali n.a.c.,Riscossione crediti di medio-lungo termine a tasso non agevolato da altre Amministrazioni Centrali n.a.c.. Per ulteriori dettagli sul significato della concessione del credito si rimanda alla relativa voce di IV livello
E.5.03.06.02.000,Riscossione crediti di medio-lungo termine a tasso non agevolato da Amministrazioni Locali,"Entrate da decremento di attività finanziaria determinato dalla riscossione di un credito di medio-lungo termine (da estinguersi in un arco temporale superiore a un anno) concesso a una amministrazione pubblica locale a titolo di prestito, con un tasso pari a quello di mercato"
E.5.03.06.02.001,Riscossione crediti di medio-lungo termine a tasso non agevolato da Regioni e province autonome,Riscossione crediti di medio-lungo termine a tasso non agevolato da Regioni e province autonome. Per ulteriori dettagli sul significato della concessione del credito si rimanda alla relativa voce di IV livello
E.5.03.06.02.002,Riscossione crediti di medio-lungo termine a tasso non agevolato da Province,Riscossione crediti di medio-lungo termine a tasso non agevolato da Province. Per ulteriori dettagli sul significato della concessione del credito si rimanda alla relativa voce di IV livello
E.5.03.06.02.003,Riscossione crediti di medio-lungo termine a tasso non agevolato da Comuni,Riscossione crediti di medio-lungo termine a tasso non agevolato da Comuni. Per ulteriori dettagli sul significato della concessione del credito si rimanda alla relativa voce di IV livello
E.5.03.06.02.004,Riscossione crediti di medio-lungo termine a tasso non agevolato da Città metropolitane e Roma capitale,Riscossione crediti di medio-lungo termine a tasso non agevolato da Città metropolitane e Roma capitale. Per ulteriori dettagli sul significato della concessione del credito si rimanda alla relativa voce di IV livello
E.5.03.06.02.005,Riscossione crediti di medio-lungo termine a tasso non agevolato da Unioni di Comuni,Riscossione crediti di medio-lungo termine a tasso non agevolato da Unioni di Comuni. Per ulteriori dettagli sul significato della concessione del credito si rimanda alla relativa voce di IV livello
E.5.03.06.02.006,Riscossione crediti di medio-lungo termine a tasso non agevolato da Comunità Montane,Riscossione crediti di medio-lungo termine a tasso non agevolato da Comunità Montane. Per ulteriori dettagli sul significato della concessione del credito si rimanda alla relativa voce di IV livello
E.5.03.06.02.007,Riscossione crediti di medio-lungo termine a tasso non agevolato da Camere di Commercio,Riscossione crediti di medio-lungo termine a tasso non agevolato da Camere di Commercio. Per ulteriori dettagli sul significato della concessione del credito si rimanda alla relativa voce di IV livello
E.5.03.06.02.008,Riscossione crediti di medio-lungo termine a tasso non agevolato da Università,Riscossione crediti di medio-lungo termine a tasso non agevolato da Università. Per ulteriori dettagli sul significato della concessione del credito si rimanda alla relativa voce di IV livello
E.5.03.06.02.009,Riscossione crediti di medio-lungo termine a tasso non agevolato da Parchi nazionali e consorzi ed enti autonomi gestori di parchi e aree naturali protette,Riscossione crediti di medio-lungo termine a tasso non agevolato da Parchi nazionali e consorzi ed enti autonomi gestori di parchi e aree naturali protette. Per ulteriori dettagli sul significato della concessione del credito si rimanda alla relativa voce di IV livello
E.5.03.06.02.010,Riscossione crediti di medio-lungo termine a tasso non agevolato da Autorità Portuali,Riscossione crediti di medio-lungo termine a tasso non agevolato da Autorità Portuali. Per ulteriori dettagli sul significato della concessione del credito si rimanda alla relativa voce di IV livello
E.5.03.06.02.011,Riscossione crediti di medio-lungo termine a tasso non agevolato da Aziende sanitarie locali,Riscossione crediti di medio-lungo termine a tasso non agevolato da Aziende sanitarie locali . Per ulteriori dettagli sul significato della concessione del credito si rimanda alla relativa voce di IV livello
E.5.03.06.02.012,Riscossione crediti di medio-lungo termine a tasso non agevolato da Aziende ospedaliere e Aziende ospedaliere universitarie integrate con il SSN,Riscossione crediti di medio-lungo termine a tasso non agevolato da Aziende ospedaliere e Aziende ospedaliere universitarie integrate con il SSN. Per ulteriori dettagli sul significato della concessione del credito si rimanda alla relativa voce di IV livello
E.5.03.06.02.013,Riscossione crediti di medio-lungo termine a tasso non agevolato da Policlinici,Riscossione crediti di medio-lungo termine a tasso non agevolato da Policlinici. Per ulteriori dettagli sul significato della concessione del credito si rimanda alla relativa voce di IV livello
E.5.03.06.02.014,Riscossione crediti di medio-lungo termine a tasso non agevolato da Istituti di ricovero e cura a carattere scientifico pubblici,Riscossione crediti di medio-lungo termine a tasso non agevolato da Istituti di ricovero e cura a carattere scientifico pubblici. Per ulteriori dettagli sul significato della concessione del credito si rimanda alla relativa voce di IV livello
E.5.03.06.02.015,Riscossione crediti di medio-lungo termine a tasso non agevolato da altre Amministrazioni Locali produttrici di servizi sanitari,Riscossione crediti di medio-lungo termine a tasso non agevolato da altre Amministrazioni Locali produttrici di servizi sanitari. Per ulteriori dettagli sul significato della concessione del credito si rimanda alla relativa voce di IV livello
E.5.03.06.02.016,Riscossione crediti di medio-lungo termine a tasso non agevolato da Agenzie regionali per le erogazioni in agricoltura,Riscossione crediti di medio-lungo termine a tasso non agevolato da Agenzie regionali per le erogazioni in agricoltura. Per ulteriori dettagli sul significato della concessione del credito si rimanda alla relativa voce di IV livello
E.5.03.06.02.017,Riscossione crediti di medio-lungo termine a tasso non agevolato da altri enti e agenzie regionali e sub regionali,Riscossione crediti di medio-lungo termine a tasso non agevolato da altri enti e agenzie regionali e sub regionali. Per ulteriori dettagli sul significato della concessione del credito si rimanda alla relativa voce di IV livello
E.5.03.06.02.018,Riscossione crediti di medio-lungo termine a tasso non agevolato da Consorzi di enti locali,Riscossione crediti di medio-lungo termine a tasso non agevolato da Consorzi di enti locali. Per ulteriori dettagli sul significato della concessione del credito si rimanda alla relativa voce di IV livello
E.5.03.06.02.019,Riscossione crediti di medio-lungo termine a tasso non agevolato da Fondazioni e istituzioni liriche locali e da teatri stabili di iniziativa pubblica,Riscossione crediti di medio-lungo termine a tasso non agevolato da Fondazioni e istituzioni liriche locali e da teatri stabili di iniziativa pubblica. Per ulteriori dettagli sul significato della concessione del credito si rimanda alla relativa voce di IV livello
E.5.03.06.02.999,Riscossione crediti di medio-lungo termine a tasso non agevolato da altre Amministrazioni Locali n.a.c.,Riscossione crediti di medio-lungo termine a tasso non agevolato da altre Amministrazioni Locali n.a.c.. Per ulteriori dettagli sul significato della concessione del credito si rimanda alla relativa voce di IV livello
E.5.03.06.03.000,Riscossione crediti di medio-lungo termine a tasso non agevolato da Enti di Previdenza,"Entrate da decremento di attività finanziaria determinato dalla riscossione di un credito di medio-lungo termine (da estinguersi in un arco temporale superiore a un anno) concesso a un ente di previdenza a titolo di prestito, con un tasso pari a quello di mercato"
E.5.03.06.03.001,Riscossione crediti di medio-lungo termine a tasso non agevolato da INPS,Riscossione crediti di medio-lungo termine a tasso non agevolato da INPS. Per ulteriori dettagli sul significato della concessione del credito si rimanda alla relativa voce di IV livello
E.5.03.06.03.002,Riscossione crediti di medio-lungo termine a tasso non agevolato da INAIL,Riscossione crediti di medio-lungo termine a tasso non agevolato da INAIL. Per ulteriori dettagli sul significato della concessione del credito si rimanda alla relativa voce di IV livello
E.5.03.06.03.999,Riscossione crediti di medio-lungo termine a tasso non agevolato da altri Enti di Previdenza n.a.c.,Riscossione crediti di medio-lungo termine a tasso non agevolato da altri Enti di Previdenza n.a.c.. Per ulteriori dettagli sul significato della concessione del credito si rimanda alla relativa voce di IV livello
E.5.03.06.04.000,Riscossione crediti di medio-lungo termine a tasso non agevolato da organismi interni e/o unità locali della amministrazione,Entrate da decremento di attività finanziaria determinato dalla riscossione di un credito da estinguere dopo un anno dalla concessione erogato a titolo di prestito con tasso pari a quello di mercato a organismi interni e/o unità locali della amministrazione
E.5.03.06.04.001,Riscossione crediti di medio-lungo termine a tasso non agevolato da organismi interni e/o unità locali della amministrazione,Vedi voce di IV livello
E.5.03.07.00.000,Riscossione crediti di medio-lungo termine a tasso non agevolato da Famiglie,"Entrate da decremento di attività finanziaria determinato dalla riscossione di un credito di medio-lungo termine (da estinguersi in un arco temporale superiore a un anno) concesso alle famiglie a titolo di prestito, con un tasso pari a quello di mercato"
E.5.03.07.01.000,Riscossione crediti di medio-lungo termine a tasso non agevolato da Famiglie,Vedi voce di III livello
E.5.03.07.01.001,Riscossione crediti di medio-lungo termine a tasso non agevolato da Famiglie,Vedi voce di III livello
E.5.03.08.00.000,Riscossione crediti di medio-lungo termine a tasso non agevolato da Imprese,"Entrate da decremento di attività finanziaria determinato dalla riscossione di un credito di medio-lungo termine (da estinguersi in un arco temporale superiore a un anno) concesso alle imprese a titolo di prestito, con un tasso pari a quello di mercato"
E.5.03.08.01.000,Riscossione crediti di medio-lungo termine a tasso non agevolato da imprese controllate,"Entrate da decremento di attività finanziaria determinato dalla riscossione di un credito di medio-lungo termine (superiore a un anno) concesso alle imprese controllate a titolo di prestito, con un tasso pari a quello di mercato"
E.5.03.08.01.001,Riscossione crediti di medio-lungo termine a tasso non agevolato da imprese controllate,Vedi voce di IV livello
E.5.03.08.02.000,Riscossione crediti di medio-lungo termine a tasso non agevolato da altre imprese partecipate,"Entrate da decremento di attività finanziaria determinato dalla riscossione di un credito di medio-lungo termine (superiore a un anno) concesso alle imprese partecipate a titolo di prestito, con un tasso pari a quello di mercato"
E.5.03.08.02.001,Riscossione crediti di medio-lungo termine a tasso non agevolato da altre imprese partecipate,Vedi voce di IV livello
E.5.03.08.03.000,Riscossione crediti di medio-lungo termine a tasso non agevolato da Cassa Depositi e Prestiti,"Entrate da decremento di attività finanziaria determinato dalla riscossione di un credito di medio-lungo termine (superiore a un anno) concesso a CDDPP a titolo di prestito, con un tasso pari a quello di mercato"
E.5.03.08.03.001,Riscossione crediti di medio-lungo termine a tasso non agevolato da Cassa Depositi e Prestiti,Vedi voce di IV livello
E.5.03.08.99.000,Riscossione crediti di medio-lungo termine a tasso non agevolato da altre Imprese,"Entrate da decremento di attività finanziaria determinato dalla riscossione di un credito di medio-lungo termine (superiore a un anno) concesso ad altre imprese a titolo di prestito, con un tasso pari a quello di mercato"
E.5.03.08.99.999,Riscossione crediti di medio-lungo termine a tasso non agevolato da altre Imprese,Vedi voce di IV livello
E.5.03.09.00.000,Riscossione crediti di medio-lungo termine a tasso non agevolato da Istituzioni Sociali Private,"Entrate da decremento di attività finanziaria determinato dalla riscossione di un credito di medio-lungo termine (da estinguersi in un arco temporale superiore a un anno) concesso alle Istituzioni sociali private a titolo di prestito, con un tasso pari a quello di mercato"
E.5.03.09.01.000,Riscossione crediti di medio-lungo termine a tasso non agevolato da Istituzioni Sociali Private,Vedi voce di III livello
E.5.03.09.01.001,Riscossione crediti di medio-lungo termine a tasso non agevolato da Istituzioni Sociali Private,Vedi voce di III livello
E.5.03.10.00.000,Riscossione crediti di medio-lungo termine a tasso non agevolato dall'Unione Europea e dal Resto del Mondo,"Entrate da decremento di attività finanziaria determinato dalla riscossione di un credito di medio-lungo termine (da estinguersi in un arco temporale superiore a un anno) concesso all'Unione Europea e al Resto del Mondo a titolo di prestito, con un tasso pari a quello di mercato"
E.5.03.10.01.000,Riscossione crediti di medio-lungo termine a tasso non agevolato dall'Unione Europea,"Entrate da decremento di attività finanziaria determinato dalla riscossione di un credito di medio-lungo termine (da estinguersi in un arco temporale superiore a un anno) concesso all'Unione Europea a titolo di prestito, con un tasso pari a quello di mercato"
E.5.03.10.01.001,Riscossione crediti di medio-lungo termine a tasso non agevolato dall'Unione Europea,Vedi voce di IV livello
E.5.03.10.02.000,Riscossione crediti di medio-lungo termine a tasso non agevolato dal Resto del Mondo,"Entrate da decremento di attività finanziaria determinato dalla riscossione di un credito di medio-lungo termine (da estinguersi in un arco temporale superiore a un anno) concesso al Resto del Mondo a titolo di prestito, con un tasso pari a quello di mercato"
E.5.03.10.02.001,Riscossione crediti di medio-lungo termine a tasso non agevolato dal Resto del Mondo,Vedi voce di IV livello
E.5.03.11.00.000,Riscossione crediti sorti a seguito di escussione di garanzie in favore di Amministrazioni Pubbliche,"Riscossione crediti sorti a seguito dell'attivazione della garanzia fornita dall’ente sulle passività emesse da terzi. Nei casi in cui l’ente ha concesso una garanzia a favore di terzi, e la garanzia viene escussa, la relativa spesa è contabilizzata tra le concessione crediti a seguito di escussione di garanzie e, contestualmente, si registra il credito correlato, tra le riscossioni di crediti, con imputazione all’esercizio in cui il credito è esigibile. 
 
 PER IL DETTAGLIO ANAGRAFICO DELLE CATEGORIE INCLUSE IN TALE RUBRICA SI RIMANDA ALL'APPENDICE AL GLOSSARIO."
E.5.03.11.01.000,Riscossione crediti sorti a seguito di escussione di garanzie in favore di Amministrazioni Centrali,"Riscossione crediti sorti a seguito dell'attivazione della garanzia fornita dall’ente sulle passività emesse da amministrazioni ricadenti nel settore delle amministrazioni centrali. 
 
 Nelle voci che seguono si dettaglia la riscossione crediti rispetto all'ente per il quale è stata escussa la garanzia"
E.5.03.11.01.001,Riscossione crediti sorti a seguito di escussione di garanzie in favore di Ministeri,Riscossione crediti sorti a seguito di escussione di garanzie in favore di Ministeri. Per il significato della voce si rimanda alle relative voci di III e IV livello
E.5.03.11.01.003,Riscossione crediti sorti a seguito di escussione di garanzie in favore di Presidenza del Consiglio dei Ministri,Riscossione crediti sorti a seguito di escussione di garanzie in favore di Presidenza del Consiglio dei Ministri. Per il significato della voce si rimanda alle relative voci di III e IV livello
E.5.03.11.01.004,Riscossione crediti sorti a seguito di escussione di garanzie in favore di Organi Costituzionali e di rilievo costituzionale,Riscossione crediti sorti a seguito di escussione di garanzie in favore di Organi Costituzionali e di rilievo costituzionale. Per il significato della voce si rimanda alle relative voci di III e IV livello
E.5.03.11.01.005,Riscossione crediti sorti a seguito di escussione di garanzie in favore di Agenzie Fiscali,Riscossione crediti sorti a seguito di escussione di garanzie in favore di Agenzie Fiscali. Per il significato della voce si rimanda alle relative voci di III e IV livello
E.5.03.11.01.006,Riscossione crediti sorti a seguito di escussione di garanzie in favore di enti di regolazione dell'attività economica,Riscossione crediti sorti a seguito di escussione di garanzie in favore di enti di regolazione dell'attività economica. Per il significato della voce si rimanda alle relative voci di III e IV livello
E.5.03.11.01.007,Riscossione crediti sorti a seguito di escussione di garanzie in favore di Gruppo Equitalia,Riscossione crediti sorti a seguito di escussione di garanzie in favore di Gruppo Equitalia. Per il significato della voce si rimanda alle relative voci di III e IV livello
E.5.03.11.01.008,Riscossione crediti sorti a seguito di escussione di garanzie in favore di Anas S.p.A.,Riscossione crediti sorti a seguito di escussione di garanzie in favore di Anas S.p.A.. Per il significato della voce si rimanda alle relative voci di III e IV livello
E.5.03.11.01.009,Riscossione crediti sorti a seguito di escussione di garanzie in favore di altri enti centrali produttori di servizi economici,Riscossione crediti sorti a seguito di escussione di garanzie in favore di altri enti centrali produttori di servizi economici. Per il significato della voce si rimanda alle relative voci di III e IV livello
E.5.03.11.01.010,Riscossione crediti sorti a seguito di escussione di garanzie in favore di autorità amministrative indipendenti,Riscossione crediti sorti a seguito di escussione di garanzie in favore di autorità amministrative indipendenti. Per il significato della voce si rimanda alle relative voci di III e IV livello
E.5.03.11.01.011,Riscossione crediti sorti a seguito di escussione di garanzie in favore di enti centrali a struttura associativa,Riscossione crediti sorti a seguito di escussione di garanzie in favore di enti centrali a struttura associativa. Per il significato della voce si rimanda alle relative voci di III e IV livello
E.5.03.11.01.012,"Riscossione crediti sorti a seguito di escussione di garanzie in favore di enti centrali produttori di servizi assistenziali, ricreativi e culturali","Riscossione crediti sorti a seguito di escussione di garanzie in favore di enti centrali produttori di servizi assistenziali, ricreativi e culturali. Per il significato della voce si rimanda alle relative voci di III e IV livello"
E.5.03.11.01.013,Riscossione crediti sorti a seguito di escussione di garanzie in favore di enti e istituzioni centrali di ricerca e Istituti e stazioni sperimentali per la ricerca,Riscossione crediti sorti a seguito di escussione di garanzie in favore di enti e istituzioni centrali di ricerca e Istituti e stazioni sperimentali per la ricerca. Per il significato della voce si rimanda alle relative voci di III e IV livello
E.5.03.11.01.999,Riscossione crediti sorti a seguito di escussione di garanzie in favore di altre Amministrazioni Centrali n.a.c.,Riscossione crediti sorti a seguito di escussione di garanzie in favore di altre Amministrazioni Centrali n.a.c.. Per il significato della voce si rimanda alle relative voci di III e IV livello
E.5.03.11.02.000,Riscossione crediti sorti a seguito di escussione di garanzie in favore di Amministrazioni Locali,"Riscossione crediti sorti a seguito dell'attivazione della garanzia fornita dall’ente sulle passività emesse da amministrazioni ricadenti nel settore delle amministrazioni locali. 
 
 Nelle voci che seguono si dettaglia la riscossione crediti rispetto all'ente per il quale è stata escussa la garanzia"
E.5.03.11.02.001,Riscossione crediti sorti a seguito di escussione di garanzie in favore di Regioni e province autonome,Riscossione crediti sorti a seguito di escussione di garanzie in favore di Regioni e province autonome. Per il significato della voce si rimanda alle relative voci di III e IV livello
E.5.03.11.02.002,Riscossione crediti sorti a seguito di escussione di garanzie in favore di Province,Riscossione crediti sorti a seguito di escussione di garanzie in favore di Province. Per il significato della voce si rimanda alle relative voci di III e IV livello
E.5.03.11.02.003,Riscossione crediti sorti a seguito di escussione di garanzie in favore di Comuni,Riscossione crediti sorti a seguito di escussione di garanzie in favore di Comuni. Per il significato della voce si rimanda alle relative voci di III e IV livello
E.5.03.11.02.004,Riscossione crediti sorti a seguito di escussione di garanzie in favore di Città metropolitane e Roma capitale,Riscossione crediti sorti a seguito di escussione di garanzie in favore di Città metropolitane e Roma capitale. Per il significato della voce si rimanda alle relative voci di III e IV livello
E.5.03.11.02.005,Riscossione crediti sorti a seguito di escussione di garanzie in favore di Unioni di Comuni,Riscossione crediti sorti a seguito di escussione di garanzie in favore di Unioni di Comuni. Per il significato della voce si rimanda alle relative voci di III e IV livello
E.5.03.11.02.006,Riscossione crediti sorti a seguito di escussione di garanzie in favore di Comunità Montane,Riscossione crediti sorti a seguito di escussione di garanzie in favore di Comunità Montane. Per il significato della voce si rimanda alle relative voci di III e IV livello
E.5.03.11.02.007,Riscossione crediti sorti a seguito di escussione di garanzie in favore di Camere di Commercio,Riscossione crediti sorti a seguito di escussione di garanzie in favore di Camere di Commercio. Per il significato della voce si rimanda alle relative voci di III e IV livello
E.5.03.11.02.008,Riscossione crediti sorti a seguito di escussione di garanzie in favore di Università,Riscossione crediti sorti a seguito di escussione di garanzie in favore di Università. Per il significato della voce si rimanda alle relative voci di III e IV livello
E.5.03.11.02.009,Riscossione crediti sorti a seguito di escussione di garanzie in favore di Parchi nazionali e consorzi ed enti autonomi gestori di parchi e aree naturali protette,Riscossione crediti sorti a seguito di escussione di garanzie in favore di Parchi nazionali e consorzi ed enti autonomi gestori di parchi e aree naturali protette. Per il significato della voce si rimanda alle relative voci di III e IV livello
E.5.03.11.02.010,Riscossione crediti sorti a seguito di escussione di garanzie in favore di Autorità Portuali,Riscossione crediti sorti a seguito di escussione di garanzie in favore di Autorità Portuali. Per il significato della voce si rimanda alle relative voci di III e IV livello
E.5.03.11.02.011,Riscossione crediti sorti a seguito di escussione di garanzie in favore di Aziende sanitarie locali,Riscossione crediti sorti a seguito di escussione di garanzie in favore di Aziende sanitarie locali . Per il significato della voce si rimanda alle relative voci di III e IV livello
E.5.03.11.02.012,Riscossione crediti sorti a seguito di escussione di garanzie in favore di Aziende ospedaliere e Aziende ospedaliere universitarie integrate con il SSN,Riscossione crediti sorti a seguito di escussione di garanzie in favore di Aziende ospedaliere e Aziende ospedaliere universitarie integrate con il SSN. Per il significato della voce si rimanda alle relative voci di III e IV livello
E.5.03.11.02.013,Riscossione crediti sorti a seguito di escussione di garanzie in favore di Policlinici,Riscossione crediti sorti a seguito di escussione di garanzie in favore di Policlinici. Per il significato della voce si rimanda alle relative voci di III e IV livello
E.5.03.11.02.014,Riscossione crediti sorti a seguito di escussione di garanzie in favore di Istituti di ricovero e cura a carattere scientifico pubblici,Riscossione crediti sorti a seguito di escussione di garanzie in favore di Istituti di ricovero e cura a carattere scientifico pubblici. Per il significato della voce si rimanda alle relative voci di III e IV livello
E.5.03.11.02.015,Riscossione crediti sorti a seguito di escussione di garanzie in favore di altre Amministrazioni Locali produttrici di servizi sanitari,Riscossione crediti sorti a seguito di escussione di garanzie in favore di altre Amministrazioni Locali produttrici di servizi sanitari. Per il significato della voce si rimanda alle relative voci di III e IV livello
E.5.03.11.02.016,Riscossione crediti sorti a seguito di escussione di garanzie in favore di Agenzie regionali per le erogazioni in agricoltura,Riscossione crediti sorti a seguito di escussione di garanzie in favore di Agenzie regionali per le erogazioni in agricoltura. Per il significato della voce si rimanda alle relative voci di III e IV livello
E.5.03.11.02.017,Riscossione crediti sorti a seguito di escussione di garanzie in favore di altri enti e agenzie regionali e sub regionali,Riscossione crediti sorti a seguito di escussione di garanzie in favore di altri enti e agenzie regionali e sub regionali. Per il significato della voce si rimanda alle relative voci di III e IV livello
E.5.03.11.02.018,Riscossione crediti sorti a seguito di escussione di garanzie in favore di Consorzi di enti locali,Riscossione crediti sorti a seguito di escussione di garanzie in favore di Consorzi di enti locali. Per il significato della voce si rimanda alle relative voci di III e IV livello
E.5.03.11.02.019,Riscossione crediti sorti a seguito di escussione di garanzie in favore di Fondazioni e istituzioni liriche locali e a Teatri stabili di iniziativa pubblica,Riscossione crediti sorti a seguito di escussione di garanzie in favore di Fondazioni e istituzioni liriche locali e a Teatri stabili di iniziativa pubblica. Per il significato della voce si rimanda alle relative voci di III e IV livello
E.5.03.11.02.999,Riscossione crediti sorti a seguito di escussione di garanzie in favore di altre Amministrazioni Locali n.a.c.,Riscossione crediti sorti a seguito di escussione di garanzie in favore di altre Amministrazioni Locali n.a.c.. Per il significato della voce si rimanda alle relative voci di III e IV livello
E.5.03.11.03.000,Riscossione crediti sorti a seguito di escussione di garanzie in favore di Enti di Previdenza,"Riscossione crediti sorti a seguito dell'attivazione della garanzia fornita dall’ente sulle passività emesse da amministrazioni ricadenti nel settore degli enti di previdenza.
 
 Nelle voci che seguono si dettaglia la riscossione crediti rispetto all'ente per il quale è stata escussa la garanzia"
E.5.03.11.03.001,Riscossione crediti sorti a seguito di escussione di garanzie in favore di INPS,Riscossione crediti sorti a seguito di escussione di garanzie in favore di INPS. Per il significato della voce si rimanda alle relative voci di III e IV livello
E.5.03.11.03.002,Riscossione crediti sorti a seguito di escussione di garanzie in favore di INAIL,Riscossione crediti sorti a seguito di escussione di garanzie in favore di INAIL. Per il significato della voce si rimanda alle relative voci di III e IV livello
E.5.03.11.03.999,Riscossione crediti sorti a seguito di escussione di garanzie in favore di altri Enti di Previdenza,Riscossione crediti sorti a seguito di escussione di garanzie in favore di altri Enti di Previdenza. Per il significato della voce si rimanda alle relative voci di III e IV livello
E.5.03.12.00.000,Riscossione crediti sorti a seguito di escussione di garanzie in favore di Famiglie,Riscossione crediti sorti a seguito dell'attivazione della garanzia fornita dall’ente sulle passività detenute dalle famiglie.
E.5.03.12.01.000,Riscossione crediti sorti a seguito di escussione di garanzie in favore di Famiglie,Vedi voce di III livello
E.5.03.12.01.001,Riscossione crediti sorti a seguito di escussione di garanzie in favore di Famiglie,Vedi voce di III livello
E.5.03.13.00.000,Riscossione crediti sorti a seguito di escussione di garanzie in favore di Imprese,Riscossione crediti sorti a seguito dell'attivazione della garanzia fornita dall’ente sulle passività detenute dalle imprese.
E.5.03.13.01.000,Riscossione crediti sorti a seguito di escussione di garanzie in favore di imprese controllate,Riscossione crediti sorti a seguito dell'attivazione della garanzia fornita dall’ente sulle passività detenute dalle imprese controllate.
E.5.03.13.01.001,Riscossione crediti sorti a seguito di escussione di garanzie in favore di imprese controllate,Vedi voce di IV livello
E.5.03.13.02.000,Riscossione crediti sorti a seguito di escussione di garanzie in favore di altre imprese partecipate,Riscossione crediti sorti a seguito dell'attivazione della garanzia fornita dall’ente sulle passività detenute dalle altre imprese partecipate.
E.5.03.13.02.001,Riscossione crediti sorti a seguito di escussione di garanzie in favore di altre imprese partecipate,Vedi voce di IV livello
E.5.03.13.03.000,Riscossione crediti sorti a seguito di escussione di garanzie in favore della Cassa Depositi e Prestiti - SPA,Riscossione crediti sorti a seguito dell'attivazione della garanzia fornita dall’ente sulle passività detenute dalle CDDPP.
E.5.03.13.03.001,Riscossione crediti sorti a seguito di escussione di garanzie in favore della Cassa Depositi e Prestiti - SPA,Vedi voce di IV livello
E.5.03.13.99.000,Riscossione crediti sorti a seguito di escussione di garanzie in favore di altre Imprese,Riscossione crediti sorti a seguito dell'attivazione della garanzia fornita dall’ente sulle passività detenute da altre imprese non ricadenti nelle voci precedenti.
E.5.03.13.99.999,Riscossione crediti sorti a seguito di escussione di garanzie in favore di altre Imprese,Vedi voce di IV livello
E.5.03.14.00.000,Riscossione crediti sorti a seguito di escussione di garanzie in favore di Istituzioni Sociali Private,Riscossione crediti sorti a seguito dell'attivazione della garanzia fornita dall’ente sulle passività detenute dalle Istituzioni Sociali Private
E.5.03.14.01.000,Riscossione crediti sorti a seguito di escussione di garanzie in favore di Istituzioni Sociali Private,Vedi voce di III livello
E.5.03.14.01.001,Riscossione crediti sorti a seguito di escussione di garanzie in favore di Istituzioni Sociali Private,Vedi voce di III livello
E.5.03.15.00.000,Riscossione crediti sorti a seguito di escussione di garanzie in favore dell'Unione Europea e del Resto del Mondo,Riscossione crediti sorti a seguito dell'attivazione della garanzia fornita dall’ente sulle passività detenute dall'Unione europea e dal Resto del mondo
E.5.03.15.01.000,Riscossione crediti sorti a seguito di escussione di garanzie in favore dell'Unione Europea,Riscossione crediti sorti a seguito dell'attivazione della garanzia fornita dall’ente sulle passività detenute dall'Unione europea
E.5.03.15.01.001,Riscossione crediti sorti a seguito di escussione di garanzie in favore dell'Unione Europea,Vedi voce di IV livello
E.5.03.15.02.000,Riscossione crediti sorti a seguito di escussione di garanzie in favore del Resto del Mondo,Riscossione crediti sorti a seguito dell'attivazione della garanzia fornita dall’ente sulle passività detenute dal Resto del mondo
E.5.03.15.02.001,Riscossione crediti sorti a seguito di escussione di garanzie in favore del Resto del Mondo,Vedi voce di IV livello
E.5.04.00.00.000,Altre entrate per riduzione di attività finanziarie,Altre entrate derivanti dal decremento di attività finanziarie non classificabili nelle altre voci
E.5.04.01.00.000,Altre entrate per riduzione di altre attività finanziarie verso Amministrazioni Pubbliche,"Altre entrate per riduzione di altre attività finanziarie verso Amministrazioni Pubbliche.
 
 PER IL DETTAGLIO ANAGRAFICO DELLE CATEGORIE INCLUSE IN TALE RUBRICA SI RIMANDA ALL'APPENDICE AL GLOSSARIO."
E.5.04.01.01.000,Altre entrate per riduzione di altre attività finanziarie verso Amministrazioni Centrali,Altre entrate per riduzione di altre attività finanziarie verso Amministrazioni Centrali
E.5.04.01.01.001,Altre entrate per riduzione di altre attività finanziarie verso Ministeri,Altre entrate per riduzione di altre attività finanziarie verso Ministeri
E.5.04.01.01.003,Altre entrate per riduzione di altre attività finanziarie verso Presidenza del Consiglio dei Ministri,Altre entrate per riduzione di altre attività finanziarie verso Presidenza del Consiglio dei Ministri
E.5.04.01.01.004,Altre entrate per riduzione di altre attività finanziarie verso Organi Costituzionali e di rilievo costituzionale,Altre entrate per riduzione di altre attività finanziarie verso Organi Costituzionali e di rilievo costituzionale
E.5.04.01.01.005,Altre entrate per riduzione di altre attività finanziarie verso Agenzie Fiscali,Altre entrate per riduzione di altre attività finanziarie verso Agenzie Fiscali
E.5.04.01.01.006,Altre entrate per riduzione di altre attività finanziarie verso enti di regolazione dell'attività economica,Altre entrate per riduzione di altre attività finanziarie verso enti di regolazione dell'attività economica
E.5.04.01.01.007,Altre entrate per riduzione di altre attività finanziarie verso Gruppo Equitalia,Altre entrate per riduzione di altre attività finanziarie verso Gruppo Equitalia
E.5.04.01.01.008,Altre entrate per riduzione di altre attività finanziarie verso Anas S.p.A.,Altre entrate per riduzione di altre attività finanziarie verso Anas S.p.A.
E.5.04.01.01.009,Altre entrate per riduzione di altre attività finanziarie verso altri enti centrali produttori di servizi economici,Altre entrate per riduzione di altre attività finanziarie verso altri enti centrali produttori di servizi economici
E.5.04.01.01.010,Altre entrate per riduzione di altre attività finanziarie verso autorità amministrative indipendenti,Altre entrate per riduzione di altre attività finanziarie verso autorità amministrative indipendenti
E.5.04.01.01.011,Altre entrate per riduzione di altre attività finanziarie verso enti centrali a struttura associativa,Altre entrate per riduzione di altre attività finanziarie verso enti centrali a struttura associativa
E.5.04.01.01.012,"Altre entrate per riduzione di altre attività finanziarie verso enti centrali produttori di servizi assistenziali, ricreativi e culturali","Altre entrate per riduzione di altre attività finanziarie verso enti centrali produttori di servizi assistenziali, ricreativi e culturali"
E.5.04.01.01.013,Altre entrate per riduzione di altre attività finanziarie verso enti e istituzioni centrali di ricerca e Istituti e stazioni sperimentali per la ricerca,Altre entrate per riduzione di altre attività finanziarie verso enti e istituzioni centrali di ricerca e Istituti e stazioni sperimentali per la ricerca
E.5.04.01.01.999,Altre entrate per riduzione di altre attività finanziarie verso altre Amministrazioni Centrali n.a.c.,Altre entrate per riduzione di altre attività finanziarie verso altre Amministrazioni Centrali n.a.c.
E.5.04.01.02.000,Altre entrate per riduzione di altre attività finanziarie verso Amministrazioni Locali,Altre entrate per riduzione di altre attività finanziarie verso Amministrazioni Locali
E.5.04.01.02.001,Altre entrate per riduzione di altre attività finanziarie verso Regioni e province autonome,Altre entrate per riduzione di altre attività finanziarie verso Regioni e province autonome
E.5.04.01.02.002,Altre entrate per riduzione di altre attività finanziarie verso Province,Altre entrate per riduzione di altre attività finanziarie verso Province
E.5.04.01.02.003,Altre entrate per riduzione di altre attività finanziarie verso Comuni,Altre entrate per riduzione di altre attività finanziarie verso Comuni
E.5.04.01.02.004,Altre entrate per riduzione di altre attività finanziarie verso Città metropolitane e Roma capitale,Altre entrate per riduzione di altre attività finanziarie verso Città metropolitane e Roma capitale
E.5.04.01.02.005,Altre entrate per riduzione di altre attività finanziarie verso Unioni di Comuni,Altre entrate per riduzione di altre attività finanziarie verso Unioni di Comuni
E.5.04.01.02.006,Altre entrate per riduzione di altre attività finanziarie verso Comunità Montane,Altre entrate per riduzione di altre attività finanziarie verso Comunità Montane
E.5.04.01.02.007,Altre entrate per riduzione di altre attività finanziarie verso Camere di Commercio,Altre entrate per riduzione di altre attività finanziarie verso Camere di Commercio
E.5.04.01.02.008,Altre entrate per riduzione di altre attività finanziarie verso Università,Altre entrate per riduzione di altre attività finanziarie verso Università
E.5.04.01.02.009,Altre entrate per riduzione di altre attività finanziarie verso Parchi nazionali e consorzi ed enti autonomi gestori di parchi e aree naturali protette,Altre entrate per riduzione di altre attività finanziarie verso Parchi nazionali e consorzi ed enti autonomi gestori di parchi e aree naturali protette
E.5.04.01.02.010,Altre entrate per riduzione di altre attività finanziarie verso Autorità Portuali,Altre entrate per riduzione di altre attività finanziarie verso Autorità Portuali
E.5.04.01.02.011,Altre entrate per riduzione di altre attività finanziarie verso Aziende sanitarie locali,Altre entrate per riduzione di altre attività finanziarie verso Aziende sanitarie locali
E.5.04.01.02.012,Altre entrate per riduzione di altre attività finanziarie verso Aziende ospedaliere e Aziende ospedaliere universitarie integrate con il SSN,Altre entrate per riduzione di altre attività finanziarie verso Aziende ospedaliere e Aziende ospedaliere universitarie integrate con il SSN
E.5.04.01.02.013,Altre entrate per riduzione di altre attività finanziarie verso Policlinici,Altre entrate per riduzione di altre attività finanziarie verso Policlinici
E.5.04.01.02.014,Altre entrate per riduzione di altre attività finanziarie verso Istituti di ricovero e cura a carattere scientifico pubblici,Altre entrate per riduzione di altre attività finanziarie verso Istituti di ricovero e cura a carattere scientifico pubblici
E.5.04.01.02.015,Altre entrate per riduzione di altre attività finanziarie verso altre Amministrazioni Locali produttrici di servizi sanitari,Altre entrate per riduzione di altre attività finanziarie verso altre Amministrazioni Locali produttrici di servizi sanitari
E.5.04.01.02.016,Altre entrate per riduzione di altre attività finanziarie verso Agenzie regionali per le erogazioni in agricoltura,Altre entrate per riduzione di altre attività finanziarie verso Agenzie regionali per le erogazioni in agricoltura
E.5.04.01.02.017,Altre entrate per riduzione di altre attività finanziarie verso altri enti e agenzie regionali e sub regionali,Altre entrate per riduzione di altre attività finanziarie verso altri enti e agenzie regionali e sub regionali
E.5.04.01.02.018,Altre entrate per riduzione di altre attività finanziarie verso Consorzi di enti locali,Altre entrate per riduzione di altre attività finanziarie verso Consorzi di enti locali
E.5.04.01.02.019,Altre entrate per riduzione di altre attività finanziarie verso Fondazioni e istituzioni liriche locali e da teatri stabili di iniziativa pubblica,Altre entrate per riduzione di altre attività finanziarie verso Fondazioni e istituzioni liriche locali e da teatri stabili di iniziativa pubblica
E.5.04.01.02.999,Altre entrate per riduzione di altre attività finanziarie verso altre Amministrazioni Locali n.a.c.,Altre entrate per riduzione di altre attività finanziarie verso altre Amministrazioni Locali n.a.c.
E.5.04.01.03.000,Altre entrate per riduzione di altre attività finanziarie verso Enti di Previdenza,Altre entrate per riduzione di altre attività finanziarie verso Enti di Previdenza
E.5.04.01.03.001,Altre entrate per riduzione di altre attività finanziarie verso INPS,Altre entrate per riduzione di altre attività finanziarie verso INPS
E.5.04.01.03.002,Altre entrate per riduzione di altre attività finanziarie verso INAIL,Altre entrate per riduzione di altre attività finanziarie verso INAIL
E.5.04.01.03.999,Altre entrate per riduzione di altre attività finanziarie verso altri Enti di Previdenza n.a.c.,Altre entrate per riduzione di altre attività finanziarie verso altri Enti di Previdenza n.a.c.
E.5.04.02.00.000,Altre entrate per riduzione di altre attività finanziarie verso Famiglie,Altre entrate per riduzione di altre attività finanziarie verso Famiglie
E.5.04.02.01.000,Altre entrate per riduzione di altre attività finanziarie verso Famiglie,Vedi voce di III livello
E.5.04.02.01.001,Altre entrate per riduzione di altre attività finanziarie verso Famiglie,Vedi voce di III livello
E.5.04.03.00.000,Altre entrate per riduzione di altre attività finanziarie verso Imprese,Altre entrate per riduzione di altre attività finanziarie verso Imprese
E.5.04.03.01.000,Altre entrate per riduzione di altre attività finanziarie verso imprese controllate,Altre entrate per riduzione di altre attività finanziarie verso imprese controllate
E.5.04.03.01.001,Altre entrate per riduzione di altre attività finanziarie verso imprese controllate,Vedi voce di IV livello
E.5.04.03.02.000,Altre entrate per riduzione di altre attività finanziarie verso altre imprese partecipate,Altre entrate per riduzione di altre attività finanziarie verso altre imprese partecipate
E.5.04.03.02.001,Altre entrate per riduzione di altre attività finanziarie verso altre imprese partecipate,Vedi voce di IV livello
E.5.04.03.03.000,Altre entrate per riduzione di altre attività finanziarie verso Cassa Depositi e Prestiti,Altre entrate per riduzione di altre attività finanziarie verso Cassa Depositi e Prestiti
E.5.04.03.03.001,Altre entrate per riduzione di altre attività finanziarie verso Cassa Depositi e Prestiti,Vedi voce di IV livello
E.5.04.03.99.000,Altre entrate per riduzione di altre attività finanziarie verso altre Imprese,Altre entrate per riduzione di altre attività finanziarie verso altre Imprese
E.5.04.03.99.999,Altre entrate per riduzione di altre attività finanziarie verso altre Imprese,Vedi voce di IV livello
E.5.04.04.00.000,Altre entrate per riduzione di altre attività finanziarie verso Istituzioni Sociali Private,Altre entrate per riduzione di altre attività finanziarie verso Istituzioni Sociali Private
E.5.04.04.01.000,Altre entrate per riduzione di altre attività finanziarie verso Istituzioni Sociali Private,Altre entrate per riduzione di altre attività finanziarie verso Istituzioni Sociali Private
E.5.04.04.01.001,Altre entrate per riduzione di altre attività finanziarie verso Istituzioni Sociali Private,Vedi voce di IV livello
E.5.04.05.00.000,Altre entrate per riduzione di altre attività finanziarie verso Unione Europea e Resto del Mondo,Altre entrate per riduzione di altre attività finanziarie verso Unione Europea e Resto del Mondo
E.5.04.05.01.000,Altre entrate per riduzione di altre attività finanziarie verso Unione Europea,Altre entrate per riduzione di altre attività finanziarie verso Unione Europea
E.5.04.05.01.001,Altre entrate per riduzione di altre attività finanziarie verso Unione Europea,Vedi voce di IV livello
E.5.04.05.02.000,Altre entrate per riduzione di altre attività finanziarie verso Resto del Mondo,Altre entrate per riduzione di altre attività finanziarie verso Resto del Mondo
E.5.04.05.02.001,Altre entrate per riduzione di altre attività finanziarie verso Resto del Mondo,Vedi voce di IV livello
E.5.04.06.00.000,Prelievi dai conti di tesoreria statale diversi dalla Tesoreria Unica,Entrate derivanti dall'acquisizione a bilancio di disponibilità giacenti su conti diversi dai conti della tesoreria unica
E.5.04.06.01.000,Prelievi dai conti di tesoreria statale diversi dalla Tesoreria Unica,Vedi voce di III livello
E.5.04.06.01.001,Prelievi dai conti di tesoreria statale diversi dalla Tesoreria Unica,Vedi voce di III livello
E.5.04.07.00.000,Prelievi da depositi bancari,Entrate derivanti dall'acquisizione a bilancio di disponibilità giacenti su conti accesi presso istituti bancari
E.5.04.07.01.000,Prelievi da depositi bancari,Vedi voce di III livello
E.5.04.07.01.001,Prelievi da depositi bancari,Vedi voce di III livello
E.5.04.08.00.000,Entrate da derivati di ammortamento,Entrate derivanti dalla chiusura di derivati contratti per l'ammortamento di debiti sottostanti.
E.5.04.08.01.000,Entrate da derivati di ammortamento,Vedi voce di III livello
E.5.04.08.01.001,Entrate derivanti dalla chiusura di un derivato di ammortamento,"La voce rileva l'entrata derivante dal diritto di ricevere risorse finanziarie alla scadenza di un contratto concernente derivati “bullet/amortizing”, diretti a costituire forme di ammortamento graduale di un debito sottostante, costituito da buoni obbligazionari emessi in formato “bullet” (che prevedono il rimborso del capitale in un’unica soluzione alla scadenza), di importo pari a quello del debito sottostante al derivato."
E.5.04.08.01.002,Entrate derivanti dalla chiusura anticipata di un derivato di ammortamento,"La voce registra l'entrata derivante dall'estinzione anticipata di derivati ""bullet/amortizing"". A tal fine gli enti che adottano il princio della competenza finanziaria potenziata cancellano il credito già accertato e imputato all'esercizio di scadenza del debito sottostante e riaccertano l'entrata derivante dalla chiusura anticipata del derivato su tale voce, con imputazione all'esercizio dell'estinzione anticipata anche in caso di assenza di effettive riscossioni o pagamenti (attraverso una regolazione contabile)."
E.6.00.00.00.000,Accensione Prestiti,"Le accensioni prestiti riguardano l'accensione di strumenti finanziari di finanziamento classificabili all'interno delle seguenti voci:
 - Emissione di titoli obbligazionari
 - Accensione prestiti a breve termine
 - Accensione prestiti a medio - lungo termine
 - Accensione prestiti da attualizzazione Contributi Pluriennali
 - Accensione prestiti a seguito di escussione di garanzie
 
 Il beneficiario di un credito ricevuto da un terzo registra l'erogazione in entrata alla rubrica ""Accensione prestiti"". L'ente debitore rimborserà la quota capitale all'interno della rubrica ""Rimborso prestiti"" e la quota interessi tra gli ""interessi passivi"""
E.6.01.00.00.000,Emissione di titoli obbligazionari,"Incremento della passività, quantificata in termini di capitale nominale, derivante da uno strumento finanziario negoziabile che comprova l’obbligo per la pubblica amministrazione emittente di restituzione di detto capitale secondo le condizioni economiche stabilite"
E.6.01.01.00.000,Emissioni titoli obbligazionari a breve termine,"Incremento della passività, quantificata in termini di capitale nominale, derivante da uno strumento finanziario negoziabile con durata uguale o inferiore all’anno che comprova l’obbligo per la pubblica amministrazione emittente di restituzione di detto capitale secondo condizioni economiche stabilite"
E.6.01.01.01.000,Emissione di titoli obbligazionari a breve termine in valuta domestica,"Incremento della passività, quantificata in termini di capitale nominale, derivante da uno strumento finanziario negoziabile con durata uguale o inferiore all’anno che comprova l’obbligo per la pubblica amministrazione emittente di restituzione di detto capitale in valuta domestica secondo condizioni economiche stabilite"
E.6.01.01.01.001,Emissione di titoli obbligazionari a breve termine a tasso fisso - valuta domestica,"Incremento della passività, quantificata in termini di capitale nominale, derivante da uno strumento finanziario negoziabile a tasso fisso con durata uguale o inferiore all’anno che comprova l’obbligo per la pubblica amministrazione emittente di restituzione di detto capitale in valuta domestica secondo condizioni economiche stabilite"
E.6.01.01.01.002,Emissione di titoli obbligazionari a breve termine a tasso variabile - valuta domestica,"Incremento della passività, quantificata in termini di capitale nominale, derivante da uno strumento finanziario negoziabile a tasso variabile con durata uguale o inferiore all’anno che comprova l’obbligo per la pubblica amministrazione emittente di restituzione di detto capitale in valuta domestica secondo condizioni economiche stabilite"
E.6.01.01.02.000,Emissione di titoli obbligazionari a breve termine in valuta estera,"Incremento della passività, quantificata in termini di capitale nominale, derivante da uno strumento finanziario negoziabile con durata uguale o inferiore all’anno che comprova l’obbligo per la pubblica amministrazione emittente di restituzione di detto capitale in valuta estera secondo condizioni economiche stabilite"
E.6.01.01.02.001,Emissione di titoli obbligazionari a breve termine a tasso fisso - valuta estera,"Incremento della passività, quantificata in termini di capitale nominale, derivante da uno strumento finanziario negoziabile a tasso fisso con durata uguale o inferiore all’anno che comprova l’obbligo per la pubblica amministrazione emittente di restituzione di detto capitale in valuta estera secondo condizioni economiche stabilite"
E.6.01.01.02.002,Emissione di titoli obbligazionari a breve termine a tasso variabile - valuta estera,"Incremento della passività, quantificata in termini di capitale nominale, derivante da uno strumento finanziario negoziabile a tasso variabile con durata uguale o inferiore all’anno che comprova l’obbligo per la pubblica amministrazione emittente di restituzione di detto capitale in valuta estera secondo condizioni economiche stabilite"
E.6.01.02.00.000,Emissioni titoli obbligazionari a medio-lungo termine,"Incremento della passività , quantificata in termini di capitale nominale, derivante da uno strumento finanziario negoziabile con durata superiore all’anno che comprova l’obbligo per la pubblica amministrazione emittente di restituzione del capitale secondo condizioni economiche stabilite"
E.6.01.02.01.000,Emissione di titoli obbligazionari a medio-lungo termine in valuta domestica,"Incremento della passività, quantificata in termini di capitale nominale, derivante da uno strumento finanziario negoziabile con durata superiore all’anno che comprova l’obbligo per la pubblica amministrazione emittente di restituzione di detto capitale in valuta domestica secondo condizioni economiche stabilite"
E.6.01.02.01.001,Emissione di titoli obbligazionari a medio-lungo termine a tasso fisso - valuta domestica,"Incremento della passività, quantificata in termini di capitale nominale, derivante da uno strumento finanziario negoziabile a tasso fisso con durata superiore all’anno che comprova l’obbligo per la pubblica amministrazione emittente di restituzione di detto capitale in valuta domestica secondo condizioni economiche stabilite"
E.6.01.02.01.002,Emissione di titoli obbligazionari a medio-lungo termine a tasso variabile - valuta domestica,"Incremento della passività, quantificata in termini di capitale nominale, derivante da uno strumento finanziario negoziabile a tasso variabile con durata superiore all’anno che comprova l’obbligo per la pubblica amministrazione emittente di restituzione di detto capitale in valuta domestica secondo condizioni economiche stabilite"
E.6.01.02.02.000,Emissione di titoli obbligazionari a medio-lungo termine in valuta estera,"Incremento della passività, quantificata in termini di capitale nominale, derivante da uno strumento finanziario negoziabile con durata superiore all’anno che comprova l’obbligo per la pubblica amministrazione emittente di restituzione di detto capitale in valuta estera secondo condizioni economiche stabilite"
E.6.01.02.02.001,Emissione di titoli obbligazionari a medio-lungo termine a tasso fisso - valuta estera,"Incremento della passività, quantificata in termini di capitale nominale, derivante da uno strumento finanziario negoziabile a tasso fisso con durata superiore all’anno che comprova l’obbligo per la pubblica amministrazione emittente di restituzione di detto capitale in valuta estera secondo condizioni economiche stabilite"
E.6.01.02.02.002,Emissione di titoli obbligazionari a medio-lungo termine a tasso variabile - valuta estera,"Incremento della passività, quantificata in termini di capitale nominale, derivante da uno strumento finanziario negoziabile a tasso variabile con durata superiore all’anno che comprova l’obbligo per la pubblica amministrazione emittente di restituzione di detto capitale in valuta estera secondo condizioni economiche stabilite"
E.6.02.00.00.000,Accensione prestiti a breve termine,Accensione di finanziamenti di breve periodo e concessione di anticipazioni di breve termine a carattere oneroso e non oneroso
E.6.02.01.00.000,Finanziamenti a breve termine,"Incremento della passività, quantificata in termini di capitale nominale e comprovata da un documento non negoziabile, nella quale si incorre quando, in maniera diretta, si prendono a prestito fondi con scadenza uguale o inferiore all’anno da un creditore.
 
 PER IL DETTAGLIO ANAGRAFICO DELLE CATEGORIE INCLUSE IN TALE RUBRICA SI RIMANDA ALL'APPENDICE AL GLOSSARIO."
E.6.02.01.01.000,Finanziamenti a breve termine da Amministrazioni Centrali,"Incremento della passività, quantificata in termini di capitale nominale e comprovata da un documento non negoziabile, nella quale si incorre quando, in maniera diretta, si prendono a prestito fondi con scadenza uguale o inferiore all’anno da amministrazioni centrali"
E.6.02.01.01.001,Finanziamenti a breve termine da Ministeri,Finanziamenti a breve termine da Ministeri. Per ulteriori dettagli sul significato della concessione del finanziamento si rimanda alla relativa voce di IV livello
E.6.02.01.01.002,Finanziamenti a breve termine da Presidenza del Consiglio dei Ministri,Finanziamenti a breve termine da Presidenza del Consiglio dei Ministri. Per ulteriori dettagli sul significato della concessione del finanziamento si rimanda alla relativa voce di IV livello
E.6.02.01.01.003,Finanziamenti a breve termine da Organi Costituzionali e di rilievo costituzionale,Finanziamenti a breve termine da Organi Costituzionali e di rilievo costituzionale. Per ulteriori dettagli sul significato della concessione del finanziamento si rimanda alla relativa voce di IV livello
E.6.02.01.01.004,Finanziamenti a breve termine da Agenzie Fiscali,Finanziamenti a breve termine da Agenzie Fiscali. Per ulteriori dettagli sul significato della concessione del finanziamento si rimanda alla relativa voce di IV livello
E.6.02.01.01.005,Finanziamenti a breve termine da enti di regolazione dell'attività economica,Finanziamenti a breve termine da enti di regolazione dell'attività economica. Per ulteriori dettagli sul significato della concessione del finanziamento si rimanda alla relativa voce di IV livello
E.6.02.01.01.006,Finanziamenti a breve termine da Gruppo Equitalia,Finanziamenti a breve termine da Gruppo Equitalia. Per ulteriori dettagli sul significato della concessione del finanziamento si rimanda alla relativa voce di IV livello
E.6.02.01.01.007,Finanziamenti a breve termine da Anas S.p.A.,Finanziamenti a breve termine da Anas S.p.A.. Per ulteriori dettagli sul significato della concessione del finanziamento si rimanda alla relativa voce di IV livello
E.6.02.01.01.008,Finanziamenti a breve termine da altri enti centrali produttori di servizi economici,Finanziamenti a breve termine da altri enti centrali produttori di servizi economici. Per ulteriori dettagli sul significato della concessione del finanziamento si rimanda alla relativa voce di IV livello
E.6.02.01.01.009,Finanziamenti a breve termine da autorità amministrative indipendenti,Finanziamenti a breve termine da autorità amministrative indipendenti. Per ulteriori dettagli sul significato della concessione del finanziamento si rimanda alla relativa voce di IV livello
E.6.02.01.01.010,Finanziamenti a breve termine da enti centrali a struttura associativa,Finanziamenti a breve termine da enti centrali a struttura associativa. Per ulteriori dettagli sul significato della concessione del finanziamento si rimanda alla relativa voce di IV livello
E.6.02.01.01.011,"Finanziamenti a breve termine da enti centrali produttori di servizi assistenziali, ricreativi e culturali","Finanziamenti a breve termine da enti centrali produttori di servizi assistenziali, ricreativi e culturali. Per ulteriori dettagli sul significato della concessione del finanziamento si rimanda alla relativa voce di IV livello"
E.6.02.01.01.012,Finanziamenti a breve termine da enti e istituzioni centrali di ricerca e Istituti e stazioni sperimentali per la ricerca,Finanziamenti a breve termine da enti e istituzioni centrali di ricerca e Istituti e stazioni sperimentali per la ricerca. Per ulteriori dettagli sul significato della concessione del finanziamento si rimanda alla relativa voce di IV livello
E.6.02.01.01.999,Finanziamenti a breve termine da altre Amministrazioni Centrali n.a.c.,Finanziamenti a breve termine da altre Amministrazioni Centrali n.a.c.. Per ulteriori dettagli sul significato della concessione del finanziamento si rimanda alla relativa voce di IV livello
E.6.02.01.02.000,Finanziamenti a breve termine da Amministrazioni Locali,"Incremento della passività, quantificata in termini di capitale nominale e comprovata da un documento non negoziabile, nella quale si incorre quando, in maniera diretta, si prendono a prestito fondi con scadenza uguale o inferiore all’anno da amministrazioni locali"
E.6.02.01.02.001,Finanziamenti a breve termine da Regioni e province autonome,Finanziamenti a breve termine da Regioni e province autonome. Per ulteriori dettagli sul significato della concessione del finanziamento si rimanda alla relativa voce di IV livello
E.6.02.01.02.002,Finanziamenti a breve termine da Province,Finanziamenti a breve termine da Province. Per ulteriori dettagli sul significato della concessione del finanziamento si rimanda alla relativa voce di IV livello
E.6.02.01.02.003,Finanziamenti a breve termine da Comuni,Finanziamenti a breve termine da Comuni. Per ulteriori dettagli sul significato della concessione del finanziamento si rimanda alla relativa voce di IV livello
E.6.02.01.02.004,Finanziamenti a breve termine da Città metropolitane e Roma capitale,Finanziamenti a breve termine da Città metropolitane e Roma capitale. Per ulteriori dettagli sul significato della concessione del finanziamento si rimanda alla relativa voce di IV livello
E.6.02.01.02.005,Finanziamenti a breve termine da Unioni di Comuni,Finanziamenti a breve termine da Unioni di Comuni. Per ulteriori dettagli sul significato della concessione del finanziamento si rimanda alla relativa voce di IV livello
E.6.02.01.02.006,Finanziamenti a breve termine da Comunità Montane,Finanziamenti a breve termine da Comunità Montane. Per ulteriori dettagli sul significato della concessione del finanziamento si rimanda alla relativa voce di IV livello
E.6.02.01.02.007,Finanziamenti a breve termine da Camere di Commercio,Finanziamenti a breve termine da Camere di Commercio. Per ulteriori dettagli sul significato della concessione del finanziamento si rimanda alla relativa voce di IV livello
E.6.02.01.02.008,Finanziamenti a breve termine da Università,Finanziamenti a breve termine da Università. Per ulteriori dettagli sul significato della concessione del finanziamento si rimanda alla relativa voce di IV livello
E.6.02.01.02.009,Finanziamenti a breve termine da Parchi nazionali e consorzi ed enti autonomi gestori di parchi e aree naturali protette,Finanziamenti a breve termine da Parchi nazionali e consorzi ed enti autonomi gestori di parchi e aree naturali protette. Per ulteriori dettagli sul significato della concessione del finanziamento si rimanda alla relativa voce di IV livello
E.6.02.01.02.010,Finanziamenti a breve termine da Autorità Portuali,Finanziamenti a breve termine da Autorità Portuali. Per ulteriori dettagli sul significato della concessione del finanziamento si rimanda alla relativa voce di IV livello
E.6.02.01.02.011,Finanziamenti a breve termine da Aziende sanitarie locali,Finanziamenti a breve termine da Aziende sanitarie locali . Per ulteriori dettagli sul significato della concessione del finanziamento si rimanda alla relativa voce di IV livello
E.6.02.01.02.012,Finanziamenti a breve termine da Aziende ospedaliere e Aziende ospedaliere universitarie integrate con il SSN,Finanziamenti a breve termine da Aziende ospedaliere e Aziende ospedaliere universitarie integrate con il SSN. Per ulteriori dettagli sul significato della concessione del finanziamento si rimanda alla relativa voce di IV livello
E.6.02.01.02.013,Finanziamenti a breve termine da Policlinici,Finanziamenti a breve termine da Policlinici. Per ulteriori dettagli sul significato della concessione del finanziamento si rimanda alla relativa voce di IV livello
E.6.02.01.02.014,Finanziamenti a breve termine da Istituti di ricovero e cura a carattere scientifico pubblici,Finanziamenti a breve termine da Istituti di ricovero e cura a carattere scientifico pubblici. Per ulteriori dettagli sul significato della concessione del finanziamento si rimanda alla relativa voce di IV livello
E.6.02.01.02.015,Finanziamenti a breve termine da altre Amministrazioni Locali produttrici di servizi sanitari,Finanziamenti a breve termine da altre Amministrazioni Locali produttrici di servizi sanitari. Per ulteriori dettagli sul significato della concessione del finanziamento si rimanda alla relativa voce di IV livello
E.6.02.01.02.016,Finanziamenti a breve termine da Agenzie regionali per le erogazioni in agricoltura,Finanziamenti a breve termine da Agenzie regionali per le erogazioni in agricoltura. Per ulteriori dettagli sul significato della concessione del finanziamento si rimanda alla relativa voce di IV livello
E.6.02.01.02.017,Finanziamenti a breve termine da altri enti e agenzie regionali e sub regionali,Finanziamenti a breve termine da altri enti e agenzie regionali e sub regionali. Per ulteriori dettagli sul significato della concessione del finanziamento si rimanda alla relativa voce di IV livello
E.6.02.01.02.018,Finanziamenti a breve termine da Consorzi di enti locali,Finanziamenti a breve termine da Consorzi di enti locali. Per ulteriori dettagli sul significato della concessione del finanziamento si rimanda alla relativa voce di IV livello
E.6.02.01.02.019,Finanziamenti a breve termine da Fondazioni e istituzioni liriche locali e da teatri stabili di iniziativa pubblica,Finanziamenti a breve termine da Fondazioni e istituzioni liriche locali e da teatri stabili di iniziativa pubblica. Per ulteriori dettagli sul significato della concessione del finanziamento si rimanda alla relativa voce di IV livello
E.6.02.01.02.999,Finanziamenti a breve termine da altre Amministrazioni Locali n.a.c.,Finanziamenti a breve termine da altre Amministrazioni Locali n.a.c.. Per ulteriori dettagli sul significato della concessione del finanziamento si rimanda alla relativa voce di IV livello
E.6.02.01.03.000,Finanziamenti a breve termine da Enti previdenziali,"Incremento della passività, quantificata in termini di capitale nominale e comprovata da un documento non negoziabile, nella quale si incorre quando, in maniera diretta, si prendono a prestito fondi con scadenza uguale o inferiore all’anno da enti previdenziali"
E.6.02.01.03.001,Finanziamenti a breve termine da INPS,Finanziamenti a breve termine da INPS. Per ulteriori dettagli sul significato della concessione del finanziamento si rimanda alla relativa voce di IV livello
E.6.02.01.03.002,Finanziamenti a breve termine da INAIL,Finanziamenti a breve termine da INAIL. Per ulteriori dettagli sul significato della concessione del finanziamento si rimanda alla relativa voce di IV livello
E.6.02.01.03.999,Finanziamenti a breve termine da altri Enti di Previdenza n.a.c.,Finanziamenti a breve termine da altri Enti di Previdenza n.a.c.. Per ulteriori dettagli sul significato della concessione del finanziamento si rimanda alla relativa voce di IV livello
E.6.02.01.04.000,Finanziamenti a breve termine da Imprese,"Incremento della passività, quantificata in termini di capitale nominale e comprovata da un documento non negoziabile, nella quale si incorre quando, in maniera diretta, si prendono a prestito fondi con scadenza uguale o inferiore all’anno da imprese"
E.6.02.01.04.001,Finanziamenti a breve termine da imprese controllate,"Incremento della passività, quantificata in termini di capitale nominale e comprovata da un documento non negoziabile, nella quale si incorre quando, in maniera diretta, si prendono a prestito fondi con scadenza uguale o inferiore all’anno da imprese controllate"
E.6.02.01.04.002,Finanziamenti a breve termine da altre imprese partecipate,"Incremento della passività, quantificata in termini di capitale nominale e comprovata da un documento non negoziabile, nella quale si incorre quando, in maniera diretta, si prendono a prestito fondi con scadenza uguale o inferiore all’anno da imprese partecipate"
E.6.02.01.04.999,Finanziamenti a breve termine da altre imprese,"Incremento della passività, quantificata in termini di capitale nominale e comprovata da un documento non negoziabile, nella quale si incorre quando, in maniera diretta, si prendono a prestito fondi con scadenza uguale o inferiore all’anno da altre imprese"
E.6.02.01.99.000,Finanziamenti a breve termine da altri soggetti,"Incremento della passività, quantificata in termini di capitale nominale e comprovata da un documento non negoziabile, nella quale si incorre quando, in maniera diretta, si prendono a prestito fondi con scadenza uguale o inferiore all’anno da altri soggetti"
E.6.02.01.99.001,Finanziamenti a breve termine da altri soggetti,Vedi voce di IV livello
E.6.02.02.00.000,Anticipazioni,Anticipazioni di breve periodo (da chiudersi contabilmente entro un anno dalla loro concessione) a titolo oneroso e non oneroso
E.6.02.02.01.000,Anticipazioni a titolo oneroso,Anticipazioni di breve periodo (da chiudersi contabilmente entro un anno) la cui concessione comporta per l'ente beneficiario il pagamento di interessi
E.6.02.02.01.001,Anticipazioni da Amministrazioni Centrali,Anticipazioni di breve periodo (da chiudersi contabilmente entro un anno) concesse da una amministrazione centrale che determinano per l'ente beneficiario il pagamento di interessi
E.6.02.02.01.002,Anticipazioni da Amministrazioni Locali,Anticipazioni di breve periodo (da chiudersi contabilmente entro un anno) concesse da una amministrazione locale che determinano per l'ente beneficiario il pagamento di interessi
E.6.02.02.01.003,Anticipazioni da Enti di Previdenza,Anticipazioni di breve periodo (da chiudersi contabilmente entro un anno) concesse da ente di previdenza che determinano per l'ente beneficiario il pagamento di interessi
E.6.02.02.01.999,Anticipazioni da altri soggetti,Anticipazioni di breve periodo (da chiudersi contabilmente entro un anno) concesse da altri soggetti residenti e non residenti sul territorio nazionale che determinano per l'ente beneficiario il pagamento di interessi
E.6.02.02.02.000,Anticipazioni a titolo non oneroso,Anticipazioni di breve periodo (da chiudersi contabilmente entro un anno dalla loro concessione) che non comportano per l'ente beneficiario il pagamento degli interessi
E.6.02.02.02.001,Anticipazioni da Amministrazioni Centrali,Anticipazioni di breve periodo (da chiudersi contabilmente entro un anno) concesse da una amministrazione centrale che non determinano per l'ente beneficiario il pagamento di interessi
E.6.02.02.02.002,Anticipazioni da Amministrazioni Locali,Anticipazioni di breve periodo (da chiudersi contabilmente entro un anno) concesse da una amministrazione locale che non determinano per l'ente beneficiario il pagamento di interessi
E.6.02.02.02.003,Anticipazioni da Enti di Previdenza,Anticipazioni di breve periodo (da chiudersi contabilmente entro un anno) concesse da ente di previdenza che non determinano per l'ente beneficiario il pagamento di interessi
E.6.02.02.02.999,Anticipazioni da altri soggetti,Anticipazioni di breve periodo (da chiudersi contabilmente entro un anno) concesse da altri soggetti residenti e non residenti sul territorio nazionale che non determinano per l'ente beneficiario il pagamento di interessi
E.6.03.00.00.000,Accensione mutui e altri finanziamenti a medio lungo termine,"Incremento della passività, quantificata in termini di capitale nominale e comprovata da documenti non negoziabili, nella quale si incorre quando, in maniera diretta, si prendono a prestito fondi con scadenza superiore all’anno da un creditore"
E.6.03.01.00.000,Finanziamenti a medio lungo termine,"Incremento della passività, quantificata in termini di capitale nominale e comprovata da documenti non negoziabili, nella quale si incorre quando, in maniera diretta, si prendono a prestito fondi con scadenza superiore all’anno da un creditore.
 
 PER IL DETTAGLIO ANAGRAFICO DELLE CATEGORIE INCLUSE IN TALE RUBRICA SI RIMANDA ALL'APPENDICE AL GLOSSARIO."
E.6.03.01.01.000,Accensione mutui e altri finanziamenti a medio lungo termine da Amministrazioni Centrali,"Incremento della passività, quantificata in termini di capitale nominale e comprovata da documenti non negoziabili, nella quale si incorre quando, in maniera diretta, si prendono a prestito fondi con scadenza superiore all’anno da amministrazioni centrali"
E.6.03.01.01.001,Accensione mutui e altri finanziamenti a medio lungo termine da Ministeri,Accensione mutui e altri finanziamenti a medio lungo termine da Ministeri. Per ulteriori dettagli sul significato della concessione del finanziamento si rimanda alla relativa voce di IV livello
E.6.03.01.01.002,Accensione mutui e altri finanziamenti a medio lungo termine da Presidenza del Consiglio dei Ministri,Accensione mutui e altri finanziamenti a medio lungo termine da Presidenza del Consiglio dei Ministri. Per ulteriori dettagli sul significato della concessione del finanziamento si rimanda alla relativa voce di IV livello
E.6.03.01.01.003,Accensione mutui e altri finanziamenti a medio lungo termine da Organi Costituzionali e di rilievo costituzionale,Accensione mutui e altri finanziamenti a medio lungo termine da Organi Costituzionali e di rilievo costituzionale. Per ulteriori dettagli sul significato della concessione del finanziamento si rimanda alla relativa voce di IV livello
E.6.03.01.01.004,Accensione mutui e altri finanziamenti a medio lungo termine da Agenzie Fiscali,Accensione mutui e altri finanziamenti a medio lungo termine da Agenzie Fiscali. Per ulteriori dettagli sul significato della concessione del finanziamento si rimanda alla relativa voce di IV livello
E.6.03.01.01.005,Accensione mutui e altri finanziamenti a medio lungo termine da enti di regolazione dell'attività economica,Accensione mutui e altri finanziamenti a medio lungo termine da enti di regolazione dell'attività economica. Per ulteriori dettagli sul significato della concessione del finanziamento si rimanda alla relativa voce di IV livello
E.6.03.01.01.006,Accensione mutui e altri finanziamenti a medio lungo termine da Gruppo Equitalia,Accensione mutui e altri finanziamenti a medio lungo termine da Gruppo Equitalia. Per ulteriori dettagli sul significato della concessione del finanziamento si rimanda alla relativa voce di IV livello
E.6.03.01.01.007,Accensione mutui e altri finanziamenti a medio lungo termine da Anas S.p.A.,Accensione mutui e altri finanziamenti a medio lungo termine da Anas S.p.A.. Per ulteriori dettagli sul significato della concessione del finanziamento si rimanda alla relativa voce di IV livello
E.6.03.01.01.008,Accensione mutui e altri finanziamenti a medio lungo termine da altri enti centrali produttori di servizi economici,Accensione mutui e altri finanziamenti a medio lungo termine da altri enti centrali produttori di servizi economici. Per ulteriori dettagli sul significato della concessione del finanziamento si rimanda alla relativa voce di IV livello
E.6.03.01.01.009,Accensione mutui e altri finanziamenti a medio lungo termine da autorità amministrative indipendenti,Accensione mutui e altri finanziamenti a medio lungo termine da autorità amministrative indipendenti. Per ulteriori dettagli sul significato della concessione del finanziamento si rimanda alla relativa voce di IV livello
E.6.03.01.01.010,Accensione mutui e altri finanziamenti a medio lungo termine da enti centrali a struttura associativa,Accensione mutui e altri finanziamenti a medio lungo termine da enti centrali a struttura associativa. Per ulteriori dettagli sul significato della concessione del finanziamento si rimanda alla relativa voce di IV livello
E.6.03.01.01.011,"Accensione mutui e altri finanziamenti a medio lungo termine da enti centrali produttori di servizi assistenziali, ricreativi e culturali","Accensione mutui e altri finanziamenti a medio lungo termine da enti centrali produttori di servizi assistenziali, ricreativi e culturali. Per ulteriori dettagli sul significato della concessione del finanziamento si rimanda alla relativa voce di IV livello"
E.6.03.01.01.012,Accensione mutui e altri finanziamenti a medio lungo termine da enti e istituzioni centrali di ricerca e Istituti e stazioni sperimentali per la ricerca,Accensione mutui e altri finanziamenti a medio lungo termine da enti e istituzioni centrali di ricerca e Istituti e stazioni sperimentali per la ricerca. Per ulteriori dettagli sul significato della concessione del finanziamento si rimanda alla relativa voce di IV livello
E.6.03.01.01.999,Accensione mutui e altri finanziamenti a medio lungo termine da altre Amministrazioni Centrali n.a.c.,Accensione mutui e altri finanziamenti a medio lungo termine da altre Amministrazioni Centrali n.a.c.. Per ulteriori dettagli sul significato della concessione del finanziamento si rimanda alla relativa voce di IV livello
E.6.03.01.02.000,Accensione mutui e altri finanziamenti a medio lungo termine da Amministrazioni Locali,"Incremento della passività, quantificata in termini di capitale nominale e comprovata da documenti non negoziabili, nella quale si incorre quando, in maniera diretta, si prendono a prestito fondi con scadenza superiore all’anno da amministrazioni locali"
E.6.03.01.02.001,Accensione mutui e altri finanziamenti a medio lungo termine da Regioni e province autonome,Accensione mutui e altri finanziamenti a medio lungo termine da Regioni e province autonome. Per ulteriori dettagli sul significato della concessione del finanziamento si rimanda alla relativa voce di IV livello
E.6.03.01.02.002,Accensione mutui e altri finanziamenti a medio lungo termine da Province,Accensione mutui e altri finanziamenti a medio lungo termine da Province. Per ulteriori dettagli sul significato della concessione del finanziamento si rimanda alla relativa voce di IV livello
E.6.03.01.02.003,Accensione mutui e altri finanziamenti a medio lungo termine da Comuni,Accensione mutui e altri finanziamenti a medio lungo termine da Comuni. Per ulteriori dettagli sul significato della concessione del finanziamento si rimanda alla relativa voce di IV livello
E.6.03.01.02.004,Accensione mutui e altri finanziamenti a medio lungo termine da Città metropolitane e Roma capitale,Accensione mutui e altri finanziamenti a medio lungo termine da Città metropolitane e Roma capitale. Per ulteriori dettagli sul significato della concessione del finanziamento si rimanda alla relativa voce di IV livello
E.6.03.01.02.005,Accensione mutui e altri finanziamenti a medio lungo termine da Unioni di Comuni,Accensione mutui e altri finanziamenti a medio lungo termine da Unioni di Comuni. Per ulteriori dettagli sul significato della concessione del finanziamento si rimanda alla relativa voce di IV livello
E.6.03.01.02.006,Accensione mutui e altri finanziamenti a medio lungo termine da Comunità Montane,Accensione mutui e altri finanziamenti a medio lungo termine da Comunità Montane. Per ulteriori dettagli sul significato della concessione del finanziamento si rimanda alla relativa voce di IV livello
E.6.03.01.02.007,Accensione mutui e altri finanziamenti a medio lungo termine da Camere di Commercio,Accensione mutui e altri finanziamenti a medio lungo termine da Camere di Commercio. Per ulteriori dettagli sul significato della concessione del finanziamento si rimanda alla relativa voce di IV livello
E.6.03.01.02.008,Accensione mutui e altri finanziamenti a medio lungo termine da Università,Accensione mutui e altri finanziamenti a medio lungo termine da Università. Per ulteriori dettagli sul significato della concessione del finanziamento si rimanda alla relativa voce di IV livello
E.6.03.01.02.009,Accensione mutui e altri finanziamenti a medio lungo termine da Parchi nazionali e consorzi ed enti autonomi gestori di parchi e aree naturali protette,Accensione mutui e altri finanziamenti a medio lungo termine da Parchi nazionali e consorzi ed enti autonomi gestori di parchi e aree naturali protette. Per ulteriori dettagli sul significato della concessione del finanziamento si rimanda alla relativa voce di IV livello
E.6.03.01.02.010,Accensione mutui e altri finanziamenti a medio lungo termine da Autorità Portuali,Accensione mutui e altri finanziamenti a medio lungo termine da Autorità Portuali. Per ulteriori dettagli sul significato della concessione del finanziamento si rimanda alla relativa voce di IV livello
E.6.03.01.02.011,Accensione mutui e altri finanziamenti a medio lungo termine da Aziende sanitarie locali,Accensione mutui e altri finanziamenti a medio lungo termine da Aziende sanitarie locali . Per ulteriori dettagli sul significato della concessione del finanziamento si rimanda alla relativa voce di IV livello
E.6.03.01.02.012,Accensione mutui e altri finanziamenti a medio lungo termine da Aziende ospedaliere e Aziende ospedaliere universitarie integrate con il SSN,Accensione mutui e altri finanziamenti a medio lungo termine da Aziende ospedaliere e Aziende ospedaliere universitarie integrate con il SSN. Per ulteriori dettagli sul significato della concessione del finanziamento si rimanda alla relativa voce di IV livello
E.6.03.01.02.013,Accensione mutui e altri finanziamenti a medio lungo termine da Policlinici,Accensione mutui e altri finanziamenti a medio lungo termine da Policlinici. Per ulteriori dettagli sul significato della concessione del finanziamento si rimanda alla relativa voce di IV livello
E.6.03.01.02.014,Accensione mutui e altri finanziamenti a medio lungo termine da Istituti di ricovero e cura a carattere scientifico pubblici,Accensione mutui e altri finanziamenti a medio lungo termine da Istituti di ricovero e cura a carattere scientifico pubblici. Per ulteriori dettagli sul significato della concessione del finanziamento si rimanda alla relativa voce di IV livello
E.6.03.01.02.015,Accensione mutui e altri finanziamenti a medio lungo termine da altre Amministrazioni Locali produttrici di servizi sanitari,Accensione mutui e altri finanziamenti a medio lungo termine da altre Amministrazioni Locali produttrici di servizi sanitari. Per ulteriori dettagli sul significato della concessione del finanziamento si rimanda alla relativa voce di IV livello
E.6.03.01.02.016,Accensione mutui e altri finanziamenti a medio lungo termine da Agenzie regionali per le erogazioni in agricoltura,Accensione mutui e altri finanziamenti a medio lungo termine da Agenzie regionali per le erogazioni in agricoltura. Per ulteriori dettagli sul significato della concessione del finanziamento si rimanda alla relativa voce di IV livello
E.6.03.01.02.017,Accensione mutui e altri finanziamenti a medio lungo termine da altri enti e agenzie regionali e sub regionali,Accensione mutui e altri finanziamenti a medio lungo termine da altri enti e agenzie regionali e sub regionali. Per ulteriori dettagli sul significato della concessione del finanziamento si rimanda alla relativa voce di IV livello
E.6.03.01.02.018,Accensione mutui e altri finanziamenti a medio lungo termine da Consorzi di enti locali,Accensione mutui e altri finanziamenti a medio lungo termine da Consorzi di enti locali. Per ulteriori dettagli sul significato della concessione del finanziamento si rimanda alla relativa voce di IV livello
E.6.03.01.02.019,Accensione mutui e altri finanziamenti a medio lungo termine da Fondazioni e istituzioni liriche locali e da teatri stabili di iniziativa pubblica,Accensione mutui e altri finanziamenti a medio lungo termine da Fondazioni e istituzioni liriche locali e da teatri stabili di iniziativa pubblica. Per ulteriori dettagli sul significato della concessione del finanziamento si rimanda alla relativa voce di IV livello
E.6.03.01.02.999,Accensione mutui e altri finanziamenti a medio lungo termine da altre Amministrazioni Locali n.a.c.,Accensione mutui e altri finanziamenti a medio lungo termine da altre Amministrazioni Locali n.a.c.. Per ulteriori dettagli sul significato della concessione del finanziamento si rimanda alla relativa voce di IV livello
E.6.03.01.03.000,Accensione mutui e altri finanziamenti a medio lungo termine da Enti previdenziali,"Incremento della passività, quantificata in termini di capitale nominale e comprovata da documenti non negoziabili, nella quale si incorre quando, in maniera diretta, si prendono a prestito fondi con scadenza superiore all’anno da enti previdenziali"
E.6.03.01.03.001,Accensione mutui e altri finanziamenti a medio lungo termine da INPS,Accensione mutui e altri finanziamenti a medio lungo termine da INPS. Per ulteriori dettagli sul significato della concessione del finanziamento si rimanda alla relativa voce di IV livello
E.6.03.01.03.002,Accensione mutui e altri finanziamenti a medio lungo termine da INAIL,Accensione mutui e altri finanziamenti a medio lungo termine da INAIL. Per ulteriori dettagli sul significato della concessione del finanziamento si rimanda alla relativa voce di IV livello
E.6.03.01.03.999,Accensione mutui e altri finanziamenti a medio lungo termine da altri Enti di Previdenza n.a.c.,Accensione mutui e altri finanziamenti a medio lungo termine da altri Enti di Previdenza n.a.c.. Per ulteriori dettagli sul significato della concessione del finanziamento si rimanda alla relativa voce di IV livello
E.6.03.01.04.000,Accensione mutui e altri finanziamenti a medio lungo termine da Imprese,"Incremento della passività, quantificata in termini di capitale nominale e comprovata da documenti non negoziabili, nella quale si incorre quando, in maniera diretta, si prendono a prestito fondi con scadenza superiore all’anno da imprese"
E.6.03.01.04.001,Accensione mutui e altri finanziamenti a medio lungo termine da imprese controllate,"Incremento della passività, quantificata in termini di capitale nominale e comprovata da documenti non negoziabili, nella quale si incorre quando, in maniera diretta, si prendono a prestito fondi con scadenza superiore all’anno da imprese controllate"
E.6.03.01.04.002,Accensione mutui e altri finanziamenti a medio lungo termine da altre imprese partecipate,"Incremento della passività, quantificata in termini di capitale nominale e comprovata da documenti non negoziabili, nella quale si incorre quando, in maniera diretta, si prendono a prestito fondi con scadenza superiore all’anno da imprese partecipate"
E.6.03.01.04.003,Accensione mutui e altri finanziamenti a medio lungo termine da Cassa Depositi e Prestiti - SPA,"Incremento della passività, quantificata in termini di capitale nominale e comprovata da documenti non negoziabili, nella quale si incorre quando, in maniera diretta, si prendono a prestito fondi con scadenza superiore all’anno da Cassa depositi e prestiti S.p.A."
E.6.03.01.04.999,Accensione mutui e altri finanziamenti a medio lungo termine da altre imprese,"Incremento della passività, quantificata in termini di capitale nominale e comprovata da documenti non negoziabili, nella quale si incorre quando, in maniera diretta, si prendono a prestito fondi con scadenza superiore all’anno da altre imprese"
E.6.03.01.05.000,Accensione mutui e altri finanziamenti a medio lungo termine da altri soggetti con controparte residente,"Incremento della passività, quantificata in termini di capitale nominale e comprovata da documenti non negoziabili, nella quale si incorre quando, in maniera diretta, si prendono a prestito fondi con scadenza superiore all’anno da altri soggetti con controparte residente"
E.6.03.01.05.001,Accensione mutui e altri finanziamenti a medio lungo termine da altri soggetti con controparte residente,Vedi voce di IV livello
E.6.03.01.06.000,Accensione mutui e altri finanziamenti a medio lungo termine da altri soggetti con controparte non residente,"Incremento della passività, quantificata in termini di capitale nominale e comprovata da documenti non negoziabili, nella quale si incorre quando, in maniera diretta, si prendono a prestito fondi con scadenza superiore all’anno da altri soggetti con controparte non residente"
E.6.03.01.06.001,Accensione mutui e altri finanziamenti a medio lungo termine da altri soggetti con controparte non residente,Vedi voce di IV livello
E.6.03.02.00.000,Accensione prestiti da attualizzazione Contributi Pluriennali,"Incremento delle passività, imputate alla pubblica amministrazione e derivanti dallo sconto dei contributi pluriennali da parte dei beneficiari degli stessi, quantificate in termini di risorse a pronti erogate dall’intermediario finanziario ai beneficiari"
E.6.03.02.01.000,Accensione prestiti da attualizzazione Contributi Pluriennali,Vedi voce di III livello
E.6.03.02.01.001,Accensione prestiti da attualizzazione Contributi Pluriennali,Vedi voce di III livello
E.6.03.03.00.000,Accensione prestiti a seguito di escussione di garanzie,"Incremento della passività nella quale si incorre a seguito dell’assunzione del debito di terzi allorchè la garanzia che assisteva il debito sia stata escussa. Il successivo rimborso di tale prestito viene registrata nella generica voce di rimborso prestiti a seconda della durata contrattuale. 
 
 PER IL DETTAGLIO ANAGRAFICO DELLE CATEGORIE INCLUSE IN TALE RUBRICA SI RIMANDA ALL'APPENDICE AL GLOSSARIO."
E.6.03.03.01.000,Accensione prestiti concessi da Amministrazioni centrali a seguito di escussione di garanzie,"Accensione prestiti concessi da Amministrazioni centrali a seguito di escussione di garanzie.
 Incremento della passività nella quale si incorre a seguito dell’assunzione del debito di terzi allorchè la garanzia che assisteva il debito sia stata escussa. Il successivo rimborso di tale prestito viene registrata nella generica voce di rimborso prestiti a seconda della durata contrattuale."
E.6.03.03.01.001,Accensione prestiti concessi da Ministeri a seguito di escussione di garanzie,Accensione prestiti concessi da Ministeri a seguito di escussione di garanzie. Per ulteriori dettagli sul significato della concessione del finanziamento si rimanda alla relativa voce di IV livello
E.6.03.03.01.002,Accensione prestiti concessi da Presidenza del Consiglio dei Ministri a seguito di escussione di garanzie,Accensione prestiti concessi da Presidenza del Consiglio dei Ministri a seguito di escussione di garanzie. Per ulteriori dettagli sul significato della concessione del finanziamento si rimanda alla relativa voce di IV livello
E.6.03.03.01.003,Accensione prestiti concessi da Organi Costituzionali e di rilievo costituzionale a seguito di escussione di garanzie,Accensione prestiti concessi da Organi Costituzionali e di rilievo costituzionale a seguito di escussione di garanzie. Per ulteriori dettagli sul significato della concessione del finanziamento si rimanda alla relativa voce di IV livello
E.6.03.03.01.004,Accensione prestiti concessi da Agenzie Fiscali a seguito di escussione di garanzie,Accensione prestiti concessi da Agenzie Fiscali a seguito di escussione di garanzie. Per ulteriori dettagli sul significato della concessione del finanziamento si rimanda alla relativa voce di IV livello
E.6.03.03.01.005,Accensione prestiti concessi da enti di regolazione dell'attività economica a seguito di escussione di garanzie,Accensione prestiti concessi da enti di regolazione dell'attività economica a seguito di escussione di garanzie. Per ulteriori dettagli sul significato della concessione del finanziamento si rimanda alla relativa voce di IV livello
E.6.03.03.01.006,Accensione prestiti concessi da Gruppo Equitalia a seguito di escussione di garanzie,Accensione prestiti concessi da Gruppo Equitalia a seguito di escussione di garanzie. Per ulteriori dettagli sul significato della concessione del finanziamento si rimanda alla relativa voce di IV livello
E.6.03.03.01.007,Accensione prestiti concessi da Anas S.p.A. a seguito di escussione di garanzie,Accensione prestiti concessi da Anas S.p.A. a seguito di escussione di garanzie. Per ulteriori dettagli sul significato della concessione del finanziamento si rimanda alla relativa voce di IV livello
E.6.03.03.01.008,Accensione prestiti concessi da altri enti centrali produttori di servizi economici a seguito di escussione di garanzie,Accensione prestiti concessi da altri enti centrali produttori di servizi economici a seguito di escussione di garanzie. Per ulteriori dettagli sul significato della concessione del finanziamento si rimanda alla relativa voce di IV livello
E.6.03.03.01.009,Accensione prestiti concessi da autorità amministrative indipendenti a seguito di escussione di garanzie,Accensione prestiti concessi da autorità amministrative indipendenti a seguito di escussione di garanzie. Per ulteriori dettagli sul significato della concessione del finanziamento si rimanda alla relativa voce di IV livello
E.6.03.03.01.010,Accensione prestiti concessi da enti centrali a struttura associativa a seguito di escussione di garanzie,Accensione prestiti concessi da enti centrali a struttura associativa a seguito di escussione di garanzie. Per ulteriori dettagli sul significato della concessione del finanziamento si rimanda alla relativa voce di IV livello
E.6.03.03.01.011,"Accensione prestiti concessi da enti centrali produttori di servizi assistenziali, ricreativi e culturali a seguito di escussione di garanzie","Accensione prestiti concessi da enti centrali produttori di servizi assistenziali, ricreativi e culturali a seguito di escussione di garanzie. Per ulteriori dettagli sul significato della concessione del finanziamento si rimanda alla relativa voce di IV livello"
E.6.03.03.01.012,Accensione prestiti concessi da enti e istituzioni centrali di ricerca e Istituti e stazioni sperimentali per la ricerca a seguito di escussione di garanzie,Accensione prestiti concessi da enti e istituzioni centrali di ricerca e Istituti e stazioni sperimentali per la ricerca a seguito di escussione di garanzie. Per ulteriori dettagli sul significato della concessione del finanziamento si rimanda alla relativa voce di IV livello
E.6.03.03.01.999,Accensione prestiti concessi da altre Amministrazioni Centrali n.a.c. a seguito di escussione di garanzie,Accensione prestiti concessi da altre Amministrazioni Centrali n.a.c. a seguito di escussione di garanzie. Per ulteriori dettagli sul significato della concessione del finanziamento si rimanda alla relativa voce di IV livello
E.6.03.03.02.000,Accensione prestiti concessi da Amministrazioni locali assunti a seguito di escussione di garanzie,"Accensione prestiti concessi da Amministrazioni locali a seguito di escussione di garanzie.
 Incremento della passività nella quale si incorre a seguito dell’assunzione del debito di terzi allorchè la garanzia che assisteva il debito sia stata escussa. Il successivo rimborso di tale prestito viene registrata nella generica voce di rimborso prestiti a seconda della durata contrattuale."
E.6.03.03.02.001,Accensione prestiti concessi da Regioni e province autonome a seguito di escussione di garanzie,Accensione prestiti concessi da Regioni e province autonome a seguito di escussione di garanzie. Per ulteriori dettagli sul significato della concessione del finanziamento si rimanda alla relativa voce di IV livello
E.6.03.03.02.002,Accensione prestiti concessi da Province a seguito di escussione di garanzie,Accensione prestiti concessi da Province a seguito di escussione di garanzie. Per ulteriori dettagli sul significato della concessione del finanziamento si rimanda alla relativa voce di IV livello
E.6.03.03.02.003,Accensione prestiti concessi da Comuni a seguito di escussione di garanzie,Accensione prestiti concessi da Comuni a seguito di escussione di garanzie. Per ulteriori dettagli sul significato della concessione del finanziamento si rimanda alla relativa voce di IV livello
E.6.03.03.02.004,Accensione prestiti concessi da Città metropolitane e Roma capitale a seguito di escussione di garanzie,Accensione prestiti concessi da Città metropolitane e Roma capitale a seguito di escussione di garanzie. Per ulteriori dettagli sul significato della concessione del finanziamento si rimanda alla relativa voce di IV livello
E.6.03.03.02.005,Accensione prestiti concessi da Unioni di Comuni a seguito di escussione di garanzie,Accensione prestiti concessi da Unioni di Comuni a seguito di escussione di garanzie. Per ulteriori dettagli sul significato della concessione del finanziamento si rimanda alla relativa voce di IV livello
E.6.03.03.02.006,Accensione prestiti concessi da Comunità Montane a seguito di escussione di garanzie,Accensione prestiti concessi da Comunità Montane a seguito di escussione di garanzie. Per ulteriori dettagli sul significato della concessione del finanziamento si rimanda alla relativa voce di IV livello
E.6.03.03.02.007,Accensione prestiti concessi da Camere di Commercio a seguito di escussione di garanzie,Accensione prestiti concessi da Camere di Commercio a seguito di escussione di garanzie. Per ulteriori dettagli sul significato della concessione del finanziamento si rimanda alla relativa voce di IV livello
E.6.03.03.02.008,Accensione prestiti concessi da Università a seguito di escussione di garanzie,Accensione prestiti concessi da Università a seguito di escussione di garanzie. Per ulteriori dettagli sul significato della concessione del finanziamento si rimanda alla relativa voce di IV livello
E.6.03.03.02.009,Accensione prestiti concessi da Parchi nazionali e consorzi ed enti autonomi gestori di parchi e aree naturali protette a seguito di escussione di garanzie,Accensione prestiti concessi da Parchi nazionali e consorzi ed enti autonomi gestori di parchi e aree naturali protette a seguito di escussione di garanzie. Per ulteriori dettagli sul significato della concessione del finanziamento si rimanda alla relativa voce di IV livello
E.6.03.03.02.010,Accensione prestiti concessi da Autorità Portuali a seguito di escussione di garanzie,Accensione prestiti concessi da Autorità Portuali a seguito di escussione di garanzie. Per ulteriori dettagli sul significato della concessione del finanziamento si rimanda alla relativa voce di IV livello
E.6.03.03.02.011,Accensione prestiti concessi da Aziende sanitarie locali a seguito di escussione di garanzie,Accensione prestiti concessi da Aziende sanitarie locali a seguito di escussione di garanzie. Per ulteriori dettagli sul significato della concessione del finanziamento si rimanda alla relativa voce di IV livello
E.6.03.03.02.012,Accensione prestiti concessi da Aziende ospedaliere e Aziende ospedaliere universitarie integrate con il SSN a seguito di escussione di garanzie,Accensione prestiti concessi da Aziende ospedaliere e Aziende ospedaliere universitarie integrate con il SSN a seguito di escussione di garanzie. Per ulteriori dettagli sul significato della concessione del finanziamento si rimanda alla relativa voce di IV livello
E.6.03.03.02.013,Accensione prestiti concessi da Policlinici a seguito di escussione di garanzie,Accensione prestiti concessi da Policlinici a seguito di escussione di garanzie. Per ulteriori dettagli sul significato della concessione del finanziamento si rimanda alla relativa voce di IV livello
E.6.03.03.02.014,Accensione prestiti concessi da Istituti di ricovero e cura a carattere scientifico pubblici a seguito di escussione di garanzie,Accensione prestiti concessi da Istituti di ricovero e cura a carattere scientifico pubblici a seguito di escussione di garanzie. Per ulteriori dettagli sul significato della concessione del finanziamento si rimanda alla relativa voce di IV livello
E.6.03.03.02.015,Accensione prestiti concessi da altre Amministrazioni Locali produttrici di servizi sanitari a seguito di escussione di garanzie,Accensione prestiti concessi da altre Amministrazioni Locali produttrici di servizi sanitari a seguito di escussione di garanzie. Per ulteriori dettagli sul significato della concessione del finanziamento si rimanda alla relativa voce di IV livello
E.6.03.03.02.016,Accensione prestiti concessi da Agenzie regionali per le erogazioni in agricoltura a seguito di escussione di garanzie,Accensione prestiti concessi da Agenzie regionali per le erogazioni in agricoltura a seguito di escussione di garanzie. Per ulteriori dettagli sul significato della concessione del finanziamento si rimanda alla relativa voce di IV livello
E.6.03.03.02.017,Accensione prestiti concessi da altri enti e agenzie regionali e sub regionali a seguito di escussione di garanzie,Accensione prestiti concessi da altri enti e agenzie regionali e sub regionali a seguito di escussione di garanzie. Per ulteriori dettagli sul significato della concessione del finanziamento si rimanda alla relativa voce di IV livello
E.6.03.03.02.018,Accensione prestiti concessi da Consorzi di enti locali a seguito di escussione di garanzie,Accensione prestiti concessi da Consorzi di enti locali a seguito di escussione di garanzie. Per ulteriori dettagli sul significato della concessione del finanziamento si rimanda alla relativa voce di IV livello
E.6.03.03.02.019,Accensione prestiti concessi da Fondazioni e istituzioni liriche locali e da teatri stabili di iniziativa pubblica a seguito di escussione di garanzie,Accensione prestiti concessi da Fondazioni e istituzioni liriche locali e da teatri stabili di iniziativa pubblica a seguito di escussione di garanzie. Per ulteriori dettagli sul significato della concessione del finanziamento si rimanda alla relativa voce di IV livello
E.6.03.03.02.999,Accensione prestiti concessi da altre Amministrazioni Locali n.a.c. a seguito di escussione di garanzie,Accensione prestiti concessi da altre Amministrazioni Locali n.a.c. a seguito di escussione di garanzie. Per ulteriori dettagli sul significato della concessione del finanziamento si rimanda alla relativa voce di IV livello
E.6.03.03.03.000,Accensione prestiti concessi da enti di previdenza a seguito di escussione di garanzie,"Accensione prestiti concessi da enti di previdenza a seguito di escussione di garanzie.
 Incremento della passività nella quale si incorre a seguito dell’assunzione del debito di terzi allorchè la garanzia che assisteva il debito sia stata escussa. Il successivo rimborso di tale prestito viene registrata nella generica voce di rimborso prestiti a seconda della durata contrattuale."
E.6.03.03.03.001,Accensione prestiti concessi da INPS a seguito di escussione di garanzie,Accensione prestiti concessi da INPS a seguito di escussione di garanzie. Per ulteriori dettagli sul significato della concessione del finanziamento si rimanda alla relativa voce di IV livello
E.6.03.03.03.002,Accensione prestiti concessi da INAIL a seguito di escussione di garanzie,Accensione prestiti concessi da INAIL a seguito di escussione di garanzie. Per ulteriori dettagli sul significato della concessione del finanziamento si rimanda alla relativa voce di IV livello
E.6.03.03.03.999,Accensione prestiti concessi da altri Enti di Previdenza n.a.c. a seguito di escussione di garanzie,Accensione prestiti concessi da altri Enti di Previdenza n.a.c. a seguito di escussione di garanzie. Per ulteriori dettagli sul significato della concessione del finanziamento si rimanda alla relativa voce di IV livello
E.6.03.03.04.000,Accensione prestiti concessi da imprese a seguito di escussione di garanzie,"Accensione prestiti concessi da imprese a seguito di escussione di garanzie.
 Incremento della passività nella quale si incorre a seguito dell’assunzione del debito di terzi allorchè la garanzia che assisteva il debito sia stata escussa. Il successivo rimborso di tale prestito viene registrata nella generica voce di rimborso prestiti a seconda della durata contrattuale."
E.6.03.03.04.001,Accensione prestiti concessi da imprese controllate a seguito di escussione di garanzie,Accensione prestiti concessi da imprese controllate a seguito di escussione di garanzie. Per ulteriori dettagli sul significato della concessione del finanziamento si rimanda alla relativa voce di IV livello
E.6.03.03.04.002,Accensione prestiti concessi da altre imprese partecipate a seguito di escussione di garanzie,Accensione prestiti concessi da altre imprese partecipate a seguito di escussione di garanzie. Per ulteriori dettagli sul significato della concessione del finanziamento si rimanda alla relativa voce di IV livello
E.6.03.03.04.999,Accensione prestiti concessi da altre imprese a seguito di escussione di garanzie,Accensione prestiti concessi da altre imprese a seguito di escussione di garanzie. Per ulteriori dettagli sul significato della concessione del finanziamento si rimanda alla relativa voce di IV livello
E.6.03.03.99.000,Accensione prestiti concessi da altri soggetti a seguito di escussione di garanzie,"Accensione prestiti concessi da altri soggetti a seguito di escussione di garanzie.
 Incremento della passività nella quale si incorre a seguito dell’assunzione del debito di terzi allorchè la garanzia che assisteva il debito sia stata escussa. Il successivo rimborso di tale prestito viene registrata nella generica voce di rimborso prestiti a seconda della durata contrattuale."
E.6.03.03.99.001,Accensione prestiti concessi da altri soggetti a seguito di escussione di garanzie,Vedi voce di IV livello
E.6.04.00.00.000,Altre forme di indebitamento,"Comprende forme di finanziamento diverse da quelle considerate nelle voci precedentim, quali Leasing finanziario, derivati, ecc"
E.6.04.02.00.000,Accensione Prestiti - Leasing finanziario,Incremento della passività imputata nella quale incorre la pubblica amministrazione locataria qualora in un contratto di leasing gli vengano trasferiti di fatto i rischi ed i benefici derivanti dalla proprietà del bene
E.6.04.02.01.000,Accensione Prestiti - Leasing finanziario,Vedi voce di III livello
E.6.04.02.01.001,Accensione Prestiti - Leasing finanziario,Vedi voce di III livello
E.6.04.03.00.000,Accensione Prestiti - Operazioni di cartolarizzazione,"Le operazioni di cartolarizzazione sono registrate come l’accensione di una passività finanziaria. Ne consegue che in questa voce si contabilizza il versamento del controvalore delle emissioni effettuato dalla società veicolo, controparte dell’operazione. Nel caso delle cartolarizzazioni immobiliari si rendono disponibili per i detentori di proprietà immobiliari i flussi di cassa futuri attesi dall’immobile o dal complesso immobiliare."
E.6.04.03.01.000,Accensione Prestiti - Operazioni di cartolarizzazione finanziaria,Vedi voce di III livello
E.6.04.03.01.001,Accensione Prestiti - Operazioni di cartolarizzazione finanziaria,Vedi voce di III livello
E.6.04.03.02.000,Accensione Prestiti - Operazioni di cartolarizzazione immobiliare,Vedi voce di III livello
E.6.04.03.02.001,Accensione Prestiti - Operazioni di cartolarizzazione immobiliare,Vedi voce di III livello
E.6.04.04.00.000,Accensione Prestiti - Derivati,Incremento delle passività nelle quali incorre la pubblica amministrazione derivanti dalla somma una tantum ricevuta al momento della stipula di un derivato finanziario della categoria swap per riequilibrare il valore attuale delle due serie di flussi di pagamenti futuri.
E.6.04.04.01.000,Accensione Prestiti - Derivati,Vedi voce di III livello
E.6.04.04.01.001,Accensione Prestiti - Derivati,Vedi voce di III livello
E.7.00.00.00.000,Anticipazioni da istituto tesoriere/cassiere,"Entrate derivanti dalle anticipazioni di cassa erogate dal tesoriere/cassiere dell’ente per fronteggiare temporanee esigenze di liquidità, destinate ad essere chiuse entro l’esercizio. Non costituiscono debito dell'ente. Nel rispetto del principio contabile generale n. 4 dell’integrità, la registrazione delle anticipazioni del tesoriere/cassiere è effettuata al lordo delle corrispondenti spese. Pertanto, è obbligatorio procedere all'accertamento e alla riscossione di tutte le anticipazioni erogate dal tesoriere/cassiere evitando la contabilizzazione ""a saldo"" con le corrispondenti entrate."
E.7.01.00.00.000,Anticipazioni da istituto tesoriere/cassiere,Vedi voce di I livello
E.7.01.01.00.000,Anticipazioni da istituto tesoriere/cassiere,Vedi voce di I livello
E.7.01.01.01.000,Anticipazioni da istituto tesoriere/cassiere,Vedi voce di I livello
E.7.01.01.01.001,Anticipazioni da istituto tesoriere/cassiere,Vedi voce di I livello
E.9.00.00.00.000,Entrate per conto terzi e partite di giro,
E.9.01.00.00.000,Entrate per partite di giro,"Entrate effettuate in assenza di qualsiasi discrezionalità e autonomia decisionale da parte dell’ente, riguardanti operazioni che non incidono sui risultati della gestione dell'Ente, cui corrisponde la registrazione di spese del medesimo importo complessivo. Si è in presenza di autonomia decisionale quando l’ente concorre alla definizione di almeno uno dei seguenti elementi della transazione: ammontare, tempi e destinatari della spesa correlata. Non hanno pertanto natura di “Partite di giro” e, di conseguenza, devono essere contabilizzate negli altri titoli del bilancio:
 - le entrate correlate a spese sostenute per conto di un altro ente che comportano autonomia decisionale e discrezionalità, anche se destinate ad essere interamente rimborsate, quali le spese elettorali sostenute dai comuni per altre amministrazioni pubbliche, le spese di giustizia, ecc.
 - le entrate accertate e riscosse per conto di un altro soggetto (anche non avente personalità giuridica, comprese le articolazioni organizzative dell’ente stesso) che non ha un proprio bilancio nel quale contabilizzare le medesime operazioni;
 - i finanziamenti comunitari, anche se destinati ad essere spesi coinvolgendo altri enti, nei casi in cui non risultino predefiniti tempi, importi e destinatari dei successivi trasferimenti;
 - le operazioni in attesa di imputazione definitiva al bilancio. 
 Le entrate per partite di giro comprendono le operazioni effettuate come sostituto di imposta, il riversamento delle giacenze delle casse economali, le anticipazioni erogate dalla tesoreria statale alle regioni per il finanziamento della sanità. Non comprendono i rimborsi delle spese effettuate per conto di terzi , la riscossione di tributi per conto di terzi e le entrate riguardanti i depositi di e presso terzi, per le quali, in questo titolo di spesa, sono state previste apposite voci."
E.9.01.01.00.000,Altre ritenute,
E.9.01.01.01.000,Ritenuta del 4% sui contributi pubblici,"Entrate derivanti dall'applicazione del D.P.R. 600/1973, artt. 28, co. 2 e 29, co. 5, che disciplina la ritenuta d’acconto del 4% da applicare, ai fini delle imposte sui redditi, ai contributi pubblici erogati alle imprese da Stato, enti pubblici ed enti privati."
E.9.01.01.01.001,Ritenuta del 4% sui contributi pubblici,Vedi voce di IV livello
E.9.01.01.02.000,Ritenute per scissione contabile IVA (split payment),"Entrate derivanti dall'applicazione del DPR n. 633/1972, l’articolo 17-ter, che prevede la scissione del pagamento dell’IVA dal pagamento del corrispettivo per le cessioni di beni e le prestazioni di servizi effettuate nei confronti delle amministrazioni pubbliche indicate da tale norma, nello svolgimento di attività per le quali non sono soggetti passivi di IVA . L'entrata è accertata per la quota di IVA che l'ente non versa al fornitore in quanto destinata allo Stato, secondo il meccanismo contabile adottato per le operazioni effettuate come sostituto di imposta."
E.9.01.01.02.001,Ritenute per scissione contabile IVA (split payment),Vedi voce di IV livello
E.9.01.01.99.000,Altre ritenute n.a.c.,Entrate derivanti da altre ritenute effettuate dall'Ente e non altrimenti classificabili
E.9.01.01.99.001,Ritenute erariali su prestazioni sociali,Ritenute erariali su prestazioni sociali
E.9.01.01.99.999,Altre ritenute n.a.c.,Vedi voce di IV livello
E.9.01.02.00.000,Ritenute su redditi da lavoro dipendente,"Entrate derivanti dalle ritenute erariali, previdenziali ed assistenziali per redditi di lavoro dipendente e assimilati a carico del personale o di terzi effettuate dall'Ente in qualità di sostituto d'imposta, per il successivo versamento all'ente di competenza"
E.9.01.02.01.000,Ritenute erariali su redditi da lavoro dipendente per conto terzi,"Entrate derivanti dalle ritenute erariali per redditi di lavoro dipendente e assimilati a carico del personale o di terzi effettuate dall'Ente in qualità di sostituto d'imposta, per il successivo versamento all'erario"
E.9.01.02.01.001,Ritenute erariali su redditi da lavoro dipendente per conto terzi,Vedi voce di IV livello
E.9.01.02.02.000,Ritenute previdenziali e assistenziali su redditi da lavoro dipendente per conto terzi,"Entrate derivanti dalle ritenute previdenziali e assistenziali a carico del personale, effettuate dall'Ente per il successivo versamento agli enti previdenziali e assistenziali"
E.9.01.02.02.001,Ritenute previdenziali e assistenziali su redditi da lavoro dipendente per conto terzi,Vedi voce di IV livello
E.9.01.02.99.000,Altre ritenute al personale dipendente per conto di terzi,"Entrate derivanti da altre ritenute a carico del personale, effettuate dall'ente su redditi da lavoro dipendente, accantonate per conto di terzi (ad esempio le ritenute sindacali)."
E.9.01.02.99.999,Altre ritenute al personale dipendente per conto di terzi,Vedi voce di IV livello
E.9.01.03.00.000,Ritenute su redditi da lavoro autonomo,"Entrate derivanti dalle ritenute erariali, porevidenziali ed assistenziali per redditi da lavoro autonomo a carico del personale o di terzi effettuate dall'Ente in qualità di sostituto d'imposta, per il successivo versamento all'ente di competenza"
E.9.01.03.01.000,Ritenute erariali su redditi da lavoro autonomo per conto terzi,"Entrate derivanti dalle ritenute erariali effettuate dall'ente in qualità di sostituto di imposta, su redditi da lavoro autonomo e assimilati, per il successivo versamento all'erario"
E.9.01.03.01.001,Ritenute erariali su redditi da lavoro autonomo per conto terzi,Vedi voce di IV livello
E.9.01.03.02.000,Ritenute previdenziali e assistenziali su redditi da lavoro autonomo per conto terzi,"Entrate derivanti dalle ritenute previdenziali e assistenziali effettuate dall'Ente sui redditi di lavoro autonomo, per il successivo versamento agli enti previdenziali e assistenziali"
E.9.01.03.02.001,Ritenute previdenziali e assistenziali su redditi da lavoro autonomo per conto terzi,Vedi voce di IV livello
E.9.01.03.99.000,Altre ritenute al personale con contratto di lavoro autonomo per conto di terzi,Entrate derivanti da altre ritenute effettuate dall'Ente su redditi da lavoro autonomo e accantonate per conto di terzi.
E.9.01.03.99.999,Altre ritenute al personale con contratto di lavoro autonomo per conto di terzi,Vedi voce di IV livello
E.9.01.04.00.000,Finanziamento della gestione sanitaria dalla gestione ordinaria della Regione,
E.9.01.04.01.000,Finanziamento regionale aggiuntivo sanità - per equilibri di sistema,Entrate della gestione sanitaria accentrata correlate a impegni della gestione ordinaria (in attesa di definizione del principio contabile applicato)
E.9.01.04.01.001,Finanziamento regionale aggiuntivo sanità - per equilibri di sistema,Vedi voce di IV livello
E.9.01.04.02.000,Finanziamento regionale aggiuntivo sanità - quota manovra per equilibri di sistema,Entrate della gestione sanitaria accentrata correlate a impegni della gestione ordinaria (in attesa di definizione del principio contabile applicato)
E.9.01.04.02.001,Finanziamento regionale aggiuntivo sanità - quota manovra per equilibri di sistema,Vedi voce di IV livello
E.9.01.04.99.000,Finanziamento regionale aggiuntivo sanità n.a.c.,Entrate della gestione sanitaria accentrata correlate a impegni della gestione ordinaria (in attesa di definizione del principio contabile applicato)
E.9.01.04.99.999,Finanziamento regionale aggiuntivo sanità n.a.c.,Vedi voce di IV livello
E.9.01.99.00.000,Altre entrate per partite di giro,
E.9.01.99.01.000,Entrate a seguito di spese non andate a buon fine,"Entrate derivanti dalla restituzione di pagamenti effettuati dall'Ente , ma non andati a buon fine (a causa di un errore materiale o in quanto incassate in ritardo dai soggetti cui erano destinate)."
E.9.01.99.01.001,Entrate a seguito di spese non andate a buon fine,Vedi voce di IV livello
E.9.01.99.02.000,Anticipazioni sanità della tesoreria statale,"Anticipazioni mensili, erogate dalla tesoreria statale a favore delle Regioni, previste dall’art. 1, comma 796, lett. d), della legge 27/12/2006, n. 296, qualora le risorse cumulativamente trasferite a titolo di IRAP, addizionale regionale all’IRPEF e compartecipazione IVA (per le regioni a statuto ordinario), ovvero di fondo sanitario nazionale (per la Regione siciliana), non sono sufficienti a garantire il finanziamento della spesa sanitaria delle singole regioni, ai sensi del citato art. 1, comma 796, lett. d)."
E.9.01.99.02.001,Anticipazioni sanità della tesoreria statale,Vedi voce di IV livello
E.9.01.99.03.000,Rimborso di fondi economali e carte aziendali,"Entrate derivanti dal rimborso dell'anticipazione dei fondi economali e delle carte aziendali. L'accertamento delle entrate è registrato a seguito dell'impegno e del pagamento delle correlate spese concernenti il versamento della cassa economale o l'utilizzo delle carte aziendali. La riscossione delle entrate è registrata attraverso regolazioni contabili correlate alla registrazione in bilancio delle spese effettuate dall'utilizzatore delle carte aziendali (sulla base delle indicazionoi dell'estratto conto o della rendicontazione dell'utilizzatore della carta) e dall'economo nel corso dell'esercizio, salva la restituzione dei fondi economali non spesi a fine anno, che costituisce un'entrata effettiva."
E.9.01.99.03.001,Rimborso di fondi economali e carte aziendali,Vedi voce di IV livello
E.9.01.99.04.000,Reintegro disponibilità dal conto sanità al conto non sanità della Regione,"Entrate derivanti da giroconti dal conto di TU o dal conto corrente bancario intestati alla sanità (aperti in attuazione dell'articolo 21 del decreto legislativo n. 118 del 2011) al conto di TU o al conto corrente bancario della gestione ordinaria. Riguarda sia il reintegro/restituzione del ""prestito"" da una gestione all'altra, sia l'entrata del ""prestito"" stesso."
E.9.01.99.04.001,Reintegro disponibilità dal conto sanità al conto non sanità della Regione,Vedi voce di IV livello
E.9.01.99.05.000,Reintegro disponibilità dal conto non sanità al conto sanità della Regione,"Entrate derivanti da giroconti dal conto di TU o dal conto corrente bancario intestati alla gestione ordinaria (aperti in attuazione dell'articolo 21 del decreto legislativo n. 118 del 2011) al conto di TU o al conto corrente bancario della gestione sanitaria. Riguarda sia il renitegro/restituzione del ""prestito"" da una gestione all'altra, sia l'entrata del ""prestito"" stesso."
E.9.01.99.05.001,Reintegro disponibilità dal conto non sanità al conto sanità della Regione,Vedi voce di IV livello
E.9.01.99.06.000,Entrate derivanti dalla gestione degli incassi vincolati degli enti locali,Entrate derivanti dalla gestione degli incassi vincolati degli enti locali
E.9.01.99.06.001,Destinazione incassi vincolati a spese correnti ai sensi dell’art. 195 del TUEL,"A decorrere dal 1° gennaio 2015, a seguito della comunicazione del tesoriere di sospesi in attesa di regolarizzazione concernenti la destinazione di incassi vincolati al finanziamento di spese correnti effettuata ai sensi dell'art. 195 del TUEL, l’ente, con periodicità almeno mensile, entro 10 giorni dalla fine di ciascun mese, accerta ed emette un ordine di incasso, di importo corrispondente all'impegno e all'ordine di pagamento, delle risorse vincolate destinae ai pagamenti correnti (trattasi di regolazione contabile)."
E.9.01.99.06.002,Reintegro incassi vincolati ai sensi dell’art. 195 del TUEL,"A decorrere dal 1° gennaio 2015, a seguito della comunicazione del tesorirere di sospesi in attesa di regolarizzazione concernenti le risorse libere incassate, destinate al reintegro degli incassi vincolati , l’ente, con periodicità almeno mensile, entro 10 giorni dalla fine di ciascun mese, accerta ed emette una reversale di incasso, a regolarizzazione di tali carte contabili, di importo corrispondente a quello delle spese impegnate e pagate per destinare le risorse libere a reintegro delle risorse vincolate (trattasi di una regolazione contabile)."
E.9.01.99.99.000,Altre entrate per partite di giro diverse,"Entrate per partite di giro, non considerate nelle altre voci"
E.9.01.99.99.999,Altre entrate per partite di giro diverse,Vedi voce di IV livello
E.9.02.00.00.000,Entrate per conto terzi,
E.9.02.01.00.000,Rimborsi per acquisto di beni e servizi per conto terzi,"Entrate derivanti dal rimborso di spese concernenti l'acquisto di beni e servizi, sostenute dall'ente per conto di terzi, effettuate in assenza di qualsiasi discrezionalità."
E.9.02.01.01.000,Rimborso per acquisti di beni per conto di terzi,"Entrate derivanti dal rimborso di spese concernenti l'acquisto di beni, sostenute dall'ente per conto di terzi, effettuate in assenza di qualsiasi discrezionalità."
E.9.02.01.01.001,Rimborso per acquisti di beni per conto di terzi,Vedi voce di IV livello
E.9.02.01.02.000,Rimborso per acquisto di servizi per conto di terzi,"Entrate derivanti dal rimborso di spese concernenti l'acquisto di servizi, sostenute dall'ente per conto di terzi, effettuate in assenza di qualsiasi discrezionalità."
E.9.02.01.02.001,Rimborso per acquisto di servizi per conto di terzi,Vedi voce di IV livello
E.9.02.02.00.000,Trasferimenti da Amministrazioni pubbliche per operazioni conto terzi,"Entrate derivanti da trasferimenti da altre amministrazioni pubbliche, ricevute per conto di terzi. A tali entrate corrispondono spese effettuate dall'Ente in assenza di qualsiasi autonomia gestionale, come un mero esecutore, in quanto risultano già predefiniti tempi, importi e destinatari della spesa.
 
 PER IL DETTAGLIO ANAGRAFICO DELLE CATEGORIE INCLUSE IN TALE RUBRICA SI RIMANDA ALL'APPENDICE AL GLOSSARIO."
E.9.02.02.01.000,Trasferimenti da Amministrazioni Centrali per operazioni conto terzi,"Entrate derivanti da trasferimenti da altre amministrazioni pubbliche ricadenti nel settore delle amministrazioni centrali, ricevute per conto di terzi. A tali entrate corrispondono spese effettuate dall'Ente in assenza di qualsiasi autonomia gestionale, come un mero esecutore, in quanto risultano già predefiniti tempi, importi e destinatari della spesa."
E.9.02.02.01.001,Trasferimenti da Ministeri per operazioni conto terzi,Trasferimenti da Ministeri per operazioni conto terzi. Per il significato della voce si rimanda alle relative voci di III e IV livello
E.9.02.02.01.003,Trasferimenti da Presidenza del Consiglio dei Ministri per operazioni conto terzi,Trasferimenti da Presidenza del Consiglio dei Ministri per operazioni conto terzi. Per il significato della voce si rimanda alle relative voci di III e IV livello
E.9.02.02.01.004,Trasferimenti da Organi Costituzionali e di rilievo costituzionale per operazioni conto terzi,Trasferimenti da Organi Costituzionali e di rilievo costituzionale per operazioni conto terzi. Per il significato della voce si rimanda alle relative voci di III e IV livello
E.9.02.02.01.005,Trasferimenti da Agenzie Fiscali per operazioni conto terzi,Trasferimenti da Agenzie Fiscali per operazioni conto terzi. Per il significato della voce si rimanda alle relative voci di III e IV livello
E.9.02.02.01.006,Trasferimenti da enti di regolazione dell'attività economica per operazioni conto terzi,Trasferimenti da enti di regolazione dell'attività economica per operazioni conto terzi. Per il significato della voce si rimanda alle relative voci di III e IV livello
E.9.02.02.01.007,Trasferimenti da Gruppo Equitalia per operazioni conto terzi,Trasferimenti da Gruppo Equitalia per operazioni conto terzi. Per il significato della voce si rimanda alle relative voci di III e IV livello
E.9.02.02.01.008,Trasferimenti da Anas S.p.A. per operazioni conto terzi,Trasferimenti da Anas S.p.A. per operazioni conto terzi. Per il significato della voce si rimanda alle relative voci di III e IV livello
E.9.02.02.01.009,Trasferimenti da altri enti centrali produttori di servizi economici per operazioni conto terzi,Trasferimenti da altri enti centrali produttori di servizi economici per operazioni conto terzi. Per il significato della voce si rimanda alle relative voci di III e IV livello
E.9.02.02.01.010,Trasferimenti da autorità amministrative indipendenti per operazioni conto terzi,Trasferimenti da autorità amministrative indipendenti per operazioni conto terzi. Per il significato della voce si rimanda alle relative voci di III e IV livello
E.9.02.02.01.011,Trasferimenti da enti centrali a struttura associativa per operazioni conto terzi,Trasferimenti da enti centrali a struttura associativa per operazioni conto terzi. Per il significato della voce si rimanda alle relative voci di III e IV livello
E.9.02.02.01.012,"Trasferimenti da enti centrali produttori di servizi assistenziali, ricreativi e culturali per operazioni conto terzi","Trasferimenti da enti centrali produttori di servizi assistenziali, ricreativi e culturali per operazioni conto terzi. Per il significato della voce si rimanda alle relative voci di III e IV livello"
E.9.02.02.01.013,Trasferimenti da enti e istituzioni centrali di ricerca e Istituti e stazioni sperimentali per la ricerca per operazioni conto terzi,Trasferimenti da enti e istituzioni centrali di ricerca e Istituti e stazioni sperimentali per la ricerca per operazioni conto terzi. Per il significato della voce si rimanda alle relative voci di III e IV livello
E.9.02.02.01.999,Trasferimenti da altre Amministrazioni Centrali n.a.c. per operazioni conto terzi,Trasferimenti da altre Amministrazioni Centrali n.a.c. per operazioni conto terzi. Per il significato della voce si rimanda alle relative voci di III e IV livello
E.9.02.02.02.000,Trasferimenti da Amministrazioni Locali per operazioni conto terzi,"Entrate derivanti da trasferimenti da altre amministrazioni pubbliche ricadenti nel settore delle amministrazioni locali, ricevute per conto di terzi. A tali entrate corrispondono spese effettuate dall'Ente in assenza di qualsiasi autonomia gestionale, come un mero esecutore, in quanto risultano già predefiniti tempi, importi e destinatari della spesa."
E.9.02.02.02.001,Trasferimenti da Regioni e province autonome per operazioni conto terzi,Trasferimenti da Regioni e province autonome per operazioni conto terzi. Per il significato della voce si rimanda alle relative voci di III e IV livello
E.9.02.02.02.002,Trasferimenti da Province per operazioni conto terzi,Trasferimenti da Province per operazioni conto terzi. Per il significato della voce si rimanda alle relative voci di III e IV livello
E.9.02.02.02.003,Trasferimenti da Comuni per operazioni conto terzi,Trasferimenti da Comuni per operazioni conto terzi. Per il significato della voce si rimanda alle relative voci di III e IV livello
E.9.02.02.02.004,Trasferimenti da Città metropolitane e Roma capitale per operazioni conto terzi,Trasferimenti da Città metropolitane e Roma capitale per operazioni conto terzi. Per il significato della voce si rimanda alle relative voci di III e IV livello
E.9.02.02.02.005,Trasferimenti da Unioni di Comuni per operazioni conto terzi,Trasferimenti da Unioni di Comuni per operazioni conto terzi. Per il significato della voce si rimanda alle relative voci di III e IV livello
E.9.02.02.02.006,Trasferimenti da Comunità Montane per operazioni conto terzi,Trasferimenti da Comunità Montane per operazioni conto terzi. Per il significato della voce si rimanda alle relative voci di III e IV livello
E.9.02.02.02.007,Trasferimenti da Camere di Commercio per operazioni conto terzi,Trasferimenti da Camere di Commercio per operazioni conto terzi. Per il significato della voce si rimanda alle relative voci di III e IV livello
E.9.02.02.02.008,Trasferimenti da Università per operazioni conto terzi,Trasferimenti da Università per operazioni conto terzi. Per il significato della voce si rimanda alle relative voci di III e IV livello
E.9.02.02.02.009,Trasferimenti da Parchi nazionali e consorzi ed enti autonomi gestori di parchi e aree naturali protette per operazioni conto terzi,Trasferimenti da Parchi nazionali e consorzi ed enti autonomi gestori di parchi e aree naturali protette per operazioni conto terzi. Per il significato della voce si rimanda alle relative voci di III e IV livello
E.9.02.02.02.010,Trasferimenti da Autorità Portuali per operazioni conto terzi,Trasferimenti da Autorità Portuali per operazioni conto terzi. Per il significato della voce si rimanda alle relative voci di III e IV livello
E.9.02.02.02.011,Trasferimenti da Aziende sanitarie locali per operazioni conto terzi,Trasferimenti da Aziende sanitarie locali per operazioni conto terzi. Per il significato della voce si rimanda alle relative voci di III e IV livello
E.9.02.02.02.012,Trasferimenti da Aziende ospedaliere e Aziende ospedaliere universitarie integrate con il SSN per operazioni conto terzi,Trasferimenti da Aziende ospedaliere e Aziende ospedaliere universitarie integrate con il SSN per operazioni conto terzi. Per il significato della voce si rimanda alle relative voci di III e IV livello
E.9.02.02.02.013,Trasferimenti da policlinici per operazioni conto terzi,Trasferimenti da policlinici per operazioni conto terzi. Per il significato della voce si rimanda alle relative voci di III e IV livello
E.9.02.02.02.014,Trasferimenti da Istituti di ricovero e cura a carattere scientifico pubblici per operazioni conto terzi,Trasferimenti da Istituti di ricovero e cura a carattere scientifico pubblici per operazioni conto terzi. Per il significato della voce si rimanda alle relative voci di III e IV livello
E.9.02.02.02.015,Trasferimenti da altre Amministrazioni Locali produttrici di servizi sanitari per operazioni conto terzi,Trasferimenti da altre Amministrazioni Locali produttrici di servizi sanitari per operazioni conto terzi. Per il significato della voce si rimanda alle relative voci di III e IV livello
E.9.02.02.02.016,Trasferimenti da Agenzie regionali per le erogazioni in agricoltura per operazioni conto terzi,Trasferimenti da Agenzie regionali per le erogazioni in agricoltura per operazioni conto terzi. Per il significato della voce si rimanda alle relative voci di III e IV livello
E.9.02.02.02.017,Trasferimenti da altri enti e agenzie regionali e sub regionali per operazioni conto terzi,Trasferimenti da altri enti e agenzie regionali e sub regionali per operazioni conto terzi. Per il significato della voce si rimanda alle relative voci di III e IV livello
E.9.02.02.02.018,Trasferimenti da Consorzi di enti locali per operazioni conto terzi,Trasferimenti da Consorzi di enti locali per operazioni conto terzi. Per il significato della voce si rimanda alle relative voci di III e IV livello
E.9.02.02.02.019,Trasferimenti da Fondazioni e istituzioni liriche locali e da teatri stabili di iniziativa pubblica per operazioni conto terzi,Trasferimenti da Fondazioni e istituzioni liriche locali e da teatri stabili di iniziativa pubblica per operazioni conto terzi. Per il significato della voce si rimanda alle relative voci di III e IV livello
E.9.02.02.02.999,Trasferimenti da altre Amministrazioni Locali n.a.c. per operazioni conto terzi,Trasferimenti da altre Amministrazioni Locali n.a.c. per operazioni conto terzi. Per il significato della voce si rimanda alle relative voci di III e IV livello
E.9.02.02.03.000,Trasferimenti da Enti di Previdenza per operazioni conto terzi,"Entrate derivanti da trasferimenti da altre amministrazioni pubbliche ricadenti nel settore degli enti di previdenza, ricevute per conto di terzi. A tali entrate corrispondono spese effettuate dall'Ente in assenza di qualsiasi autonomia gestionale, come un mero esecutore, in quanto risultano già predefiniti tempi, importi e destinatari della spesa."
E.9.02.02.03.001,Trasferimenti da INPS per operazioni conto terzi,Trasferimenti da INPS per operazioni conto terzi. Per il significato della voce si rimanda alle relative voci di III e IV livello
E.9.02.02.03.002,Trasferimenti da INAIL per operazioni conto terzi,Trasferimenti da INAIL per operazioni conto terzi. Per il significato della voce si rimanda alle relative voci di III e IV livello
E.9.02.02.03.999,Trasferimenti da altri Enti di Previdenza n.a.c. per operazioni conto terzi,Trasferimenti da altri Enti di Previdenza n.a.c. per operazioni conto terzi. Per il significato della voce si rimanda alle relative voci di III e IV livello
E.9.02.03.00.000,Trasferimenti da altri settori per operazioni conto terzi,"Entrate derivanti da trasferimenti effettuati da soggetti non appartenenti al settore delle amministrazioni pubbliche, ricevute per conto di terzi. A tali entrate corrispondono spese effettuate dall'Ente in assenza di qualsiasi autonomia gestionale, come un mero esecutore, in quanto risultano già predefiniti tempi, importi e destinatari della spesa."
E.9.02.03.01.000,Trasferimenti da Famiglie per operazioni conto terzi,Trasferimenti da Famiglie per operazioni conto terzi. Per il significato della voce si rimanda alle relativa voce di III livello
E.9.02.03.01.001,Trasferimenti da Famiglie per operazioni conto terzi,Vedi voce di IV livello
E.9.02.03.02.000,Trasferimenti da Imprese per operazioni conto terzi,Trasferimenti da Imprese per operazioni conto terzi. Per il significato della voce si rimanda alle relativa voce di III livello
E.9.02.03.02.001,Trasferimenti da imprese controllate per operazioni conto terzi,Trasferimenti da imprese controllate per operazioni conto terzi. Per il significato della voce si rimanda alle relativa voce di III livello
E.9.02.03.02.002,Trasferimenti da altre imprese partecipate per operazioni conto terzi,Trasferimenti da altre imprese partecipate per operazioni conto terzi. Per il significato della voce si rimanda alle relativa voce di III livello
E.9.02.03.02.999,Trasferimenti da altre imprese per operazioni conto terzi,Trasferimenti da altre imprese per operazioni conto terzi. Per il significato della voce si rimanda alle relativa voce di III livello
E.9.02.03.03.000,Trasferimenti da Istituzioni Sociali Private per operazioni conto terzi,Trasferimenti da Istituzioni Sociali Private per operazioni conto terzi. Per il significato della voce si rimanda alle relativa voce di III livello
E.9.02.03.03.001,Trasferimenti da Istituzioni Sociali Private per operazioni conto terzi,Vedi voce di IV livello
E.9.02.03.04.000,Trasferimenti dall'Unione Europea e dal Resto del Mondo per operazioni conto terzi,Trasferimenti dall'Unione Europea e dal Resto del Mondo per operazioni conto terzi. Per il significato della voce si rimanda alle relativa voce di III livello
E.9.02.03.04.001,Trasferimenti dall'Unione Europea e dal Resto del Mondo per operazioni conto terzi,Vedi voce di IV livello
E.9.02.04.00.000,Depositi di/presso terzi,
E.9.02.04.01.000,Costituzione di depositi cauzionali o contrattuali di terzi,"Entrate derivanti dalla costituzione di depositi cauzionali o contrattuali di terzi, presso l'Amministrazione"
E.9.02.04.01.001,Costituzione di depositi cauzionali o contrattuali di terzi,Vedi voce di IV livello
E.9.02.04.02.000,Restituzione di depositi cauzionali o contrattuali presso terzi,Entrate derivanti dalla restituzione di depositi cauzionali o contrattuali dell'amministrazione presso terzi
E.9.02.04.02.001,Restituzione di depositi cauzionali o contrattuali presso terzi,Vedi voce di IV livello
E.9.02.05.00.000,Riscossione imposte e tributi per conto terzi,
E.9.02.05.01.000,Riscossione di imposte di natura corrente per conto di terzi,"Entrate derivanti dalla riscossione di imposte di natura corrente effettuata per conto di terzi, destinate ad essere riversate agli enti aventi diritto."
E.9.02.05.01.001,Riscossione di imposte di natura corrente per conto di terzi,"Vedi voce di IV livello. 
 
 In tale voce i comuni registrano la quota del tributo per l'esercizio delle funzioni di tutela, protezione e igiene dell'ambiente riscossa per conto della Provincia (compresa la quota di spettanza del comune a titolo di commissione ai sensi dell'art. 19, comma 5, del d.lgs. 504 del 1992. Per tale commissione il comune registra, alla voce U.7.02.05.01.001 ""Versamenti di imposte e tasse di natura corrente riscosse per conto di terzi"", la spesa concernente il versamento in entrata del proprio bilancio della commissione, con imputazione al titolo terzo delle entrate)."
E.9.02.05.02.000,Riscossione di imposte in conto capitale per conto di terzi,"Entrate derivanti dalla riscossione di imposte in conto capitale effettuata per conto di terzi, destinate ad essere riversate agli enti aventi diritto."
E.9.02.05.02.001,Riscossione di imposte in conto capitale per conto di terzi,Vedi voce di IV livello
E.9.02.99.00.000,Altre entrate per conto terzi,Entrate per conto terzi non considerate nelle altre voci del piano dei conti.
E.9.02.99.99.000,Altre entrate per conto terzi,Vedi voce di III livello
E.9.02.99.99.999,Altre entrate per conto terzi,Vedi voce di III livello
,Incassi da regolarizzare,
,INCASSI DA REGOLARIZZARE DERIVANTI DALLA DESTINAZIONE DI INCASSI VINCOLATI A SPESE CORRENTI (riscossioni codificate dal tesoriere solo per gli enti locali),"La voce riguarda solo gli enti locali. ll codice E0.00.00.99.995 è temporaneamente attribuito agli incassi derivanti dalla destinazione di risorse vincolate ai pagamenti di spese correnti disposte dall’ente, in caso di crisi di insufficienza dei fondi liberi, nel rispetto dei limiti previsti dall’articolo 195 del TUEL. L’utilizzo delle risorse vincolate per il pagamento di spese correnti non vincolate determina la formazione di “carte contabili” sia di entrata, che di spesa."
,INCASSI DA REGOLARIZZARE DERIVANTI DAL REINTEGRO DI INCASSI VINCOLATI (riscossioni codificate dal tesoriere solo per gli enti locali),"La voce riguarda solo gli enti locali. Il codice E0.00.00.99.996 è temporaneamente attribuito agli incassi derivanti dalla destinazione di risorse libere al reintegro delle risorse vincolate. A seguito dell’utilizzo di risorse vincolate per il pagamento delle spese correnti, tutte le disponibilità libere giacenti nel conto intestato all’ente alla fine di ogni giornata di lavoro devono essere destinate al reintegro delle risorse vincolate, fino al loro completo reintegro. Il reintegro delle risorse vincolate effettuato dal tesoriere genera dei sospesi di entrata e di spesa. Il tesoriere attribuisce agli incassi in attesa di regolarizzazione che registrano il reintegro delle risorse vincolate il codice E0.00.00.99.996, e ai pagamenti sospesi effettuati per destinare incassi liberi al reintegro delle risorse vincolate il codice U0.00.00.99.996."
,INCASSI DA REGOLARIZZARE DERIVANTI DALLE ANTICIPAZIONI DI CASSA (riscossioni codificate dal tesoriere),"Il codice E0.00.00.99.998 è temporaneamente attribuito alle riscossioni effettuate dai tesorieri/cassieri a seguito della concessione di anticipazioni di tesoreria, in attesa dell'ordinativo di incasso. Con l'emissione dell'ordinativo di incasso, l'ente individua il codice definitivo (codice gestionale E.7.01.01.01.001), che il tesoriere/cassiere provvede ad attribuire alle singole operazioni di anticipazione di tesoreria in attesa di regolarizzazione."
,ALTRI INCASSI DA REGOLARIZZARE (riscossioni codificate dal tesoriere),"Il codice E0.00.00.99.999 è il codice temporaneamente attribuito alle riscossioni effettuate dai tesorieri in assenza dell'ordinativo di incasso (con l'esclusione delle riscossioni in attesa di regolarizzazione per le quali sono previsti i codici E0.00.00.99.995, E0.00.00.99.996, E0.00.00.99.998). Con l'emissione dell'ordinativo di incasso, l'ente individua il codice gestionale definitivo, che il tesoriere provvede ad attribuire alle singole riscossioni in attesa di regolarizzazione, senza modificare la data originaria di incasso."
U.1.00.00.00.000,Spese correnti,"Le spese correnti comprendono le spese sostenute dall'ente per la remunerazione del proprio personale, per l'acquisto di beni e servizi, per l'erogazione di trasferimenti a terzi a titolo di liberalità, in assenza quindi di controprestazioni, per interessi passivi, rimborsi e altre spese la cui utilità riguarda beni e servizi o il pagamento di oneri riferibili all'esercizio di riferimento."
U.1.01.00.00.000,Redditi da lavoro dipendente,"Compenso complessivo, in denaro o in natura, comprensivo dei contributi sociali a carico dei datori di lavoro, riconosciuto a un lavoratore dipendente quale corrispettivo per il lavoro svolto."
U.1.01.01.00.000,Retribuzioni lorde,"Retribuzioni in denaro, contabilizzate al lordo delle ritenute erariali e previdenziali a carico del dipendente, includono le componenti retributive, fisse e accessorie, corrisposte ai lavoratori dipendenti, con contratto di lavoro a tempo determinato e indeterminato, quale corrispettivo delle loro prestazioni. Esse incudono:
 - retribuzioni base corrisposte a intervalli regolari (stipendio, indennità integrativa speciale, RIA - retribuzione individuale di anzianità, progressioni economiche di anzianità o di sviluppo professionale, ecc.);
 - indennità corrisposte dall'amministrazione ai propri dipendenti in virtù delle attività da questi prestate ad esclusione delle indennità o rimborsi per missione e rappresentanza. Quest'ultime vanno contabilizzate nell'acquisto di beni e servizi;
 - premi di produzione, mensilità aggiuntive (tredicesima e altre mensilità aggiuntive ove previste) e altre gratifiche concesse ai lavoratori;
 - retribuzioni per ferie e festività;
 - commissioni, percentuali e compensi vari;
 - maggiorazioni dovute per lavoro straordinario;
 - indennità di vacanza contrattuale;
 - arretrati per anni precedenti;"
U.1.01.01.01.000,Retribuzioni in denaro,
U.1.01.01.01.001,Arretrati per anni precedenti corrisposti al personale a tempo indeterminato,"Arretrati, dovuti ad esercizi precedenti e a quello in corso, versati ai dipendenti a tempo indeterminato in conseguenza dei rinnovi contrattuali, di progressioni di carriera o di decisioni giurisdizionali o di interventi legislativi. Non comprende gli arretrati relativi agli anni in corso e le spese per arretrati oggetto di accantonamento nel corso degli esercizi precedenti nell'apposita unità elementare di bilancio. Non sono considerati arretrati gli emolumenti corrisposti sistematicamente nell'anno successivo a quello di competenza."
U.1.01.01.01.002,Voci stipendiali corrisposte al personale a tempo indeterminato,"Competenze per stipendio (comprensivo delle progressioni economiche di anzianità e di sviluppo professionale), indennità integrativa speciale, RIA, tredicesima mensilità corrisposte al personale con contratto di lavoro a tempo indeterminato al lordo delle ritenute a carico del dipendente. Non comprende gli arretrati per anni precedenti."
U.1.01.01.01.003,Straordinario per il personale a tempo indeterminato,"Compensi corrisposti al personale a tempo indeterminato per l'attività prestata oltre l'orario contrattuale, al lordo delle ritenute a carico del dipendente."
U.1.01.01.01.004,"Indennità ed altri compensi, esclusi i rimborsi spesa per missione, corrisposti al personale a tempo indeterminato","Indennità, al lordo delle ritenute a carico del dipendente, corrisposte ai dipendenti a tempo indeterminato in virtù delle specifiche attività da questi svolte. Sono inoltre inclusi in tale voce le retribuzioni di posizione e di risultato, la produttività collettiva ed individuale, i premi di produzione, le partecipazioni agli utili, le gratifiche natalizie e di fine anno. Non comprende gli arretrati per anni precedenti e le prestazioni di assicurazione sociale effettuate dai datori di lavoro.
 
 Rientrano in tali voci anche:
 - indennità di contingenza, di residenza e di trasferta all'estero; 
 - indennità di trasporto dal domicilio al posto di lavoro e viceversa, escluse le indennità o i rimborsi per trasferte, spese di viaggio, di trasloco e di rappresentanza sostenute dai dipendenti nell'esercizio delle loro funzioni; 
 - gratifiche concesse una tantum o altri compensi a carattere eccezionale connessi alla performance globale dell'impresa nel quadro di programmi di incentivazione; 
 - indennità di alloggio versate in denaro dai datori di lavoro ai loro dipendenti."
U.1.01.01.01.005,Arretrati per anni precedenti corrisposti al personale a tempo determinato,"Arretrati, dovuti ad esercizi precedenti e a quello in corso, versati ai lavoratori con contratto di lavoro a tempo determinato in conseguenza dei rinnovi contrattuali previsti dal CCNL o di decisioni giurisdizionali. In tale voce sono inclusi anche gli arretrati relativi alle indennità di vacanza contrattuale. Non comprende gli arretrati relativi agli anni in corso e le spese per arretrati oggetto di accantonamento nel corso degli esercizi precedenti nell'apposita unità elementare di bilancio. Non sono considerati arretrati gli emolumenti corrisposti sistematicamente nell'anno successivo a quello di competenza."
U.1.01.01.01.006,Voci stipendiali corrisposte al personale a tempo determinato,"Competenze per stipendio, indennità integrativa speciale e tredicesima mensilità corrisposte al personale con contratto di lavoro a tempo determinato al lordo delle ritenute a carico del dipendente. Non comprende gli arretrati per anni precedenti."
U.1.01.01.01.007,Straordinario per il personale a tempo determinato,"Compensi corrisposti al personale a tempo determinato per l'attività prestata oltre l'orario contrattuale, al lordo delle ritenute a carico del dipendente."
U.1.01.01.01.008,"Indennità ed altri compensi, esclusi i rimborsi spesa documentati per missione, corrisposti al personale a tempo determinato","Indennità, al lordo delle ritenute a carico del dipendente, corrisposte ai dipendenti a tempo indeterminato in virtù delle specifiche attività da questi svolte. Sono inoltre inclusi in tale voce le retribuzioni di posizione e di risultato, la produttività collettiva ed individuale, i premi di produzione, le partecipazioni agli utili, le gratifiche natalizie e di fine anno. Non comprende gli arretrati per anni precedenti e le prestazioni di assicurazione sociale effettuate dai datori di lavoro.
 
 Rientrano in tali voci anche:
 - indennità di contingenza, di missione, di residenza e di trasferta all'estero - (con esclusione dei rimborsi spese documentati); 
 - indennità di trasporto dal domicilio al posto di lavoro e viceversa, escluse le indennità o i rimborsi spese per di rappresentanza sostenute dai dipendenti nell'esercizio delle loro funzioni; 
 - gratifiche concesse una tantum o altri compensi a carattere eccezionale connessi alla performance globale dell'impresa nel quadro di programmi di incentivazione; 
 - indennità di alloggio versate in denaro dai datori di lavoro ai loro dipendenti."
U.1.01.01.01.009,Assegni di ricerca,"Compenso, al lordo delle ritenute a carico del dipendente, corrisposto per la collaborazione ad attività di ricerca ai sensi dell'art.51 comma 6 legge 27 dicembre 1997, n.449 e successive modificazioni."
U.1.01.01.02.000,Altre spese per il personale,
U.1.01.01.02.001,"Contributi per asili nido e strutture sportive, ricreative o di vacanza messe a disposizione dei lavoratori dipendenti e delle loro famiglie e altre spese per il benessere del personale","Contributi erogati, sulla base di apposite convenzioni, a asili nido o a strutture sportive, ricreative o di vacanza messe a disposizione dei lavoratori dipendenti e delle loro famiglie.
 Spese per il benessere del personale quali contributi per le spese sanitarie, protesi, sussidi, rimborsi tasse iscrizioni ad albi professionali, rimborsi abbonamenti per il trasporto pubblico, etc."
U.1.01.01.02.002,Buoni pasto,"Acquisto di buoni pasto destinati al personale dipendente, in sostituzione del servizio mensa e/o per il contributo monetario."
U.1.01.01.02.999,Altre spese per il personale n.a.c.,"Spese per l'acquisto di servizi acquistati dall'Amministrazione e destinati all'utilizzo del personale dipendente. Esse includono, tra le altre:
 - spese sostenute per l'assistenza medica e sanitaria, comprese le prestazioni specialistiche riferite ai servizi resi da medici, infermieri, paramedici (anche con riferimento al D.Lgs. 626/94 e alle spese relative al presidio sanitario obbligatorio per i dipendenti),
 - servizi di veicoli o di altri beni di consumo durevoli messi a disposizione dei lavoratori dipendenti per uso personale;
 - trasporto dal domicilio al posto di lavoro e viceversa, fuorché se organizzato durante l'orario di lavoro; 
 - parcheggio di autovetture;
 - uniformi o altri capi di abbigliamento speciale che il lavoratore sceglie di portare frequentemente, oltre che sul posto di lavoro, anche al di fuori di questo.
 - cibi e bevande ma escluse le bevande o i pasti speciali necessari in conseguenza di condizioni di lavoro eccezionali; 
 - riduzioni di prezzo di cui si usufruisce nelle mense gratuite o sovvenzionate."
U.1.01.02.00.000,Contributi sociali a carico dell'ente,
U.1.01.02.01.000,Contributi sociali effettivi a carico dell'ente,Corrispondono ai versamenti effettuati dall'Amministrazione per i propri dipendenti.
U.1.01.02.01.001,Contributi obbligatori per il personale,"Contributi obbligatori previdenziali assicurativi e sociali, relativi al personale, a carico della Regione/Provincia autonoma, versati agli enti di previdenza e assistenza sociale"
U.1.01.02.01.002,Contributi previdenza complementare,"Contributi a carico dell'ente a favore di alcune categorie di lavoratori iscritti ai fondi pensione riservati al pubblico impiego. 
 Vi rientrano i Fondi integrativi di previdenza e di quiescenza del personale dipendente, contributo di solidarietà ex. art 12 D. Lgs 124/93, contributo di solidarietà ex Fondo integrativo (L. 144/99, art. 64)."
U.1.01.02.01.003,Contributi per indennità di fine rapporto,Erogazioni correlate a contributi per indennità di fine servizio e ad accantonamenti TFR
U.1.01.02.01.999,Altri contributi sociali effettivi n.a.c.,Altri contributi sociali effettivi non altrimenti classificabili nelle precedenti voci
U.1.01.02.02.000,Altri contributi sociali,"Rappresentano la contropartita delle prestazioni sociali erogate ai propri dipendenti, ex dipendenti e loro familiari, da parte delle Amministrazioni Pubbliche in qualità di datore di lavoro senza la creazione, da parte di questi ultimi di un apposito fondo o l’accantonamento di riserve ad hoc e senza l’intervento di un ente di previdenza, di un impresa di assicurazione o di un fondo pensione autonomo."
U.1.01.02.02.001,Assegni familiari,"Prestazione a sostegno dei nuclei familiari che abbiano un reddito al di sotto dei limiti
 stabiliti annualmente dalla legge"
U.1.01.02.02.002,Equo indennizzo,Beneficio economico che spetta al dipendente che abbia perso la propria integrità fisica per causa di servizio.
U.1.01.02.02.003,Indennità di fine servizio erogata direttamente dal datore di lavoro,Somma corrisposta al termine del rapporto di lavoro nel caso in cui venga corrisposta direttamente dall'amministrazione di appartenenza. Rientrano in tale voce anche le indennità di fine servizio se erogate direttamente dal datore di lavoro
U.1.01.02.02.004,Oneri per il personale in quiescenza,"Somme erogate dall'amministrazione ai dipendenti cessati dal servizio, come trattamento di quiescenza provvisorio, in attesa dei trattamenti definitivi."
U.1.01.02.02.005,Arretrati per oneri per il personale in quiescenza,"Arretrati per oneri per il personale in quiescenza: pensioni, pensioni integrative e altro"
U.1.01.02.02.999,Contributi erogati direttamente al proprio personale n.a.c.,Altri contributi sociali erogati direttamente al proprio personale non altrimenti classificabili nelle precedenti voci
U.1.02.00.00.000,Imposte e tasse a carico dell'ente,Imposte e tasse a carico dell'ente
U.1.02.01.00.000,"Imposte, tasse e proventi assimilati a carico dell'ente","Imposte, tasse e proventi assimilati a carico dell'ente"
U.1.02.01.01.000,Imposta regionale sulle attività produttive (IRAP),Riferimento normativo: D. Lgs. n. 446 del 1997
U.1.02.01.01.001,Imposta regionale sulle attività produttive (IRAP),Vedi voce di IV livello
U.1.02.01.02.000,Imposta di registro e di bollo,"Riferimento normativo: l’imposta di registro si applica nella misura indicata nella tariffa allegata al decreto del Presidente della Repubblica 26 aprile 1986, n. 131 agli atti soggetti a registrazione ed a quelli presentati volontariamente alla registrazione. Il tributo prevede aliquote in misura fissa o proporzionale per cui a volte si manifesta nella forma di tassa per il servizio della registrazione ed a volte, invece, assume le caratteristiche di imposta senza un diretto rapporto con l’esecuzione della formalità della registrazione.
 Riferimento normativo per l'imposta di bollo: D.P.R. n. 642 del 1972."
U.1.02.01.02.001,Imposta di registro e di bollo,Vedi voce di IV livello
U.1.02.01.03.000,Imposta comunale sulla pubblicità e diritto sulle pubbliche affissioni,Riferimento normativo: D. Lgs. n. 507 del 1993. Sostituita dall’imposta municipale secondaria
U.1.02.01.03.001,Imposta comunale sulla pubblicità e diritto sulle pubbliche affissioni,Vedi voce di IV livello
U.1.02.01.04.000,Tributo speciale per il deposito in discarica dei rifiuti solidi,"La regione, nel rispetto della normativa, trasferisce la quota di spettanza del tributo, secondo le modalità definite dalle leggi regionali, alle province"
U.1.02.01.04.001,Tributo speciale per il deposito in discarica dei rifiuti solidi,Vedi voce di IV livello
U.1.02.01.05.000,Tributo funzione tutela e protezione ambiente,Tributo funzione tutela e protezione ambiente
U.1.02.01.05.001,Tributo funzione tutela e protezione ambiente,Vedi voce di IV livello
U.1.02.01.06.000,Tassa e/o tariffa smaltimento rifiuti solidi urbani,"Riferimento normativo: art. 58 del D. Lgs 15 novembre 1993, n. 507"
U.1.02.01.06.001,Tassa e/o tariffa smaltimento rifiuti solidi urbani,Vedi voce di IV livello
U.1.02.01.07.000,Tassa e/o canone occupazione spazi e aree pubbliche,"Riferimento normativo: art. 38 del D. LGS. 15 novembre 1993, n. 507 abrogata dall’ art. 51 del dlgs n. 446 del 1997 e reintrodotta dall’art. 31, comma 14, della legge n. 448 del 1998. Viene infine sostituita dall’imposta municipale secondaria."
U.1.02.01.07.001,Tassa e/o canone occupazione spazi e aree pubbliche,Vedi voce di IV livello
U.1.02.01.08.000,Tassa sulle emissioni di anidride solforosa,"Riferimento normativo: Art. 17, commi 29-33, L. n. 449/1997; art. 4, D.P.R. n. 416/2001."
U.1.02.01.08.001,Tassa sulle emissioni di anidride solforosa,Vedi voce di IV livello
U.1.02.01.09.000,Tassa di circolazione dei veicoli a motore (tassa automobilistica),Riferimento normativo: D.P.R. n. 39 del 1953; D.L. n. 953 del 1982 conv. Legge n. 53 del 1983
U.1.02.01.09.001,Tassa di circolazione dei veicoli a motore (tassa automobilistica),Vedi voce di IV livello
U.1.02.01.10.000,Imposta sul reddito delle persone giuridiche (ex IRPEG),"Riferimento normativo: Imposta istituita con d.lgs. n.344/2003, in sostituzione dell'Imposta sul reddito delle persone giuridiche (IRPEG)."
U.1.02.01.10.001,Imposta sul reddito delle persone giuridiche (ex IRPEG),Vedi voce di IV livello
U.1.02.01.11.000,Imposta comunale sugli immobili (ICI),Riferimento normativo: decreto legislativo n. 504 del 1992
U.1.02.01.11.001,Imposta comunale sugli immobili (ICI),Vedi voce di IV livello
U.1.02.01.12.000,Imposta Municipale Propria,"Riferimento normativo: artt. 8 e 9 del D. Lgs. n. 23 del 2011, art. 13 D.L. n. 201 del 2011, convertito dalla legge n. 214 del 2011."
U.1.02.01.12.001,Imposta Municipale Propria,Vedi voce di IV livello
U.1.02.01.13.000,Imposta sulle plusvalenze da cessione di attività finanziarie,"Riferimento normativo: ai sensi dell’art. 5, comma 2, i predetti redditi sono soggetti all’imposta sostitutiva delle imposte sui redditi e gli stessi sono determinati secondo i criteri stabiliti dall’articolo 68 del Tuir."
U.1.02.01.13.001,Imposta sulle plusvalenze da cessione di attività finanziarie,Vedi voce di IV livello
U.1.02.01.14.000,Tributi sulle successioni e donazioni,"Riferimento normativo: D.Lgs. 31/10/1990, n. 346; D.L. 03/10/2006, n. 262."
U.1.02.01.14.001,Tributi sulle successioni e donazioni,Vedi voce di IV livello
U.1.02.01.99.000,"Imposte, tasse e proventi assimilati a carico dell'ente n.a.c.","Imposte, tasse e proventi assimilati a carico dell'ente non altrimenti classificate nelle voci precedenti"
U.1.02.01.99.999,"Imposte, tasse e proventi assimilati a carico dell'ente n.a.c.",Vedi voce di IV livello
U.1.03.00.00.000,Acquisto di beni e servizi,Spese per acquisto di beni e servizi utilizzati ai fini dell'attività e del funzionamento dell'ente. Ricadono in tale categoria i beni a facondità semplice il cui utilizzo di esaurisce nel corso dell'esercizio. I beni a facondità ripetuta fanno classificati nelle relative voci degli investimenti fissi lordi
U.1.03.01.00.000,Acquisto di beni,Acquisto di beni
U.1.03.01.01.000,"Giornali, riviste e pubblicazioni","Giornali, riviste e pubblicazioni"
U.1.03.01.01.001,Giornali e riviste,"Pubblicazioni anche periodiche di settore, di carattere generale e di larga diffusione, giornali e riviste, anche on-line, destinate ad uso interno, purché non raccolte e dotazioni di ufficio tali da costituire materiale bibliografico"
U.1.03.01.01.002,Pubblicazioni,Realizzazione di documenti pubblicati dall’amministrazione pubblica
U.1.03.01.02.000,Altri beni di consumo,Spese per l'acquisto di altri beni di consumo diversi dai giornali e dalle pubblicazioni
U.1.03.01.02.001,"Carta, cancelleria e stampati","Materiale di “facile consumo” per il quotidiano uso d’ufficio (ad esempio: carta, penne, matite, evidenziatori, buste, raccoglitori, cartelle, etichette, nastro adesivo, spago, biglietti da visita, correttori, punti metallici, inchiostri, timbri e tamponi per timbri, colla, post-it, blocco notes, cucitrice, forbici, righelli, modulistica interna ed esterna, ecc.). Tale voce non include gli stampati specialistici da registrarsi nella voce specifica."
U.1.03.01.02.002,"Carburanti, combustibili e lubrificanti","Carburanti, combustibili e lubrificanti, ovvero materiale utilizzato per il funzionamento di impianti di riscaldamento e/o per il funzionamento di mezzi soprattutto di trasporto"
U.1.03.01.02.003,Equipaggiamento,"Beni che costituiscono equipaggiamento per persone e animali, necessari allo svolgimento di specifiche attività (ad esempio: giubbotti antiproiettile, mute, elmetti, maschere antigas, zaini, palette per segnalazioni, selle, museruole, redini, guinzagli, strumenti musicali, ecc.) e che non hanno un valore tale da presupporre l’ammortamento del costo"
U.1.03.01.02.004,Vestiario,"Abbigliamento in dotazione al personale per lo svolgimento della propria attività (ad esempio: divise, tute da lavoro, berretti, scarpe, ecc.)"
U.1.03.01.02.005,Accessori per uffici e alloggi,"Beni in dotazione ad uffici, alloggi, mense, locali di rappresentanza, il cui acquisto sia ricorrente"
U.1.03.01.02.006,Materiale informatico,"Accessori e materiali per computer, stampanti e tutto ciò che concerne le attrezzature informatiche"
U.1.03.01.02.007,Altri materiali tecnico-specialistici non sanitari,"Altri beni tecnico-specialistici, non ricompresi nelle voci precedenti e non destinati a uso sanitario"
U.1.03.01.02.008,Strumenti tecnico-specialistici non sanitari,Beni tecnico-specialistici non destinati a uso sanitario
U.1.03.01.02.009,Beni per attività di rappresentanza,"Beni connessi all'attività di rappresentanza (ad es. beni per cerimoniale, medaglie, coppe, targhe, ecc.), esclusi i servizi per attività di rappresentanza"
U.1.03.01.02.010,Beni per consultazioni elettorali,Beni di consumo per consultazioni elettorali
U.1.03.01.02.011,Generi alimentari,"Derrate alimentari per le scuole, asili, strutture residenziali o militari e cibo per sostentamento degli animali"
U.1.03.01.02.012,Accessori per attività sportive e ricreative,"Beni utilizzati per attività ricreative e sportive, il cui acquisto sia ricorrente"
U.1.03.01.02.014,Stampati specialistici,"Stampati specifici come ad es. tessere card patenti, libretti di circolazione di veicoli, etc, diversi dai comuni stampati di uso amministrativo."
U.1.03.01.02.999,Altri beni e materiali di consumo n.a.c.,Altri beni e materiali di consumo non ricompresi nelle precedenti voci
U.1.03.01.03.000,Flora e Fauna,Flora e Fauna
U.1.03.01.03.001,Fauna selvatica e non selvatica,Spese legate al ripopolamento della fauna selvatica e non selvatica
U.1.03.01.03.002,Flora selvatica e non selvatica,Spese legate al ripopolamento della flora selvatica e non selvatica
U.1.03.01.04.000,"Armi e materiale per usi militari, ordine pubblico, sicurezza","Armi e materiale per usi militari, ordine pubblico, sicurezza"
U.1.03.01.04.001,Armi leggere (uso singolo) e munizioni,"Dotazioni di piccole dimensioni utilizzate per uso militare, ordine pubblico e sicurezza (pistole, fucili, munizioni, ecc.) e nello svolgimento di missioni internazionali"
U.1.03.01.04.999,"Altro materiale per usi militari, ordine pubblico, sicurezza n.a.c.","Altro materiale utilizzato per uso militare, ordine pubblico e sicurezza (pistole, fucili, ecc.) non ricompreso nella precedente voce"
U.1.03.01.05.000,Medicinali e altri beni di consumo sanitario,"Materiale e piccole attrezzature utilizzate per la pulizia e l'igiene di locali, beni e persone, o prodotti farmaceutici per la cura, la prevenzione e la profilassi di malattie dell'uomo e degli animali, o materiali di pronto soccorso e strumenti tecnico-specialistici utilizzati per lo svolgimento di attività riconducibili alla categoria sanitaria (ad esempio sfigmomanometro, fonendoscopio, ecc.)"
U.1.03.01.05.001,Prodotti farmaceutici ed emoderivati,"Prodotti farmaceutici per la cura, prevenzione e profilassi di malattie dell'uomo e degli animali, e materiali di pronto soccorso. Gli emoderivati sono frazioni sanguigne usate per le trasfusioni."
U.1.03.01.05.002,Sangue ed emocomponenti,"Acquisto di sangue ed emocomponenti. Gli emocomponenti sono il prodotto del frazionamento del sangue intero (eritrociti, leucociti e piastrine)."
U.1.03.01.05.003,Dispositivi medici,Spese per acquisto strumenti utilizzati per finalità diagnostiche e/o terapeutiche.
U.1.03.01.05.004,Prodotti dietetici,Spese per scquisto di prodotti cui sono conferite proprietà dietetiche e destinati ad un'alimentazione specifica per persone che si trovano in particolari condizioni fisiologiche o patologiche
U.1.03.01.05.005,Materiali per la profilassi (Vaccini),Materiali per la profilassi (Vaccini)
U.1.03.01.05.006,Prodotti chimici,Prodotti chimici
U.1.03.01.05.007,Materali e prodotti per uso veterinario,Materali e prodotti per uso veterinario
U.1.03.01.05.999,Altri beni e prodotti sanitari n.a.c.,Spese per beni e prodotti sanitari non altrimenti classificate
U.1.03.02.00.000,Acquisto di servizi,Acquisto di servizi
U.1.03.02.01.000,Organi e incarichi istituzionali dell'amministrazione,Organi e incarichi istituzionali dell'amministrazione
U.1.03.02.01.001,Organi istituzionali dell'amministrazione - Indennità,"Prestazioni da parte dei soggetti la cui relazione con l’amministrazione non è riconducibile ad un rapporto di lavoro dipendente o autonomo, ma deriva dall’appartenenza a organi istituzionali (ad esempio i gettoni di presenza ai consiglieri comunali, le indennità di carica ai componenti di un consiglio, di una giunta, di un organo di revisione economico finanziario, i compensi per la partecipazione alle riunioni degli organi e, se previsti, i relativi oneri riflessi, ecc.)."
U.1.03.02.01.002,Organi istituzionali dell'amministrazione - Rimborsi,"Rimborso spese a seguito dell'espletamento di attività di servizio fuori della sede di lavoro, nonché eventuali oneri riflessi, in favore degli organi istituzionali dell'amministrazione (ad esempio rimborso per viaggio, vitto, alloggio, ecc.)"
U.1.03.02.01.007,Commissioni elettorali,Remunerazione ai soggetti incaricati di svolgere attività nelle commissioni elettorali
U.1.03.02.01.008,"Compensi agli organi istituzionali di revisione, di controllo ed altri incarichi istituzionali dell'amministrazione","Remunerazione corrisposta agli organi istituzionali di revisione e di controllo. 
 La voce non comprende gli eventuali rimborsi corriposti agli stessi per spese effettuate nell'ambito delle attività di revisione e controllo (rimborso spese di viaggio, vitto e soggiorno) da contabilizzarsi all'interno della voce ""Organi istituzionali dell'amministrazione - Rimborsi"""
U.1.03.02.02.000,"Organizzazione eventi, pubblicità e servizi per trasferta","Organizzazione eventi, pubblicità e servizi per trasferta"
U.1.03.02.02.001,Rimborso per viaggio e trasloco,"Rimborso al dipendente autorizzato a svolgere per un tempo limitato la propria prestazione lavorativa in una località diversa da quella nella quale è stato assegnato. La voce accoglie le spese che il datore di lavoro sostiene direttamente o a titolo di rimborso o per anticipazioni per i servizi fruiti (viaggio, vitto ed alloggio) dal dipendente nello svolgimento di missioni in Italia o all’estero"
U.1.03.02.02.002,Indennità di missione e di trasferta,"Compenso attribuito al personale dipendente per il disagio derivante dallo svolgimento delle proprie attività lavorative in una località diversa da quella nella quale è stato assegnato 
 
 Vanno contemplati in questa voce anche i compensi a soggetti estranei all'amministrazione erogati sia a titolo di diaria sia come rimborso spese, comprensivo degli oneri riflessi. Comprende l'eventuale quota di iscrizione per la partecipazione a convegni del personale docente e ricercatore."
U.1.03.02.02.004,Pubblicità,"Attività pubblicitarie, di promozione e di divulgazione realizzate attraverso i mezzi di comunicazione di massa (radio, televisione, giornali e periodici, internet, ecc.) per la diffusione di informazioni utili alla collettività anche al fine di far conoscere l’esistenza e/o ad incrementare l’uso e la convenienza di un servizio o di un bene"
U.1.03.02.02.005,Organizzazione e partecipazione a manifestazioni e convegni,"Servizi finalizzati allo svolgimento di convegni, cerimonie, mostre, fiere, concorsi ed altre manifestazioni, inclusi allestimenti locali e stands, servizio hostess, ecc. Il codice riguarda esclusivamente l'acquisizione di servizi da parte di terzi."
U.1.03.02.02.999,"Altre spese per relazioni pubbliche, convegni e mostre, pubblicità n.a.c","Altre spese per organizzazione eventi, pubblicità e servizi per trasferta non ricompresi nelle precedenti voci"
U.1.03.02.03.000,Aggi di riscossione,Quota dovuta al concessionario per la sua attività di riscossione non rientrante nella voce precedente
U.1.03.02.03.999,Altri aggi di riscossione n.a.c.,Vedi voce di IV livello
U.1.03.02.04.000,Acquisto di servizi per formazione e addestramento del personale dell'ente,"Acquisto di prestazioni, fornite da terzi e finalizzate all'acquisizione di interventi formativi e di addestramento per il personale. La voce comprende anche gli eventuali onorari corrisposti ai docenti reperiti tra il personale interno all'amministrazione. 
 La voce è comprensiva degli oneri riflessi."
U.1.03.02.04.004,Acquisto di servizi per formazione obbligatoria,"Acquisto di prestazioni, fornite da terzi e finalizzate all'acquisizione di interventi formativi e di addestramento obbligatori per il personale. La voce comprendre anche gli eventuali onorari corrisposti ai docenti reperiti tra il personale interno all'amministrazione. La voce è comprensiva degli oneri riflessi."
U.1.03.02.04.999,Acquisto di servizi per altre spese per formazione e addestramento n.a.c.,"Altre spese per acquisto di prestazioni, fornite da terzi e finalizzate all'acquisizione di interventi formativi e di addestramento non obbligatori per il personale. La voce comprende anche gli eventuali onorari corrisposti ai docenti reperiti tra il personale interno all'amministrazione. La voce è comprensiva degli oneri riflessi."
U.1.03.02.05.000,Utenze e canoni,Utenze e canoni
U.1.03.02.05.001,Telefonia fissa,Utenze e canoni per il servizio di telefonia erogato attraverso apparecchi collegati alla rete telefonica fissa
U.1.03.02.05.002,Telefonia mobile,Utenze e canoni per il servizio di telefonia erogato attraverso apparecchi collegati alla rete telefonica mobile
U.1.03.02.05.003,Accesso a banche dati e a pubblicazioni on line,"Spese per accesso a banche dati, ovvero i costi derivanti dall’utilizzo del servizio “banca dati” intendendosi per tale un archivio digitale (un insieme di dati in formato elettronico) rigorosamente organizzati e strutturati in maniera tale da renderne possibili l’interrogazione e il reperimento. Le banche dati possono essere off line (su Cd rom) oppure on line, cioè ospitate su server al cui contenuto si accede tramite rete dietro corrispettivo di un pagamento (ad es. banche dati giuridiche e legislative, finanziarie, contabili, agenzie di stampa on-line, etc.). La voce comprende anche le spese per l'accesso a pubblicazioni on line"
U.1.03.02.05.004,Energia elettrica,Utenze e canoni per la fornitura di energia elettrica
U.1.03.02.05.005,Acqua,Utenze e canoni per la fornitura di acqua
U.1.03.02.05.006,Gas,Utenze e canoni per la fornitura di gas
U.1.03.02.05.007,Spese di condominio,Spese di condominio a carico dell'ente laddove dovute
U.1.03.02.05.999,Utenze e canoni per altri servizi n.a.c.,Utenze e canoni per l'erogazione di servizi non ricompresi nelle voci precedenti (es. canoni radiotelevisivi)
U.1.03.02.06.000,Canoni per Progetti in Partenariato Pubblico-Privato,Canoni per Progetti in Partenariato Pubblico-Privato
U.1.03.02.06.001,Canoni Disponibilità,"Corrispettivo pagato a cadenza periodica dall'amministrazione pubblica aggiudicatrice al concessionario privato, legato alla disponibilità effettiva dell'infrastruttura (o di sue parti). Tale canone è legato al rispetto degli standard del servizio così come disciplinato nel relativo disciplinare di gestione, pena l’applicazione di penali in caso di scostamento."
U.1.03.02.06.002,Canoni Servizi,"Corrispettivo pagato a cadenza periodica dall'amministrazione pubblica aggiudicatrice per i servizi erogati dal concessionario privato. Tale corrispettivo è, di regola, correlato al livello (standard) di qualità e quantità delle prestazioni erogate così come disciplinate nei relativi capitolati prestazionali, pena l’applicazione di sanzioni in caso di scostamento (dagli standard indicati)."
U.1.03.02.06.999,Altri canoni per progetti in partenariato pubblico-privato,"Corrispettivo pagato dall’Amministrazione pubblica aggiudicatrice al concessionario privato a qualsiasi titolo diverso da quelli sopra indicati oppure omnicomprensivo di struttura e servizi (per esempio, canone unico di disponibilità e servizi)."
U.1.03.02.07.000,Utilizzo di beni di terzi,Utilizzo di beni di terzi
U.1.03.02.07.001,Locazione di beni immobili,Locazione per beni immobili non fruttuosi (es. case) e affitto per beni immobili fruttuosi (es. terreni agricoli)
U.1.03.02.07.002,Noleggi di mezzi di trasporto,"Noleggio e leasing mezzi di trasporto, relativo ai veicoli che possono essere usati per trasportare persone o cose sulla superficie terrestre, (via terra, via mare o via aerea)"
U.1.03.02.07.003,Noleggi di attrezzature scientifiche e sanitarie,Noleggio di attrezzature scientifiche e sanitarie
U.1.03.02.07.004,Noleggi di hardware,"Noleggio di apparati di informatica e telecomunicazioni (server, postazioni di lavoro, periferiche, apparati di telecomunicazioni, ecc.)."
U.1.03.02.07.005,Fitti di terreni e giacimenti,"Fitti riscossi da un proprietario terriero. La voce comprende anche i fitti da versare ai proprietari di corsi e specchi d'acqua per godere del diritto di sfruttare tali acque a scopi ricreativi o diversi, compresa la pesca. In tale voce sono altresì compresi i diritti spettanti ai proprietari di giacimenti minerari o di combustibili fossili (carbone, petrolio o gas naturale) che permettono ad altre unità istituzionali di procedere a prospezioni o di sfruttare tali depositi per un periodo di tempo determinato.
 I fitti dei terreni non includono i canoni di affitto dei fabbricati e delle abitazioni su di essi costruiti da registrarsi alla voce ""locazione di beni immobili""."
U.1.03.02.07.006,Licenze d'uso per software,"Uso oneroso di applicativi software che vincolano modalità e tempi con cui l'utente può utilizzare e ridistribuire tale software (ad esempio: licenze d’uso per l'applicativo software ""Microsoft Word"")"
U.1.03.02.07.007,Altre licenze,Altre licenze d'uso diverse dal software
U.1.03.02.07.008,Noleggi di impianti e macchinari,"Noleggio di impianti e macchinari necessari allo svolgimento di una attività (impianti, macchinari per officine, laboratori - fotografici, di falegnameria, chimici, linguistici, etc.-, sale prova e collaudo, tipografie, sale cinematografiche, archivi, mense, centri sportivi, centrali telefoniche, sale per visite mediche, centrali operative, aule, etc.)."
U.1.03.02.07.009,Locazione di beni immobili nell'ambito di operazioni di lease back,Contratto di vendita di un bene immobile stipulato tra il soggetto che lo possiede e quello che contestualmente lo assegna in locazione finanziaria al cedente; quest'ultimo si trasforma pertanto da proprietario del bene ad utilizzatore.
U.1.03.02.07.999,Altre spese sostenute per utilizzo di beni di terzi n.a.c.,Utilizzo di beni di terzi non rientranti nelle voci precedenti
U.1.03.02.08.000,Leasing operativo,"Pagamento da parte di un locatario di un canone, per l'uso di un bene durevole, proporzionale all’effettivo utilizzo, per un periodo di tempo, lungo o breve, non necessariamente stabilito in anticipo. A fronte del pagamento del canone non vi è la trasmissione di proprietà del bene. Alla sua restituzione, il locatore può noleggiare il bene ad un altro locatario o utilizzarlo altrimenti. Pertanto, la durata del contratto di leasing non copre l'intera vita economica di un bene o la parte prevalente di questa.
 Non rientrano nel leasing operativo né il caso del proprietario di un impianto che fornisce anche il personale per il funzionamento di questo, né i casi di locazione di attività non prodotte."
U.1.03.02.08.001,Leasing operativo di mezzi di trasporto,"Pagamento da parte di un locatario di un canone, per l'uso di un mezzi di trasporto per un periodo di tempo, lungo o breve, non necessariamente stabilito in anticipo."
U.1.03.02.08.002,Leasing operativo di attrezzature e macchinari,"Pagamento da parte di un locatario di un canone, per l'uso di attrezzature e macchinari per un periodo di tempo, lungo o breve, non necessariamente stabilito in anticipo."
U.1.03.02.08.999,Leasing operativo di altri beni,"Pagamento da parte di un locatario di un canone, per l'uso di bene non ricompresi nelle categorie precedenti."
U.1.03.02.09.000,Manutenzione ordinaria e riparazioni,"Manutenzione ordinaria diretta a mantenere, ripristinare o aumentare il valore originario del bene."
U.1.03.02.09.001,"Manutenzione ordinaria e riparazioni di mezzi di trasporto ad uso civile, di sicurezza e ordine pubblico","Manutenzione ordinaria diretta a mantenere, ripristinare o aumentare il valore originario dei mezzi di trasporto ad uso civile, di sicurezza e ordine pubblico"
U.1.03.02.09.002,Manutenzione ordinaria e riparazioni di mezzi di trasporto ad uso militare,"Manutenzione ordinaria diretta a mantenere, ripristinare o aumentare il valore originario dei mezzi di trasporto ad uso militare"
U.1.03.02.09.003,Manutenzione ordinaria e riparazioni di mobili e arredi,"Manutenzione ordinaria diretta a mantenere, ripristinare o aumentare il valore originario dei mobili e arredi"
U.1.03.02.09.004,Manutenzione ordinaria e riparazioni di impianti e macchinari,"Manutenzione ordinaria diretta a mantenere, ripristinare o aumentare il valore originario di impianti e macchinari"
U.1.03.02.09.005,Manutenzione ordinaria e riparazioni di attrezzature scientifiche e sanitarie,"Manutenzione ordinaria diretta a mantenere, ripristinare o aumentare il valore originario di attrezzature"
U.1.03.02.09.006,Manutenzione ordinaria e riparazioni di macchine per ufficio,"Manutenzione ordinaria diretta a mantenere, ripristinare o aumentare il valore originario di macchine per ufficio"
U.1.03.02.09.007,Manutenzione ordinaria e riparazioni di armi,"Manutenzione ordinaria diretta a mantenere, ripristinare o aumentare il valore originario di armi"
U.1.03.02.09.008,Manutenzione ordinaria e riparazioni di beni immobili,"Manutenzione ordinaria diretta a mantenere, ripristinare o aumentare il valore originario di beni immobili"
U.1.03.02.09.009,"Manutenzione ordinaria e riparazioni di beni immobili di valore culturale, storico ed artistico","Manutenzione ordinaria diretta a mantenere, ripristinare o aumentare il valore originario di beni immobili di valore culturale, storico ed artistico"
U.1.03.02.09.010,Manutenzione ordinaria e riparazioni di oggetti di valore,"Manutenzione ordinaria diretta a mantenere, ripristinare o aumentare il valore originario di oggetti di valore"
U.1.03.02.09.011,Manutenzione ordinaria e riparazioni di altri beni materiali,"Manutenzione ordinaria diretta a mantenere, ripristinare o aumentare il valore originario di altri bene materiali"
U.1.03.02.09.012,Manutenzione ordinaria e riparazioni di terreni e beni materiali non prodotti,"Manutenzione ordinaria diretta a mantenere, ripristinare o aumentare il valore originario di terreni e beni materiali non prodotti"
U.1.03.02.10.000,Consulenze,"Consulenza direzionale ed organizzativa, ovvero progettazione ed erogazione di servizi di consulenza rivolta sia al Management, per la ricerca di risultati che abbiano una valenza globale di supporto a tutta l'organizzazione (consulenza strategica), sia alle strutture organizzative, per progetti che si sviluppano mediante un approccio altamente specialistico principalmente focalizzato sulle fondamentali aree amministrative: risorse umane, controllo di gestione, logistica, elaborazione dati effettuata con sistemi elettronici, etc.; Consulenza tecnico-scientifica, prestata nei settori tecnico e scientifico ad integrazione dei compiti delle Amministrazioni, includendo prestazioni nel campo ingegneristico ed edile, chimico, della ricerca, del restauro, etc.;
 Consulenza giuridico-amministrativa, ovvero consulenza ed assistenza in campo giuridico ed amministrativo;
 Consulenza informatica, ovvero consulenza nel campo informatico (ad esempio studi di fattibilità, progetti di realizzazione CED, etc.); non rientrano in tale voce, perché allocate su altre, le attività prestate da terzi per interventi di manutenzione ordinaria o straordinaria sul software di proprietà e le attività di realizzazione di software di proprietà;
 Altre consulenze, ovvero progettazione ed erogazione di servizi i cui costi pur essendo assimilabili alle “consulenze” non trovano un’esatta collocazione nei punti precedenti."
U.1.03.02.10.001,"Incarichi libero professionali di studi, ricerca e consulenza","Incarichi affidati dall’amministrazione ad esperti di provata competenza, non rinvenibile all'interno dell'amministrazione stessa, per il supporto allo svolgimento di attività istituzionali specifiche e temporanee, non continuative"
U.1.03.02.10.002,"Esperti per commissioni, comitati e consigli","Prestazioni altamente professionali fornite da terzi volte a supportare particolari attività quali, ad esempio, la partecipazione a commissioni, comitati, consigli, ecc."
U.1.03.02.10.003,"Incarichi a società di studi, ricerca e consulenza","Incarichi a società di studi, ricerca e consulenza"
U.1.03.02.11.000,Prestazioni professionali e specialistiche,Prestazioni professionali e specialistiche
U.1.03.02.11.001,Interpretariato e traduzioni,Servizi linguistici resi da personale altamente specializzato per interpretariato simultaneo e/o consecutivo e per traduzioni specialistiche di testi
U.1.03.02.11.002,"Assistenza psicologica, sociale e religiosa","Servizi specialistici resi da psicologi, assistenti sociali, religiosi"
U.1.03.02.11.003,Assistenza medica e psicologica per i detenuti,"Servizi specialistici volti a riconosce alle persone detenute o internate, alla pari dei cittadini liberi, il diritto a prestazioni di prevenzione, diagnosi, cura e riabilitazione previsti nei livelli essenziali e uniformi di assistenza"
U.1.03.02.11.004,Perizie,"Attività specialistica per l’analisi dell’autenticità di un bene o per la valutazione del bene al fine di stimarne il valore o al fine di individuare lavori da compiere per il ripristino o al fine di stimare la gravità di un danno sofferto. Tale attività pùò essere svolta per la prevenzione, la tutela, la sicurezza delle persone fisiche e giuridiche"
U.1.03.02.11.005,Servizi investigativi e intercettazioni,"Spese per per la prevenzione, la tutela e la sicurezza delle persone fisiche, giuridiche ed istituzioni attraverso l’utilizzo di tecnologie sofisticate (ad es. dispositivi per il controllo di linee telefoniche);"
U.1.03.02.11.006,Patrocinio legale,"L'Amministrazione assume a proprio carico gli oneri relativi alla difesa dei propri dipendenti con rapporto di lavoro a tempo indeterminato o determinato nei cui confronti si verifichi l'apertura di un procedimento di responsabilità civile, penale o contabile per fatti o atti direttamente connessi a compiti d'ufficio o all'espletamento del servizio"
U.1.03.02.11.007,Patrocinio legale gratuito a carico dello Stato,"Assunzione da parte dello Stato degli oneri relativi alla difesa dei propri dipendenti con rapporto di lavoro a tempo indeterminato o determinato nei cui confronti si verifichi l'apertura di un procedimento di responsabilità civile, penale o contabile per fatti o atti direttamente connessi a compiti d'ufficio o all'espletamento del servizio"
U.1.03.02.11.008,"Prestazioni di natura contabile, tributaria e del lavoro","Spese per prestazioni specialistiche di natura contabile (tenuta della contabilità, dichiarazione dei redditi), tributaria (ricorso a terzi per dirimere questioni di natura tributaria) e del lavoro"
U.1.03.02.11.009,Prestazioni tecnico-scientifiche a fini di ricerca,Prestazioni tecnico-scientifiche a fini di ricerca
U.1.03.02.11.010,"Deposito, mantenimento e tutela dei brevetti","Ricorso a terzi per il soddisfacimento delle attività volte al deposito, al mantenimento e alla tutela dei brevetti"
U.1.03.02.11.999,Altre prestazioni professionali e specialistiche n.a.c.,Prestazioni professionali e specialistiche non ricomprese nelle voci precedenti
U.1.03.02.12.000,"Lavoro flessibile, quota LSU e acquisto di servizi da agenzie di lavoro interinale","Lavoro flessibile, quota LSU e acquisto di servizi da agenzie di lavoro interinale"
U.1.03.02.12.001,Acquisto di servizi da agenzie di lavoro interinale,Contratto di natura commerciale avente per oggetto l'affitto di lavoratori
U.1.03.02.12.002,Quota LSU in carico all'ente,"Quota a carico dell'ente per lavori socialmente utili, ossia attività che hanno per oggetto la realizzazione di opere e la fornitura di servizi di utilità collettiva, mediante l'utilizzo di particolari categorie di soggetti, come disciplinato dal D.Lgs. n. 468/1997 e dal D.Lgs. 81/2000"
U.1.03.02.12.003,Collaborazioni coordinate e a progetto,"Spese per la remunerazione di collaboratori esterni all'amministrazione reclutati attraverso la forma della collaborazione a progetto. 
 
 Rientrano in tale categoria le fattispecie disciplinate dall'art 61 del D.Lgs. n. 276/2003 che specificamente prevede che i rapporti di collaborazione coordinata e continuativa prevalentemente personale e senza vincolo di subordinazione, di cui all'articolo 409, numero 3), del codice di procedura civile, devono essere riconducibili a uno o più progetti specifici determinati dal committente e gestiti autonomamente dal collaboratore. Il progetto deve essere funzionalmente collegato a un determinato risultato finale e non può consistere in una mera riproposizione dell'oggetto sociale del committente, avuto riguardo al coordinamento con l'organizzazione del committente e indipendentemente dal tempo impiegato per l'esecuzione dell'attività lavorativa. Il progetto non può comportare lo svolgimento di compiti meramente esecutivi e ripetitivi, che possono essere individuati dai contratti collettivi stipulati dalle organizzazioni sindacali comparativamente più rappresentative sul piano nazionale. 
 
 Non rientrano in tale voce le prestazioni occasionali, intendendosi per tali i rapporti di durata complessiva non superiore a trenta giorni nel corso dell'anno solare ovvero, nell’ambito dei servizi di cura e assistenza alla persona, non superiore a 240 ore, con lo stesso committente, salvo che il compenso complessivamente percepito nel medesimo anno solare sia superiore a 5 mila euro, nel qual caso si assimilano le prestazioni a collaborazioni a progetto.
 
 Non vi rientrano altresì le professioni intellettuali per l'esercizio delle quali è necessaria l'iscrizione in appositi albi professionali, esistenti alla data di entrata in vigore del presente decreto legislativo, nonché i rapporti e le attività di collaborazione coordinata e continuativa comunque rese e utilizzate a fini istituzionali in favore delle associazioni e società sportive dilettantistiche affiliate alle federazioni sportive nazionali, alle discipline sportive associate e agli enti di promozione sportiva riconosciute dal C.O.N.I., come individuate e disciplinate dall'articolo 90 della legge 27 dicembre 2002, n. 289. Sono altresì componenti degli organi di amministrazione e controllo delle società e i partecipanti a collegi e commissioni, nonché coloro che percepiscono la pensione di vecchiaia da contabilizzarsi nelle relative voci."
U.1.03.02.12.004,Tirocini formativi extracurriculari,"Spese per l'attivazione dei tirocini formativi, ai sensi della L. 92/2012. I tirocini di orientamento o extracurriculari sono finalizzati ad agevolare le scelte professionali e occupazionali dei giovani nel percorso di transizione all'attvità lavorativa mediante una formazione a diretto contatto con il mondo del lavoro."
U.1.03.02.12.999,Altre forme di lavoro flessibile n.a.c.,Forme di lavoro non individuate nelle precedenti voci (ad esempio job on call o contratto di lavoro intermittente)
U.1.03.02.13.000,Servizi ausiliari per il funzionamento dell'ente,Servizi ausiliari per il funzionamento dell'ente
U.1.03.02.13.001,"Servizi di sorveglianza, custodia e accoglienza",Servizi di vigilanza esterna ed interna di immobili e custodia di beni mobili e servizi svolti da terzi di accoglienza clienti e visitatori presso le strutture dell'ente
U.1.03.02.13.002,Servizi di pulizia e lavanderia,"Servizi di pulizia di locali e di lavanderia per vestiario, equipaggiamenti e biancheria varia"
U.1.03.02.13.003,"Trasporti, traslochi e facchinaggio","Servizi di trasporto, trasloco e facchinaggio, relativi a beni e persone svolte nell’ambito lavorativo sia per il trasporto di beni del personale trasferito d’ufficio (ad es. quelli relativi agli oggetti e alla mobilia del dipendente. In quest’ultimo caso non rientrano in tale voce le indennità di trasferimento e prima sistemazione, che rappresentano il compenso attribuito al dipendente per il disagio sofferto)"
U.1.03.02.13.004,Stampa e rilegatura,"Servizi di stampa, fotocomposizione, fotoriproduzione, rilegatura, ecc."
U.1.03.02.13.005,Servizi ausiliari a beneficio del personale,"Servizi acquistati a beneficio del personale quali ad esempio barbiere, calzolaio, ecc."
U.1.03.02.13.006,Rimozione e smaltimento di rifiuti tossico-nocivi e di altri materiali,"Servizi acquistati a beneficio del personale quali ad esempio barbiere, calzolaio, ecc."
U.1.03.02.13.999,Altri servizi ausiliari n.a.c.,"Servizi ausiliari, ove confluiscono quelli che non trovano un’esatta collocazione nelle voci precedenti"
U.1.03.02.14.000,Servizi di ristorazione,Prestazioni richieste a terzi per servizi di mensa e ristorazione.
U.1.03.02.14.001,Servizio mense personale militare,Prestazioni richieste a terzi per servizi di mensa e ristorazione destinati al personale militare
U.1.03.02.14.002,Servizio mense personale civile,Prestazioni richieste a terzi per servizi di mensa e ristorazione destinati al personale civile
U.1.03.02.14.003,Servizio mense detenuti e sottoposti a fermo di polizia,Prestazioni richieste a terzi per servizi di mensa e ristorazione destinati a detenuti e sottoposti a fermo di polizia
U.1.03.02.14.999,Altri servizi di ristorazione,Prestazioni richieste a terzi per servizi di mensa e ristorazione non altrimenti classificati
U.1.03.02.15.000,Contratti di servizio pubblico,"I contratti di servizio pubblico riguardano contratti di tipo regolamentare, relativi a servizi pubblici erogati direttamente agli utenti (ad esempio: trasporti, luce, acqua, gas, smaltimento rifiuti, ecc.), acquisiti dall'ente sul mercato.
 In tal senso sono due gli elementi discriminanti in termini classificatori: che vi sia un contratto di tipo regolamentare stipulato con terzi; che tali contratti abbiano ad oggetto servizi di pubblica utilità i cui destinatari sono i cittadini.
 
 Nel caso in cui siano stipulati contratti aventi ad oggetto servizi diretti a garantire il funzionamento dell'ente (ad esempio: acquisto di servizi di pulizia, per l'informatizzazione delle procedure dell'ente o il c.d. Global Service), questi devono essere classificati all’interno degli acquisti di beni e servizi ma al di fuori della categoria dei contratti di servizio pubblico perché non mirati a soddisfare esigenze di pubblica utilità ma finalizzati a garantire il corretto funzionamento dell’ente."
U.1.03.02.15.001,Contratti di servizio di trasporto pubblico,"Contratti di servizio di trasporto pubblico. 
 Per dettagli sulla natura di un contratto di servizio pubblico si rimanda alla relativa voce di IV livello"
U.1.03.02.15.002,Contratti di servizio di trasporto scolastico,"Contratti di servizio di trasporto scolastico. 
 Per dettagli sulla natura di un contratto di servizio pubblico si rimanda alla relativa voce di IV livello"
U.1.03.02.15.003,Contratti di servizio per il trasporto di disabili e anziani,"Contratti di servizio per il trasporto di disabili e anziani. 
 Per dettagli sulla natura di un contratto di servizio pubblico si rimanda alla relativa voce di IV livello"
U.1.03.02.15.004,Contratti di servizio per la raccolta rifiuti,"Contratti di servizio per la raccolta rifiuti. 
 Per dettagli sulla natura di un contratto di servizio pubblico si rimanda alla relativa voce di IV livello"
U.1.03.02.15.005,Contratti di servizio per il conferimento in discarica dei rifiuti,"Contratti di servizio per il conferimento in discarica dei rifiuti. 
 Per dettagli sulla natura di un contratto di servizio pubblico si rimanda alla relativa voce di IV livello"
U.1.03.02.15.006,Contratti di servizio per le mense scolastiche,"Contratti di servizio per le mense scolastiche. 
 Per dettagli sulla natura di un contratto di servizio pubblico si rimanda alla relativa voce di IV livello"
U.1.03.02.15.007,Contratti di servizio per la formazione dei cittadini,"Contratti di servizio per la formazione dei cittadini. 
 Per dettagli sulla natura di un contratto di servizio pubblico si rimanda alla relativa voce di IV livello"
U.1.03.02.15.008,Contratti di servizio di assistenza sociale residenziale e semiresidenziale,"Contratti di servizio di assistenza sociale residenziale e semiresidenziale. 
 Per dettagli sulla natura di un contratto di servizio pubblico si rimanda alla relativa voce di IV livello"
U.1.03.02.15.009,Contratti di servizio di assistenza sociale domiciliare,"Contratti di servizio di assistenza sociale domiciliare. 
 Per dettagli sulla natura di un contratto di servizio pubblico si rimanda alla relativa voce di IV livello"
U.1.03.02.15.010,Contratti di servizio di asilo nido,"Contratti di servizio di asilo nido. 
 Per dettagli sulla natura di un contratto di servizio pubblico si rimanda alla relativa voce di IV livello"
U.1.03.02.15.011,Contratti di servizio per la lotta al randagismo,"Contratti di servizio per la lotta al randagismo . 
 Per dettagli sulla natura di un contratto di servizio pubblico si rimanda alla relativa voce di IV livello"
U.1.03.02.15.012,Contratti di servizio per la gestione delle aree di sosta a pagamento,"Contratti di servizio per la gestione delle aree di sosta a pagamento. 
 Per dettagli sulla natura di un contratto di servizio pubblico si rimanda alla relativa voce di IV livello"
U.1.03.02.15.013,Contratti di servizio per la gestione del servizio idrico inegrato,"Contratti di servizio per la gestione del servizio idrico integrato. 
 Per dettagli sulla natura di un contratto di servizio pubblico si rimanda alla relativa voce di IV livello"
U.1.03.02.15.014,Contratti di servizio per la distribuzione del gas,"Contratti di servizio per la distribuzione del gas. 
 Per dettagli sulla natura di un contratto di servizio pubblico si rimanda alla relativa voce di IV livello"
U.1.03.02.15.015,Contratti di servizio per l'illuminazione pubblica,"Contratti di servizio per l'illuminazione pubblica. 
 Per dettagli sulla natura di un contratto di servizio pubblico si rimanda alla relativa voce di IV livello"
U.1.03.02.15.999,Altre spese per contratti di servizio pubblico,"Altre spese per contratti di servizio pubblico. 
 Per dettagli sulla natura di un contratto di servizio pubblico si rimanda alla relativa voce di IV livello"
U.1.03.02.16.000,Servizi amministrativi,Servizi amministrativi
U.1.03.02.16.001,Pubblicazione bandi di gara,"Pubblicazione attraverso qualsiasi mezzo di avvisi relativi a procedure a evidenza pubblica (es. acquisto di beni e servizi, concorsi pubblici per reclutamento di personale, ecc.)"
U.1.03.02.16.002,Spese postali,"Spese sostenute per l'invio di corrispondenza a mezzo posta (missive, telegrammi, raccomandate, ecc.) addebitabili all'Amministrazione mittente"
U.1.03.02.16.003,Onorificenze e riconoscimenti istituzionali,"Conferimento di particolari titoli o riconoscimenti, concessi dalle Amministrazioni in ragione di atti benemeriti"
U.1.03.02.16.004,Spese notarili,Altre spese legate ad attività di tipo notarile non riconducibili all'onorario del notaio da contabilizzarsi nella sezione delle consulenze
U.1.03.02.16.999,Altre spese per servizi amministrativi,Altri servizi amministrativi non considerati nelle voci precedenti
U.1.03.02.17.000,Servizi finanziari,Servizi finanziari
U.1.03.02.17.001,Commissioni per servizi finanziari,"Commissioni riconosciute a soggetti terzi per servizi finanziari (es. vendita di azioni, vendita o collocamento di titoli, ecc.)"
U.1.03.02.17.002,Oneri per servizio di tesoreria,Compensi riconosciuti a soggetti terzi per lo svolgimento del servizio di tesoreria
U.1.03.02.17.999,Spese per servizi finanziari n.a.c.,Altri servizi finanziari non compresi nelle voci precedenti
U.1.03.02.18.000,Servizi sanitari,Servizi sanitari
U.1.03.02.18.001,Spese per accertamenti sanitari resi necessari dall'attività lavorativa,"Servizi per accertamenti e assistenza medica e sanitaria, comprese le prestazioni specialistiche erogate da medici, infermieri, paramedici (anche con riferimento alle visite fiscali, al D.Lgs. 81/2008 e alle spese relative al presidio sanitario obbligatorio per i dipendenti)"
U.1.03.02.18.002,Acquisti di servizi sanitari per medicina di base,"Servizi sanitari per medicina di base acquisiti da strutture sanitarie pubbliche della regione/provincia autonoma di appartenenza, da altre amministrazioni pubbliche o da privati, al netto delle ritenute erariali e previdenziali"
U.1.03.02.18.003,Acquisti di servizi sanitari per farmaceutica,"Servizi sanitari per attività farmaceutica acquisiti da strutture sanitarie pubbliche della regione/provincia autonoma di appartenenza, da altre amministrazioni pubbliche o da privati, al netto delle ritenute erariali"
U.1.03.02.18.004,Acquisti di servizi sanitari per assistenza specialistica ambulatoriale,"Servizi sanitari per assistenza specialistica ambulatoriale acquisiti da strutture sanitarie pubbliche della regione/provincia autonoma di appartenenza, da altre amministrazioni pubbliche o da privati, al netto delle ritenute erariali e previdenziali"
U.1.03.02.18.005,Acquisti di servizi sanitari per assistenza riabilitativa,"Servizi sanitari per assistenza riabilitativa acquisiti da strutture sanitarie pubbliche della regione/provincia autonoma di appartenenza, da altre amministrazioni pubbliche o da privati, al netto delle ritenute erariali e previdenziali"
U.1.03.02.18.006,Acquisti di servizi sanitari per assistenza integrativa,"Servizi sanitari per assistenza integrativa acquisiti da strutture sanitarie pubbliche della regione/provincia autonoma di appartenenza, da altre amministrazioni pubbliche o da privati, al netto delle ritenute erariali e previdenziali"
U.1.03.02.18.007,Acquisti di servizi sanitari per assistenza protesica,"Servizi sanitari per assistenza protesica acquisiti da strutture sanitarie pubbliche della regione/provincia autonoma di appartenenza, da altre amministrazioni pubbliche o da privati, al netto delle ritenute erariali e previdenziali"
U.1.03.02.18.008,Acquisti di servizi sanitari per assistenza termale,"Servizi sanitari per assistenza termale acquisiti da strutture sanitarie pubbliche della regione/provincia autonoma di appartenenza, da altre amministrazioni pubbliche o da privati, al netto delle ritenute erariali e previdenziali"
U.1.03.02.18.009,Acquisti di servizi sanitari per assistenza ospedaliera,"Servizi sanitari per assistenza ospedaliera acquisiti da strutture sanitarie pubbliche della regione/provincia autonoma di appartenenza, da altre amministrazioni pubbliche o da privati, al netto delle ritenute erariali e previdenziali"
U.1.03.02.18.010,Acquisti di servizi di psichiatria residenziale e semiresidenziale,"Servizi sanitari di psichiatria residenziale e semiresidenziale acquisiti da strutture sanitarie pubbliche della regione/provincia autonoma di appartenenza, da altre amministrazioni pubbliche o da privati, al netto delle ritenute erariali e previdenziali"
U.1.03.02.18.011,Acquisti di servizi di distribuzione farmaci,"Servizi sanitari di distribuzione farmaci acquisiti da strutture sanitarie pubbliche della regione/provincia autonoma di appartenenza, da altre amministrazioni pubbliche o da privati, al netto delle ritenute erariali e previdenziali"
U.1.03.02.18.012,Acquisti di servizi termali in convenzione,"Servizi sanitari per assistenza termale in convenzione acquisiti da strutture sanitarie pubbliche della regione/provincia autonoma di appartenenza, da altre amministrazioni pubbliche o da privati, al netto delle ritenute erariali e previdenziali"
U.1.03.02.18.013,Acquisti di servizi di trasporto in emergenza e urgenza,"Servizi sanitari di trasporto in emergenza e urgenza acquisiti da strutture sanitarie pubbliche della regione/provincia autonoma di appartenenza, da altre amministrazioni pubbliche o da privati, al netto delle ritenute erariali e previdenziali"
U.1.03.02.18.014,Acquisti di servizi socio sanitari a rilevanza sanitaria,"Servizi socio sanitari a rilevanza sanitaria acquisiti da strutture sanitarie pubbliche della regione/provincia autonoma di appartenenza, da altre amministrazioni pubbliche o da privati, al netto delle ritenute erariali e previdenziali"
U.1.03.02.18.015,Spesa per mobilità sanitaria passiva,"Fondi in uscita per la compensazione di prestazioni erogate a propri assistiti al di fuori dal territorio di competenza, in virtù di leggi o trattati"
U.1.03.02.18.999,Altri acquisti di servizi sanitari n.a.c.,Servizi sanitari non compresi nelle voci precedenti
U.1.03.02.19.000,Servizi informatici e di telecomunicazioni,Servizi informatici e di telecomunicazioni
U.1.03.02.19.001,Gestione e manutenzione applicazioni,"Attività applicative presso l'ente (application management), ivi compresa l'attività di analisi delle relazioni tra applicazioni software e proposte di modifiche. La voce comprende l'attività di gestione applicativi e basi di dati, manutenzione correttiva e adeguativa, migrazione e conversione applicazioni"
U.1.03.02.19.002,Assistenza all'utente e formazione,"Attività finalizzate a fornire un supporto completo agli utenti delle forniture informatiche sotto forma di assistenza (compreso servizi di help desk) e/o di formazione. La voce comprende l'attività di assistenza in remoto e in locale, oltre che la formazione e l'addestramento"
U.1.03.02.19.003,Servizi per l'interoperabilità e la cooperazione,"Servizi di sviluppo e gestione di sistemi che includono componenti di vario tipo (software, tecnologie e servizi) e sono volti a far interoperare e/o cooperare diversi sottosistemi di una stessa amministrazione o di amministrazioni differenti. La voce comprende attività finalizzate all'integrazione (system integration) di componenti e sistemi hardware e software, servizi applicativi (servizi applicativi in modalità ""Application service provider"", posta elettronica, posta elettronica certificata, servizi Internet, gestione contenuti web), riconoscimento digitale (certificazione della firma digitale, gestione di carte per l'accesso ai servizi)"
U.1.03.02.19.004,Servizi di rete per trasmissione dati e VoIP e relativa manutenzione,"Servizi per la progettazione, realizzazione, installazione e configurazione della rete per trasmissione dati e VoIP, monitoraggio della rete e delle apparecchiature, gestione centralizzata delle configurazioni di rete, change management delle apparecchiature, manutenzione delle apparecchiature di rete, gestione anomalie e malfunzionamenti di rete"
U.1.03.02.19.005,Servizi per i sistemi e relativa manutenzione,"Servizi per l'insieme di più componenti hardware e software, assimilabile a una unità eleborativa autonoma a supporto dello sviluppo, test, collaudo, manutenzione ed esercizio di una o più applicazioni. La voce comprende lo sviluppo, la gestione e la manutenzione dei sistemi"
U.1.03.02.19.006,Servizi di sicurezza,"Servizi di sicurezza logica e fisica, che includono la gestione della infrastruttura tecnologica hardware e software legata alla sicurezza (Antivirus, intrusion detection system, firewall, ecc.). La voce comprende anche i servizi di continuità operativa"
U.1.03.02.19.007,Servizi di gestione documentale,"Servizi per le attività di archiviazione ottica, conservazione sostitutiva, logistica, spedizione, acquisizione dati, protocollo informatico, archiviazione informatica e gestione elettronica dell'iter delle pratiche (work flow management)"
U.1.03.02.19.008,Servizi di monitoraggio della qualità dei servizi,"Servizi per le attività di rilevazione, registrazione e rendicontazione dell'andamento della qualità dei servizi rispetto ai requisiti definiti contrattualmente (controllo dei livelli di servizio o service level agreement, SLA)"
U.1.03.02.19.009,Servizi per le postazioni di lavoro e relativa manutenzione,"Servizi per la gestione complessiva di postazioni di lavoro (installazione/disistallazione, configurazione e gestione applicazioni di un posto di lavoro, movimentazione di un posto di lavoro, aggiunta di un posto di lavoro, cambiamenti del posto di lavoro). La voce comprende anche la manutenzione del posto di lavoro preventiva e correttiva, oltre che la sostituzione periodica delle postazioni che diventano tecnologicamente obsolete o non soddisfano più le esigenze degli utenti"
U.1.03.02.19.010,Servizi di consulenza e prestazioni professionali ICT,"Servizi per le attività di consulenza strategica, organizzativa, operativa e di supporto volte a migliorare l'efficienza, l'efficacia e la qualità dell'azione amministrativa. La voce comprende i servizi professionali (consulenza, direzione lavori, misura della customer satisfaction) e la fornitura di prestazioni professionali , ossia l'acquisizione delle prestazioni di specifiche figure professionali da impiegare in attività gestite sotto la completa responsabilità dell'Amministrazione (ingegneria e mano d'opera)"
U.1.03.02.19.011,Processi trasversali alle classi di servizio,"Servizi di supporto alla gestione del ciclo di vita delle forniture di informatica e telecomunicazioni. La voce comprende servizi per i processi di supporto (documentazione, gestione della configurazione, assicurazione della qualità) e servizi per la gestione dei processi organizzativi"
U.1.03.02.19.999,Altri servizi informatici e di telecomunicazioni n.a.c.,Altri servizi informatici e di telecomunicazioni non compresi nelle voci precedenti
U.1.03.02.99.000,Altri servizi,Altri servizi
U.1.03.02.99.001,Spese legali per esproprio,Servizi professionali sostenute per attività di esproprio svolta dall'ente
U.1.03.02.99.002,Altre spese legali,"Servizi professionali per contenziosi che coinvolgono l'ente, non rientranti nella voce ""Spese legali per esproprio"""
U.1.03.02.99.003,Quote di associazioni,"Iscrizioni ad associazioni (es. associazione nazionale comuni italiani, associazioni interuniversitarie, altre associazioni aperte alle Università)"
U.1.03.02.99.004,Altre spese per consultazioni elettorali dell'ente,"Quote sostenute dall'ente per l'organizzazione tecnica e l'attuazione delle elezioni (circoscrizionali, comunali, provinciali, regionali) ripartite secondo le indicazioni del Ministero dell'Interno (es. onorari da liquidare ai componenti degli uffici elettorali di sezione)"
U.1.03.02.99.005,Spese per commissioni e comitati dell'Ente,"Compensi dovuti per prestazioni altamente professionali fornite da terzi volte a supportare particolari attività (es. partecipazione a comitati, consigli, organismi, commissioni di concorso, nucleo di valutazione, commissione elilizia, ecc.)"
U.1.03.02.99.007,Custodia giudiziaria,Spese sostenute per il servizio della custodia giudiziaria
U.1.03.02.99.008,"Servizi di mobilità a terzi (bus navetta, …)","Spese per l'attivazione di servizi di mobilità fornite a terzi per fruire delle attività e dei servizi dell'ente (bus navetta per raggiungere le banchine delle zone portuali, navette necessarie alla corretta fruizione di beni culturali e architettonici all'interno di aree di archeologiche e di interesse artistico e culturale, ...)"
U.1.03.02.99.009,Acquisto di sevizi per verde e arredo urbano,Acquisto di sevizi per verde e arredo urbano
U.1.03.02.99.010,Formazione a personale esterno all'ente,"Acquisto di prestazioni, fornite da terzi e finalizzate all'acquisizione di interventi formativi e di addestramento per personale esterno all'ente. La voce comprendre anche gli eventuali onorari corrisposti ai docenti reperiti tra il personale interno all'amministrazione. 
 La voce è comprensiva degli oneri riflessi."
U.1.03.02.99.011,Servizi per attività di rappresentanza,"Attività tese a promuovere l’immagine dell'amministrazione (es. servizi per cerimoniale, relazioni pubbliche, ospitalità, ristorazione, ecc.) esclusi i beni per attività di rappresentanza da classificarsi all'interno dell'acquisto di beni"
U.1.03.02.99.012,Rassegna stampa,"Spese per la rassegna stampa. In tali voci vanno imputate le spese non altrimimenti classificabili, per natura economica, nelle voci di beni e servizi riportate nelle categorie precdenti. Va imputata la spesa per rassegna stampa delegata a terzi esterni all'ente"
U.1.03.02.99.013,Comunicazione WEB,Spese per attività di comunicazione via web svolta da personale esterno all'ente
U.1.03.02.99.999,Altri servizi diversi n.a.c.,Altri servizi non sanitari non compresi nelle voci precedenti
U.1.04.00.00.000,Trasferimenti correnti,"I trasferimenti correnti comprendono i trasferimenti erogati/ricevuti, non a fronte di controprestazioni, tra due soggetti.
 
 Essi non comprendono:
 - i trasferimenti erogati a a titolo di finanziamento di spese di investimento, da imputare nella rubrica dei contributi agli investimenti;
 - i trasferimenti erogati da una amministrazione a un'altra amministrazione relativi alle seguenti voci: trasferimenti in conto capitale per assunzione di debiti; trasferimenti in conto capitale per cancellazione di debiti; trasferimenti in conto capitale per escussione di garanzie senza rivalsa; trasferimenti in conto capitale per ripiano disavanzi pregressi; altri trasferimenti in conto capitale non già ricompresi nelle precedenti voci tra i quali rientrano gli indennizzi corrisposti dalle amministrazioni pubbliche o dal resto del mondo ai proprietari di beni strumentali distrutti o danneggiati a seguito di eventi bellici, altri avvenimenti politici o calamità naturali (inondazioni, ecc.) e i lasciti nonchè le donazioni di importo considerevole.
 
 I trasferimenti correnti non comprendono i trasferimenti per conto terzi e partite di giro, per conto, cioè, di un altro soggetto, che sono da registrare tra gli incassi del soggetto beneficiario per conto della quale l'operazione è realizzata. In questi casi il soggetto riscossore, che funge da mero cassiere per un altro ente, deve registrare il trasferimento al titolare della riscossione quale partita di giro, sia in entrata che in uscita, per pari ammontare.
 
 I trasferimenti correnti vanno registrati attenendosi alla ""regola del primo beneficiario"": l'erogazione delle risorse è registrata classificandola sulla base del primo beneficiario delle risorse e non sulla base della finalità delle stesse."
U.1.04.01.00.000,Trasferimenti correnti a Amministrazioni Pubbliche,"I trasferimenti correnti tra amministrazioni pubbliche comprendono i trasferimenti effettuati/ricevuti, non a fronte di controprestazioni e non per finanziare spese di investimento o per ripianare le perdite di un'amministrazione, tra le amministrazioni centrali, locali e gli enti di previdenza e di assistenza sociale individuate dall'Istituto Nazionale di Statistica sulla base delle definizioni e delle regole del Regolamento (CE) n. 2223 del Consiglio dell'Unione Europea del 25 giugno 1996, relativo al Sistema europeo dei conti nazionali e regionali nella Comunità, e quelle di cui all'articolo 1, comma 2, del decreto legislativo 30 marzo 2001, n. 165, e successive modificazioni.
 
 I trasferimenti correnti vanno registrati attenendosi alla ""regola del primo beneficiario"": l'erogazione delle risorse è registrata classificandola sulla base del primo beneficiario delle risorse e non sulla base della finalità delle stesse. 
 
 I trasferimenti correnti tra amministrazioni pubbliche non comprendono i trasferimenti per conto terzi e partite di giro, per conto, cioè, di un'altra amministrazione, che sono da registrare tra gli incassi dell'amministrazione beneficiaria per conto della quale l'operazione è realizzata. In questi casi l'ente riscossore, che funge da mero cassiere per un altro ente, deve registrare il trasferimento al titolare della riscossione quale partita di giro, sia in entrata che in uscita, per pari ammontare.
 
 PER IL DETTAGLIO ANAGRAFICO DELLE CATEGORIE INCLUSE IN TALE RUBRICA SI RIMANDA ALL'APPENDICE AL GLOSSARIO."
U.1.04.01.01.000,Trasferimenti correnti a Amministrazioni Centrali,"I trasferimenti correnti tra amministrazioni pubbliche comprendono i trasferimenti erogati/ricevuti, non a fronte di controprestazioni, da un'amministrazione rientrante nel sottosettore delle amministrazioni centrali.
 
 Al V livello si dettagliano i trasferimenti correnti in entrata con separata evidenza dell'ente erogatore delle risorse."
U.1.04.01.01.001,Trasferimenti correnti a Ministeri,"Trasferimenti correnti erogati, non a fronte di controprestazioni, a Ministeri. Per maggiori dettagli sulla natura del trasferimento si rimanda alle voci di II, III e IV livello"
U.1.04.01.01.002,Trasferimenti correnti a Ministero dell'Istruzione - Istituzioni scolastiche,"Trasferimenti correnti erogati, non a fronte di controprestazioni, a Ministero dell'Istruzione - Istituzioni scolastiche. Per maggiori dettagli sulla natura del trasferimento si rimanda alle voci di II, III e IV livello"
U.1.04.01.01.003,Trasferimenti correnti a Presidenza del Consiglio dei Ministri,"Trasferimenti correnti erogati, non a fronte di controprestazioni, a Presidenza del Consiglio dei Ministri. Per maggiori dettagli sulla natura del trasferimento si rimanda alle voci di II, III e IV livello"
U.1.04.01.01.004,Trasferimenti correnti a Organi Costituzionali e di rilievo costituzionale,"Trasferimenti correnti erogati, non a fronte di controprestazioni, a Organi Costituzionali e di rilievo costituzionale. Per maggiori dettagli sulla natura del trasferimento si rimanda alle voci di II, III e IV livello"
U.1.04.01.01.005,Trasferimenti correnti a Agenzie Fiscali,"Trasferimenti correnti erogati, non a fronte di controprestazioni, a Agenzie Fiscali. Per maggiori dettagli sulla natura del trasferimento si rimanda alle voci di II, III e IV livello"
U.1.04.01.01.006,Trasferimenti correnti a enti di regolazione dell'attività economica,"Trasferimenti correnti erogati, non a fronte di controprestazioni, a enti di regolazione dell'attività economica. Per maggiori dettagli sulla natura del trasferimento si rimanda alle voci di II, III e IV livello"
U.1.04.01.01.007,Trasferimenti correnti a Gruppo Equitalia,"Trasferimenti correnti erogati, non a fronte di controprestazioni, a Gruppo Equitalia. Per maggiori dettagli sulla natura del trasferimento si rimanda alle voci di II, III e IV livello"
U.1.04.01.01.008,Trasferimenti correnti a Anas S.p.A.,"Trasferimenti correnti erogati, non a fronte di controprestazioni, a Anas S.p.A.. Per maggiori dettagli sulla natura del trasferimento si rimanda alle voci di II, III e IV livello"
U.1.04.01.01.009,Trasferimenti correnti a altri enti centrali produttori di servizi economici,"Trasferimenti correnti erogati, non a fronte di controprestazioni, a altri enti centrali produttori di servizi economici. Per maggiori dettagli sulla natura del trasferimento si rimanda alle voci di II, III e IV livello"
U.1.04.01.01.010,Trasferimenti correnti a autorità amministrative indipendenti,"Trasferimenti correnti erogati, non a fronte di controprestazioni, a autorità amministrative indipendenti. Per maggiori dettagli sulla natura del trasferimento si rimanda alle voci di II, III e IV livello"
U.1.04.01.01.011,Trasferimenti correnti a enti centrali a struttura associativa,"Trasferimenti correnti erogati, non a fronte di controprestazioni, a enti centrali a struttura associativa. Per maggiori dettagli sulla natura del trasferimento si rimanda alle voci di II, III e IV livello"
U.1.04.01.01.012,"Trasferimenti correnti a enti centrali produttori di servizi assistenziali, ricreativi e culturali","Trasferimenti correnti erogati, non a fronte di controprestazioni, a enti centrali produttori di servizi assistenziali, ricreativi e culturali. Per maggiori dettagli sulla natura del trasferimento si rimanda alle voci di II, III e IV livello"
U.1.04.01.01.013,Trasferimenti correnti a enti e istituzioni centrali di ricerca e Istituti e stazioni sperimentali per la ricerca,"Trasferimenti correnti erogati, non a fronte di controprestazioni, a enti e istituzioni centrali di ricerca e Istituti e stazioni sperimentali per la ricerca. Per maggiori dettagli sulla natura del trasferimento si rimanda alle voci di II, III e IV livello"
U.1.04.01.01.020,Trasferimenti correnti al Ministero dell'economia in attuazione di norme in materia di contenimento di spesa,"Trasferimenti correnti erogati, non a fronte di controprestazioni, a Ministeri in attuazione delle norme in materia di contenimento della spesa. Per maggiori dettagli sulla natura del trasferimento si rimanda alle voci di II, III e IV livello"
U.1.04.01.01.999,Trasferimenti correnti a altre Amministrazioni Centrali n.a.c.,"Trasferimenti correnti erogati, non a fronte di controprestazioni, a altre Amministrazioni Centrali n.a.c.. Per maggiori dettagli sulla natura del trasferimento si rimanda alle voci di II, III e IV livello"
U.1.04.01.02.000,Trasferimenti correnti a Amministrazioni Locali,"I trasferimenti correnti tra amministrazioni pubbliche comprendono i trasferimenti erogati/ricevuti, non a fronte di controprestazioni, da un'amministrazione rientrante nel sottosettore delle amministrazioni locali.
 
 Al V livello si dettagliano i trasferimenti correnti in entrata con separata evidenza dell'ente erogatore delle risorse."
U.1.04.01.02.001,Trasferimenti correnti a Regioni e province autonome,"Trasferimenti correnti erogati, non a fronte di controprestazioni, a Regioni e province autonome. Per maggiori dettagli sulla natura del trasferimento si rimanda alle voci di II, III e IV livello"
U.1.04.01.02.038,Trasferimenti correnti a Regioni - Fondo Sanitario Nazionale,"Trasferimenti correnti erogati, non a fronte di controprestazioni, a Regioni - Fondo Sanitario Nazionale. Per maggiori dettagli sulla natura del trasferimento si rimanda alle voci di II, III e IV livello"
U.1.04.01.02.002,Trasferimenti correnti a Province,"Trasferimenti correnti erogati, non a fronte di controprestazioni, a Province. Per maggiori dettagli sulla natura del trasferimento si rimanda alle voci di II, III e IV livello"
U.1.04.01.02.003,Trasferimenti correnti a Comuni,"Trasferimenti correnti erogati, non a fronte di controprestazioni, a Comuni. Per maggiori dettagli sulla natura del trasferimento si rimanda alle voci di II, III e IV livello"
U.1.04.01.02.004,Trasferimenti correnti a Città metropolitane e Roma capitale,"Trasferimenti correnti erogati, non a fronte di controprestazioni, a Città metropolitane e Roma capitale. Per maggiori dettagli sulla natura del trasferimento si rimanda alle voci di II, III e IV livello"
U.1.04.01.02.005,Trasferimenti correnti a Unioni di Comuni,"Trasferimenti correnti erogati, non a fronte di controprestazioni, a Unioni di Comuni. Per maggiori dettagli sulla natura del trasferimento si rimanda alle voci di II, III e IV livello"
U.1.04.01.02.006,Trasferimenti correnti a Comunità Montane,"Trasferimenti correnti erogati, non a fronte di controprestazioni, a Comunità Montane. Per maggiori dettagli sulla natura del trasferimento si rimanda alle voci di II, III e IV livello"
U.1.04.01.02.007,Trasferimenti correnti a Camere di Commercio,"Trasferimenti correnti erogati, non a fronte di controprestazioni, a Camere di Commercio. Per maggiori dettagli sulla natura del trasferimento si rimanda alle voci di II, III e IV livello"
U.1.04.01.02.008,Trasferimenti correnti a Università,"Trasferimenti correnti erogati, non a fronte di controprestazioni, a Università. Per maggiori dettagli sulla natura del trasferimento si rimanda alle voci di II, III e IV livello"
U.1.04.01.02.009,Trasferimenti correnti a Parchi nazionali e consorzi ed enti autonomi gestori di parchi e aree naturali protette,"Trasferimenti correnti erogati, non a fronte di controprestazioni, a Parchi nazionali e consorzi ed enti autonomi gestori di parchi e aree naturali protette. Per maggiori dettagli sulla natura del trasferimento si rimanda alle voci di II, III e IV livello"
U.1.04.01.02.010,Trasferimenti correnti a Autorità Portuali,"Trasferimenti correnti erogati, non a fronte di controprestazioni, a Autorità Portuali. Per maggiori dettagli sulla natura del trasferimento si rimanda alle voci di II, III e IV livello"
U.1.04.01.02.020,Trasferimenti correnti a Aziende sanitarie locali a titolo di finanziamento del servizio sanitario nazionale,"Trasferimenti correnti erogati, non a fronte di controprestazioni, a Aziende sanitarie locali a titolo di finanziamento del servizio sanitario nazionale. Per maggiori dettagli sulla natura del trasferimento si rimanda alle voci di II, III e IV livello"
U.1.04.01.02.021,Trasferimenti correnti a Aziende sanitarie locali a titolo di finanziamento di livelli di assistenza superiori ai livelli essenziali di assistenza (LEA),"Trasferimenti correnti erogati, non a fronte di controprestazioni, alle Aziende sanitarie locali a titolo di finanziamento di livelli di assistenza superiori ai livelli essenziali di assistenza (LEA)"
U.1.04.01.02.022,Trasferimenti correnti a Aziende sanitarie locali a titolo di finanziamento aggiuntivo corrente per la garanzia dell'equilibrio del bilancio sanitario corrente,"Trasferimenti correnti erogati, non a fronte di controprestazioni, alle Aziende sanitarie locali a titolo di finanziamento aggiuntivo corrente per la garanzia dell'equilibrio del bilancio sanitario corrente"
U.1.04.01.02.011,Trasferimenti correnti a Aziende sanitarie locali n.a.f.,Altri trasferimenti correnti a Aziende sanitarie locali non altrimenti finalizzati
U.1.04.01.02.025,Trasferimenti correnti a Aziende ospedaliere e Aziende ospedaliere universitarie integrate con il SSN a titolo di finanziamento del servizio sanitario nazionale,"Trasferimenti correnti erogati, non a fronte di controprestazioni, alle Aziende ospedaliere e Aziende ospedaliere universitarie integrate con il SSN a titolo di finanziamento del servizio sanitario nazionale"
U.1.04.01.02.026,Trasferimenti correnti a Aziende ospedaliere e Aziende ospedaliere universitarie integrate con il SSN a titolo di finanziamento di livelli di assistenza superiori ai livelli essenziali di assistenza (LEA),"Trasferimenti correnti erogati, non a fronte di controprestazioni, alle Aziende ospedaliere e Aziende ospedaliere universitarie integrate con il SSN a titolo di finanziamento di livelli di assistenza superiori ai livelli essenziali di assistenza (LEA)"
U.1.04.01.02.027,Trasferimenti correnti a Aziende ospedaliere e Aziende ospedaliere universitarie integrate con il SSN a titolo di finanziamento aggiuntivo corrente per la garanzia dell'equilibrio del bilancio sanitario corrente,"Trasferimenti correnti erogati, non a fronte di controprestazioni, alle Aziende ospedaliere e Aziende ospedaliere universitarie integrate con il SSN a titolo di finanziamento aggiuntivo corrente per la garanzia dell'equilibrio del bilancio sanitario corrente"
U.1.04.01.02.012,Trasferimenti correnti a Aziende ospedaliere e Aziende ospedaliere universitarie integrate con il SSN n.a.f.,Altri trasferimenti correnti a Aziende ospedaliere e Aziende ospedaliere universitarie integrate con il SSN non altrimenti finalizzati
U.1.04.01.02.030,Trasferimenti correnti a policlinici a titolo di finanziamento del servizio sanitario nazionale,"Trasferimenti correnti erogati, non a fronte di controprestazioni, alle policlinici a titolo di finanziamento del servizio sanitario nazionale"
U.1.04.01.02.031,Trasferimenti correnti a policlinici a titolo di finanziamento di livelli di assistenza superiori ai livelli essenziali di assistenza (LEA),"Trasferimenti correnti erogati, non a fronte di controprestazioni, alle policlinici a titolo di finanziamento di livelli di assistenza superiori ai livelli essenziali di assistenza (LEA)"
U.1.04.01.02.032,Trasferimenti correnti a policlinici a titolo di finanziamento aggiuntivo corrente per la garanzia dell'equilibrio del bilancio sanitario corrente,"Trasferimenti correnti erogati, non a fronte di controprestazioni, alle policlinici a titolo di finanziamento aggiuntivo corrente per la garanzia dell'equilibrio del bilancio sanitario corrente"
U.1.04.01.02.013,Trasferimenti correnti a policlinici n.a.f.,Altri trasferimenti correnti a policlinici non altrimenti finalizzati
U.1.04.01.02.033,Trasferimenti correnti a Istituti di ricovero e cura a carattere scientifico pubblici a titolo di finanziamento del servizio sanitario nazionale,"Trasferimenti correnti erogati, non a fronte di controprestazioni, alle Istituti di ricovero e cura a carattere scientifico pubblici a titolo di finanziamento del servizio sanitario nazionale"
U.1.04.01.02.034,Trasferimenti correnti a Istituti di ricovero e cura a carattere scientifico pubblici a titolo di finanziamento di livelli di assistenza superiori ai livelli essenziali di assistenza (LEA),"Trasferimenti correnti erogati, non a fronte di controprestazioni, alle Istituti di ricovero e cura a carattere scientifico pubblici a titolo di finanziamento di livelli di assistenza superiori ai livelli essenziali di assistenza (LEA)"
U.1.04.01.02.035,Trasferimenti correnti a Istituti di ricovero e cura a carattere scientifico pubblici a titolo di finanziamento aggiuntivo corrente per la garanzia dell'equilibrio del bilancio sanitario corrente,"Trasferimenti correnti erogati, non a fronte di controprestazioni, alle Istituti di ricovero e cura a carattere scientifico pubblici a titolo di finanziamento aggiuntivo corrente per la garanzia dell'equilibrio del bilancio sanitario corrente"
U.1.04.01.02.014,Trasferimenti correnti a Istituti di ricovero e cura a carattere scientifico pubblici n.a.f.,Altri trasferimenti correnti a Istituti di ricovero e cura a carattere scientifico pubblici non altrimenti finalizzati
U.1.04.01.02.015,Trasferimenti correnti a altre Amministrazioni Locali produttrici di servizi sanitari,"Trasferimenti correnti erogati, non a fronte di controprestazioni, a altre Amministrazioni Locali produttrici di servizi sanitari. Per maggiori dettagli sulla natura del trasferimento si rimanda alle voci di II, III e IV livello"
U.1.04.01.02.016,Trasferimenti correnti a Agenzie regionali per le erogazioni in agricoltura,"Trasferimenti correnti erogati, non a fronte di controprestazioni, a Agenzie regionali per le erogazioni in agricoltura. Per maggiori dettagli sulla natura del trasferimento si rimanda alle voci di II, III e IV livello"
U.1.04.01.02.017,Trasferimenti correnti a altri enti e agenzie regionali e sub regionali,"Trasferimenti correnti erogati, non a fronte di controprestazioni, a altri enti e agenzie regionali e sub regionali. Per maggiori dettagli sulla natura del trasferimento si rimanda alle voci di II, III e IV livello"
U.1.04.01.02.018,Trasferimenti correnti a Consorzi di enti locali,"Trasferimenti correnti erogati, non a fronte di controprestazioni, a Consorzi di enti locali. Per maggiori dettagli sulla natura del trasferimento si rimanda alle voci di II, III e IV livello"
U.1.04.01.02.019,Trasferimenti correnti a Fondazioni e istituzioni liriche locali e a Teatri stabili di iniziativa pubblica,"Trasferimenti correnti erogati, non a fronte di controprestazioni, a Fondazioni e istituzioni liriche locali e a Teatri stabili di iniziativa pubblica. Per maggiori dettagli sulla natura del trasferimento si rimanda alle voci di II, III e IV livello"
U.1.04.01.02.999,Trasferimenti correnti a altre Amministrazioni Locali n.a.c.,"Trasferimenti correnti erogati, non a fronte di controprestazioni, a altre Amministrazioni Locali n.a.c.. Per maggiori dettagli sulla natura del trasferimento si rimanda alle voci di II, III e IV livello"
U.1.04.01.03.000,Trasferimenti correnti a Enti di Previdenza,"I trasferimenti correnti tra amministrazioni pubbliche comprendono i trasferimenti erogati/ricevuti, non a fronte di controprestazioni, da un'amministrazione rientrante nel sottosettore degli enti di previdenza.
 Al V livello si dettagliano i trasferimenti correnti in entrata con separata evidenza dell'ente erogatore delle risorse."
U.1.04.01.03.001,Trasferimenti correnti a INPS,"Trasferimenti correnti erogati, non a fronte di controprestazioni, a INPS. Per maggiori dettagli sulla natura del trasferimento si rimanda alle voci di II, III e IV livello"
U.1.04.01.03.002,Trasferimenti correnti a INAIL,"Trasferimenti correnti erogati, non a fronte di controprestazioni, a INAIL. Per maggiori dettagli sulla natura del trasferimento si rimanda alle voci di II, III e IV livello"
U.1.04.01.03.999,Trasferimenti correnti a altri Enti di Previdenza n.a.c.,"Trasferimenti correnti erogati, non a fronte di controprestazioni, a altri Enti di Previdenza n.a.c.. Per maggiori dettagli sulla natura del trasferimento si rimanda alle voci di II, III e IV livello"
U.1.04.01.04.000,Trasferimenti correnti a organismi interni e/o unità locali della amministrazione,
U.1.04.01.04.001,Trasferimenti correnti a organismi interni e/o unità locali della amministrazione,
U.1.04.02.00.000,Trasferimenti correnti a Famiglie,"I trasferimenti correnti alle famiglie comprendono i trasferimenti effettuati, non a fronte di controprestazioni e non per finanziare spese di investimento o per altre fattispecie assimilabili alle definizioni dei trasferimenti in conto capitale.
 
 Si distinguono i trasferimenti erogati alle famiglie per: 
 interventi previdenziali; 
 interventi assistenziali; 
 per l'erogazione di borse e studio e di ricerca non assimilabili a redditi da lavoro dipendente; 
 per il pagamento di vincite a lotto, lotterie e altre vincite a queste assimilabili."
U.1.04.02.01.000,Interventi previdenziali,"Trasferimenti in denaro erogati ai lavoratori, ex-lavoratori e alle loro famiglie al fine di coprire gli oneri alle stesse per il verificarsi di determinati eventi e/o rischi (malattia, vecchiaia, invalidità, morte, disoccupazione, carichi familiari, infortuni sul lavoro, ecc.) dai sistemi previdenziali che presuppongono una contribuzione contemporanea e/o precedente. I trasferimenti possono avere caratteristiche di ricorrenza o di una tantum."
U.1.04.02.01.001,Pensioni e rendite,"Le pensioni sono trasferimenti in denaro periodici e continuativi erogati individualmente in seguito a: raggiungimento di una determinata età e/o maturazione di anzianità di versamenti contributivi (pensione di vecchiaia e pensione di anzianità); mancanza o riduzione della capacità lavorativa per menomazione congenita e sopravvenuta (pensione di invalidità); morte della persona protetta (pensione ai superstiti) e particolare benemerenza verso il Paese (vitalizi). Le rendite, con le stesse caratteristiche di periodicità e continuità sono corrisposte a seguito di un infortunio sul lavoro, per causa di servizio e malattia professionale; la specificità è di indennizzare la persona per una menomazione, secondo il livello della stessa (rendita diretta per infortunio), o per morte (rendita indiretta per infortunio erogata a superstiti) conseguente a un fatto accaduto nello svolgimento di una attività lavorativa."
U.1.04.02.01.002,Liquidazioni per fine rapporto di lavoro,"Trasferimenti in denaro erogati al lavoratore in tutti i casi di cessazione del rapporto di lavoro, qualunque ne sia la ragione: fine rapporto, licenziamento individuale e collettivo, dimissioni, ecc. La legge riconosce ai lavoratori subordinati il diritto di percepire un trattamento di fine rapporto, ai sensi dell'articolo 2120 del Codice Civile."
U.1.04.02.01.999,Altri sussidi e assegni,Trasferimenti in denaro a carattere previdenziale non classificabile tra le voci precedenti.
U.1.04.02.02.000,Interventi assistenziali,"Trasferimenti in denaro finalizzati a sollevare gli individui dal verificarsi di determinati eventi e/o rischi (vecchiaia, invalidità, morte, disoccupazione, carichi familiari, ecc.) generalmente condizionati alla verifica del non superamento di un determinato livello di reddito da parte dell'individuo o del nucleo familiare beneficiario. Sono erogati nell'ambito di sistemi di assistenza sociale finanziati dalla fiscalità."
U.1.04.02.02.999,Altri assegni e sussidi assistenziali,Trasferimenti in denaro a carattere assistenziale non classificabile tra le voci precedenti.
U.1.04.02.03.000,"Borse di studio, dottorati di ricerca e contratti di formazione specialistica area medica",
U.1.04.02.03.001,Borse di studio,Spese per erogazione di borse di studio e per lo svolgimento di tirocini formativi
U.1.04.02.03.002,Contratti di formazione specialistica area medica,Spese per lo svolgimento dell'attività di formazione specialistica nell'area medica
U.1.04.02.03.004,Tirocini formativi,"Spese per l'attivazione dei tirocini formativi, ai sensi della L. 92/2012"
U.1.04.02.03.005,Tirocini formativi curriculari,"Spese per l'attivazione dei tirocini formativi. Per “tirocini curriculari” si intendono quelli svolti durante un percorso di studio nell'Università, o negli Istituti scolastici."
U.1.04.02.04.000,Trasferimenti correnti a famiglie per vincite,
U.1.04.02.04.002,Vincite a lotterie,Trasferimenti correnti erogati a famiglie per pagamento vincite alle lotterie
U.1.04.02.04.999,Altri trasferimenti a famiglie per vincite,Altri trasferimenti correnti erogati a famiglie per pagamento di vincite a concorsi a premi e giochi pronostici non classificabili nelle voci precedenti
U.1.04.02.05.000,Altri trasferimenti a famiglie,
U.1.04.02.05.001,Servizio civile,Trasferimenti erogati a fronte dello svolgimento del servizio civile
U.1.04.02.05.999,Altri trasferimenti a famiglie n.a.c.,Altri trasferimenti correnti erogati a famiglie non classificabili nelle voci precedenti
U.1.04.03.00.000,Trasferimenti correnti a Imprese,I trasferimenti correnti erogati dalle amministrazioni pubbliche alle imprese comprendono i trasferimenti effettuati non a fronte di controprestazioni e non per finanziare spese di investimento nonché gli altri trasferimenti in conto capitale tra i quali gli eventuali trasferimenti erogati a titolo di ripiano disavanzi pregressi.
U.1.04.03.01.000,Trasferimenti correnti a imprese controllate,I trasferimenti correnti erogati dalle amministrazioni pubbliche alle imprese controllate comprendono i trasferimenti effettuati non a fronte di controprestazioni e non per finanziare spese di investimento o per ripiano perdite.
U.1.04.03.01.001,Trasferimenti correnti a imprese controllate,Vedi voce di IV livello
U.1.04.03.02.000,Trasferimenti correnti a altre imprese partecipate,I trasferimenti correnti erogati dalle amministrazioni pubbliche alle altre imprese partecipate comprendono i trasferimenti effettuati non a fronte di controprestazioni e non per finanziare spese di investimento o per ripiano perdite.
U.1.04.03.02.001,Trasferimenti correnti a altre imprese partecipate,Vedi voce di IV livello
U.1.04.03.99.000,Trasferimenti correnti a altre imprese,I trasferimenti correnti erogati dalle amministrazioni pubbliche alle altre imprese comprendono i trasferimenti effettuati non a fronte di controprestazioni e non per finanziare spese di investimento o per ripiano perdite.
U.1.04.03.99.999,Trasferimenti correnti a altre imprese,Vedi voce di IV livello
U.1.04.04.00.000,Trasferimenti correnti a Istituzioni Sociali Private,"Trasferimenti correnti erogati alle istituzioni sociali private in assenza di controprestazioni. 
 
 Non vi rientrano i trasferimenti finalizzati a spese di investimento da classificarsi alla rubrica ""Contributi agli investimenti"" nonché gli altri trasferimenti in conto capitale tra i quali gli eventuali trasferimenti erogati a titolo di ripiano disavanzi pregressi."
U.1.04.04.01.000,Trasferimenti correnti a Istituzioni Sociali Private,Vedi voce di III livello
U.1.04.04.01.001,Trasferimenti correnti a Istituzioni Sociali Private,Vedi voce di III livello
U.1.04.05.00.000,Trasferimenti correnti versati all'Unione Europea e al Resto del Mondo,"Trasferimenti correnti versati dalle amministrazioni pubbliche all'Unione Europea e al Resto del Mondo comprendenti i trasferimenti effettuati non a fronte di controprestazioni.
 
 Non vi rientrano i trasferimenti finalizzati a spese di investimento da classificarsi alla rubrica ""Contributi agli investimenti"" nonché gli altri trasferimenti in conto capitale tra i quali gli eventuali trasferimenti erogati a titolo di ripiano disavanzi pregressi."
U.1.04.05.04.000,Trasferimenti correnti al Resto del Mondo,"I trasferimenti correnti versati dalle amministrazioni pubbliche al Resto del Mondo comprendono i trasferimenti effettuati, non a fronte di controprestazioni. 
 
 Non vi rientrano i trasferimenti finalizzati a spese di investimento da classificarsi alla rubrica ""Contributi agli investimenti"" nonché gli altri trasferimenti in conto capitale tra i quali gli eventuali trasferimenti erogati a titolo di ripiano disavanzi pregressi."
U.1.04.05.04.001,Trasferimenti correnti al Resto del Mondo,Vedi voce di IV livello
U.1.04.05.99.000,Altri Trasferimenti correnti alla UE,"Altri trasferimenti correnti versati all'Unione Europea, aventi le medesime caratteristiche dei capitoli precedenti, ma non altrimenti classificati"
U.1.04.05.99.001,Altri Trasferimenti correnti alla UE,Vedi voce di IV livello
U.1.05.00.00.000,Trasferimenti di tributi,Trasferimenti di tributi a titolo di devoluzioni e di compartecipazioni
U.1.05.01.00.000,Trasferimenti di tributi a titolo di devoluzioni,"Trasferimenti erogati dal Bilancio dello Stato di quota dei tributi riscossi a livello centrale spettante alle autonomie speciali in virtù di precisi riferimenti normativi, derivanti da norme di rilievo costituzionale o da specifiche riserve stabilite dai regolamenti istitutivi, sulla base di norme."
U.1.05.01.01.000,Imposta sul valore aggiunto (IVA) sugli scambi interni,Vedi voce di III livello
U.1.05.01.01.001,Imposta sul valore aggiunto (IVA) sugli scambi interni,Vedi voce di III livello
U.1.05.01.02.000,Imposta sul valore aggiunto (IVA) sulle importazioni,Vedi voce di III livello
U.1.05.01.02.001,Imposta sul valore aggiunto (IVA) sulle importazioni,Vedi voce di III livello
U.1.05.01.03.000,Accisa sull'energia elettrica,Vedi voce di III livello
U.1.05.01.03.001,Accisa sull'energia elettrica,Vedi voce di III livello
U.1.05.01.04.000,Accisa sui prodotti energetici,Vedi voce di III livello
U.1.05.01.04.001,Accisa sui prodotti energetici,Vedi voce di III livello
U.1.05.01.05.000,Imposta di registro,Vedi voce di III livello
U.1.05.01.05.001,Imposta di registro,Vedi voce di III livello
U.1.05.01.06.000,Imposta di bollo,Vedi voce di III livello
U.1.05.01.06.001,Imposta di bollo,Vedi voce di III livello
U.1.05.01.07.000,Imposta ipotecaria,Vedi voce di III livello
U.1.05.01.07.001,Imposta ipotecaria,Vedi voce di III livello
U.1.05.01.08.000,Accisa sull'alcole e le bevande alcoliche,Vedi voce di III livello
U.1.05.01.08.001,Accisa sull'alcole e le bevande alcoliche,Vedi voce di III livello
U.1.05.01.09.000,Accisa sui tabacchi,Vedi voce di III livello
U.1.05.01.09.001,Accisa sui tabacchi,Vedi voce di III livello
U.1.05.01.10.000,Imposta di consumo su oli lubrificanti e bitumi di petrolio,Vedi voce di III livello
U.1.05.01.10.001,Imposta di consumo su oli lubrificanti e bitumi di petrolio,Vedi voce di III livello
U.1.05.01.11.000,Imposta unica sui concorsi pronostici e sulle scommesse,Vedi voce di III livello
U.1.05.01.11.001,Imposta unica sui concorsi pronostici e sulle scommesse,Vedi voce di III livello
U.1.05.01.12.000,"Proventi da lotto, lotterie e altri giochi",Vedi voce di III livello
U.1.05.01.12.001,"Proventi da lotto, lotterie e altri giochi",Vedi voce di III livello
U.1.05.01.13.000,Addizionale regionale sui canoni per le utenze di acque pubbliche,Vedi voce di III livello
U.1.05.01.13.001,Addizionale regionale sui canoni per le utenze di acque pubbliche,Vedi voce di III livello
U.1.05.01.14.000,Altre imposte sostitutive n.a.c.,Vedi voce di III livello
U.1.05.01.14.001,Altre imposte sostitutive n.a.c.,Vedi voce di III livello
U.1.05.01.15.000,Ritenute sugli interessi e su altri redditi da capitale,Vedi voce di III livello
U.1.05.01.15.001,Ritenute sugli interessi e su altri redditi da capitale,Vedi voce di III livello
U.1.05.01.16.000,Ritenute e imposte sostitutive sugli utili distribuiti dalle società di capitali,Vedi voce di III livello
U.1.05.01.16.001,Ritenute e imposte sostitutive sugli utili distribuiti dalle società di capitali,Vedi voce di III livello
U.1.05.01.17.000,Altre ritenute n.a.c.,Vedi voce di III livello
U.1.05.01.17.001,Altre ritenute n.a.c.,Vedi voce di III livello
U.1.05.01.18.000,Imposte sul reddito delle persone fisiche,Vedi voce di III livello
U.1.05.01.18.001,Imposte sul reddito delle persone fisiche,Vedi voce di III livello
U.1.05.01.19.000,Imposte sul reddito delle società (ex IRPEG),Vedi voce di III livello
U.1.05.01.19.001,Imposte sul reddito delle società (ex IRPEG),Vedi voce di III livello
U.1.05.01.99.000,Altri tributi trasferiti a titolo di devoluzioni,Vedi voce di III livello
U.1.05.01.99.999,Altri tributi trasferiti a titolo di devoluzioni,Vedi voce di III livello
U.1.05.02.00.000,Compartecipazioni di tributi a Amministrazioni Locali non destinate al finanziamento della spesa sanitaria,"Trasferimenti di tributi ad amministrazioni locali a titolo di compartecipazioni di tributi non destinati al finanziamento della sanità.
 
 Per il significato delle voci si rimanda alle analoghe voci di entrata dei tributi"
U.1.05.02.01.000,Compartecipazione IVA a Regioni - non Sanità,Voce di spesa del Bilancio dello Stato.
U.1.05.02.01.001,Compartecipazione IVA a Regioni - non Sanità,Vedi voce di IV livello
U.1.05.02.02.000,Compartecipazione al bollo auto a Province,Compartecipazione al bollo auto regionale relativo agli autoveicoli.
U.1.05.02.02.001,Compartecipazione al bollo auto a Province,Vedi voce di IV livello
U.1.05.02.03.000,Compartecipazione IVA a Comuni,"Compartecipazione al gettito IVA, ai sensi del d.lgs. 23/2011, in misura finanziariamente equivalente al 2% calcolato sul gettito IRPEF, adottando quale criterio di riferimento della compartecipazione il territorio su cui si è determinato il consumo che ha dato luogo al prelievo"
U.1.05.02.03.001,Compartecipazione IVA a Comuni,Vedi voce di IV livello
U.1.05.02.04.000,Compartecipazione IRPEF ai Comuni,"Compartecipazione dei comuni al gettito dell’IRPEF di cui all’articolo 67, comma 3 della legge 23 dicembre 2000, n. 388 come sostituito dall’articolo 25, comma 5, della legge 28 dicembre 2001, n. 448, dall’anno 2003"
U.1.05.02.04.001,Compartecipazione IRPEF ai Comuni,Vedi voce di IV livello
U.1.05.02.05.000,Tributo provinciale deposito in discarica dei rifiuti solidi,"Compartecipazione al gettito del tributo provinciale deposito in discarica dei rifiuti solidi versata dalle Regioni a favore delle Province. La provincia contabilizza la propria quota alla voce E.1.01.04.08.001 ""Tributo provinciale deposito in discarica dei rifiuti solidi"" nel titolo primo delle entrate, tra le Compartecipazioni di tributi."
U.1.05.02.05.001,Tributo provinciale deposito in discarica dei rifiuti solidi,Vedi voce di IV livello
U.1.05.02.98.000,Altre compartecipazioni alle Province,Altre compartecipazioni alle Province
U.1.05.02.98.999,Altre compartecipazioni alle Province,Vedi voce di IV livello
U.1.05.02.99.000,Altre compartecipazioni a Comuni,Altre compartecipazioni a Comuni
U.1.05.02.99.999,Altre compartecipazioni a Comuni,Vedi voce di IV livello
U.1.06.00.00.000,Fondi perequativi,Risorse erogate a titolo redistributivo
U.1.06.01.00.000,Fondi perequativi,"Risorse erogate, a norma dell'articolo 13 del d.lgs. 23/2001 e in conformità con l’articolo 13 della legge 42/2009, per il finanziamento delle spese dei comuni e delle province, successivo alla determinazione dei fabbisogni standard collegati alle spese per le funzioni fondamentali, a titolo di concorso per il finanziamento delle funzioni da loro svolte."
U.1.06.01.01.000,Trasferimenti ad Amministrazioni Locali - Fondi perequativi,Trasferimenti ad amministrazioni locali a titolo di perequazione sul territorio nazionale.
U.1.06.01.01.002,Trasferimenti a Province - fondi perequativi,"Risorse erogate, a norma dell'articolo 13 del d.lgs. 23/2001 e in conformità con l’articolo 13 della legge 42/2009 , per il finanziamento delle spese delle province, successivo alla determinazione dei fabbisogni standard collegati alle spese per le funzioni fondamentali, a titolo di concorso per il finanziamento delle funzioni da loro svolte."
U.1.06.01.01.003,Trasferimenti a Comuni - fondi perequativi,"Risorse erogate, a norma dell'articolo 13 del d.lgs. 23/2001 e in conformità con l’articolo 13 della legge 42/2009 , per il finanziamento delle spese dei comuni, successivo alla determinazione dei fabbisogni standard collegati alle spese per le funzioni fondamentali, a titolo di concorso per il finanziamento delle funzioni da loro svolte."
U.1.07.00.00.000,Interessi passivi,
U.1.07.01.00.000,Interessi passivi su titoli obbligazionari a breve termine,Interessi corrisposti per aver usufruito del capitale di un terzo tramite l’emissione di titoli obbligazionari con scadenza uguale o inferiore all’anno
U.1.07.01.01.000,Interessi passivi su titoli obbligazionari a breve termine in valuta domestica,Interessi in valuta domestica corrisposti per aver usufruito del capitale di un terzo tramite l’emissione di titoli obbligazionari con scadenza uguale o inferiore all’anno
U.1.07.01.01.001,Interessi passivi su titoli obbligazionari a breve termine a tasso fisso - valuta domestica,Interessi in valuta domestica corrisposti come debitore per aver usufruito del capitale di un terzo tramite l’emissione di titoli obbligazionari a tasso fisso con scadenza uguale o inferiore all’anno
U.1.07.01.01.002,Interessi passivi su titoli obbligazionari a breve termine a tasso variabile - valuta domestica,Interessi in valuta domestica corrisposti come debitore per aver usufruito del capitale di un terzo tramite l’emissione di titoli obbligazionari a tasso variabile con scadenza uguale o inferiore all’anno
U.1.07.02.00.000,Interessi passivi su titoli obbligazionari a medio-lungo termine,Interessi corrisposti per aver usufruito del capitale di un terzo tramite l’emissione di titoli obbligazionari con scadenza superiore all’anno
U.1.07.02.01.000,Interessi passivi su titoli obbligazionari a medio-lungo termine in valuta domestica,Interessi in valuta domestica per aver usufruito del capitale di un terzo tramite l’emissione di titoli obbligazionari con scadenza superiore all’anno
U.1.07.02.01.001,Interessi passivi su titoli obbligazionari a medio-lungo termine a tasso fisso - valuta domestica,Interessi in valuta domestica corrisposti come debitore per aver usufruito del capitale di un terzo tramite l’emissione di titoli obbligazionari a tasso fisso con scadenza superiore all’anno
U.1.07.02.01.002,Interessi passivi su titoli obbligazionari a medio-lungo termine a tasso variabile - valuta domestica,Interessi in valuta domestica corrisposti come debitore per aver usufruito del capitale di un terzo tramite l’emissione di titoli obbligazionari a tasso variabile con scadenza superiore all’anno
U.1.07.02.02.000,Interessi passivi su titoli obbligazionari a medio-lungo termine in valuta estera,Interessi in valuta estera corrisposti per aver usufruito del capitale di un terzo tramite l’emissione di titoli obbligazionari con scadenza superiore all’anno
U.1.07.02.02.001,Interessi passivi su titoli obbligazionari a medio-lungo termine a tasso fisso - valuta estera,Interessi in valuta estera corrisposti come debitore per aver usufruito del capitale di un terzo tramite l’emissione di titoli obbligazionari a tasso fisso con scadenza superiore all’anno
U.1.07.02.02.002,Interessi passivi su titoli obbligazionari a medio-lungo termine a tasso variabile - valuta estera,Interessi in valuta estera corrisposti come debitore per aver usufruito del capitale di un terzo tramite l’emissione di titoli obbligazionari a tasso variabile con scadenza superiore all’anno
U.1.07.04.00.000,Interessi su finanziamenti a breve termine,"Interessi corrisposti per aver usufruito del capitale di un terzo nella forma di finanziamenti con durata uguale o inferiore all’anno.
 
 PER IL DETTAGLIO ANAGRAFICO DELLE CATEGORIE INCLUSE IN TALE RUBRICA SI RIMANDA ALL'APPENDICE AL GLOSSARIO."
U.1.07.04.01.000,Interessi passivi a Amministrazioni Centrali su finanziamenti a breve termine,Interessi corrisposti a enti ricadenti nel settore delle amministrazioni centrali a seguito dei finanziamenti da questi prestati con durata uguale o inferiore all’anno
U.1.07.04.01.001,Interessi passivi a Ministeri su finanziamenti a breve termine,Interessi passivi a Ministeri su finanziamenti a breve termine. Per ulteriori dettagli sulla natura della spesa si rimanda alla relativa voce di IV livello
U.1.07.04.01.002,Interessi passivi a Ministero dell'Istruzione - Istituzioni scolastiche su finanziamenti a breve termine,Interessi passivi a Ministero dell'Istruzione - Istituzioni scolastiche su finanziamenti a breve termine. Per ulteriori dettagli sulla natura della spesa si rimanda alla relativa voce di IV livello
U.1.07.04.01.003,Interessi passivi a Presidenza del Consiglio dei Ministri su finanziamenti a breve termine,Interessi passivi a Presidenza del Consiglio dei Ministri su finanziamenti a breve termine. Per ulteriori dettagli sulla natura della spesa si rimanda alla relativa voce di IV livello
U.1.07.04.01.004,Interessi passivi a Organi Costituzionali e di rilievo costituzionale su finanziamenti a breve termine,Interessi passivi a Organi Costituzionali e di rilievo costituzionale su finanziamenti a breve termine. Per ulteriori dettagli sulla natura della spesa si rimanda alla relativa voce di IV livello
U.1.07.04.01.005,Interessi passivi a Agenzie Fiscali su finanziamenti a breve termine,Interessi passivi a Agenzie Fiscali su finanziamenti a breve termine. Per ulteriori dettagli sulla natura della spesa si rimanda alla relativa voce di IV livello
U.1.07.04.01.006,Interessi passivi a enti di regolazione dell'attività economica su finanziamenti a breve termine,Interessi passivi a enti di regolazione dell'attività economica su finanziamenti a breve termine. Per ulteriori dettagli sulla natura della spesa si rimanda alla relativa voce di IV livello
U.1.07.04.01.007,Interessi passivi a Gruppo Equitalia su finanziamenti a breve termine,Interessi passivi a Gruppo Equitalia su finanziamenti a breve termine. Per ulteriori dettagli sulla natura della spesa si rimanda alla relativa voce di IV livello
U.1.07.04.01.008,Interessi passivi a Anas S.p.A. su finanziamenti a breve termine,Interessi passivi a Anas S.p.A. su finanziamenti a breve termine. Per ulteriori dettagli sulla natura della spesa si rimanda alla relativa voce di IV livello
U.1.07.04.01.009,Interessi passivi a altri enti centrali produttori di servizi economici su finanziamenti a breve termine,Interessi passivi a altri enti centrali produttori di servizi economici su finanziamenti a breve termine. Per ulteriori dettagli sulla natura della spesa si rimanda alla relativa voce di IV livello
U.1.07.04.01.010,Interessi passivi a autorità amministrative indipendenti su finanziamenti a breve termine,Interessi passivi a autorità amministrative indipendenti su finanziamenti a breve termine. Per ulteriori dettagli sulla natura della spesa si rimanda alla relativa voce di IV livello
U.1.07.04.01.011,Interessi passivi a enti centrali a struttura associativa su finanziamenti a breve termine,Interessi passivi a enti centrali a struttura associativa su finanziamenti a breve termine. Per ulteriori dettagli sulla natura della spesa si rimanda alla relativa voce di IV livello
U.1.07.04.01.012,"Interessi passivi a enti centrali produttori di servizi assistenziali, ricreativi e culturali su finanziamenti a breve termine","Interessi passivi a enti centrali produttori di servizi assistenziali, ricreativi e culturali su finanziamenti a breve termine. Per ulteriori dettagli sulla natura della spesa si rimanda alla relativa voce di IV livello"
U.1.07.04.01.013,Interessi passivi a enti e istituzioni centrali di ricerca e Istituti e stazioni sperimentali per la ricerca su finanziamenti a breve termine,Interessi passivi a enti e istituzioni centrali di ricerca e Istituti e stazioni sperimentali per la ricerca su finanziamenti a breve termine. Per ulteriori dettagli sulla natura della spesa si rimanda alla relativa voce di IV livello
U.1.07.04.01.999,Interessi passivi a altre Amministrazioni Centrali n.a.c. su finanziamenti a breve termine,Interessi passivi a altre Amministrazioni Centrali n.a.c. su finanziamenti a breve termine. Per ulteriori dettagli sulla natura della spesa si rimanda alla relativa voce di IV livello
U.1.07.04.02.000,Interessi passivi a Amministrazioni Locali su finanziamenti a breve termine,Interessi corrisposti a enti ricadenti nel settore delle amministrazioni locali a seguito dei finanziamenti da questi prestati con durata uguale o inferiore all’anno
U.1.07.04.02.001,Interessi passivi a Regioni e province autonome su finanziamenti a breve termine,Interessi passivi a Regioni e province autonome su finanziamenti a breve termine. Per ulteriori dettagli sulla natura della spesa si rimanda alla relativa voce di IV livello
U.1.07.04.02.002,Interessi passivi a Province su finanziamenti a breve termine,Interessi passivi a Province su finanziamenti a breve termine. Per ulteriori dettagli sulla natura della spesa si rimanda alla relativa voce di IV livello
U.1.07.04.02.003,Interessi passivi a Comuni su finanziamenti a breve termine,Interessi passivi a Comuni su finanziamenti a breve termine. Per ulteriori dettagli sulla natura della spesa si rimanda alla relativa voce di IV livello
U.1.07.04.02.004,Interessi passivi a Città metropolitane e Roma capitale su finanziamenti a breve termine,Interessi passivi a Città metropolitane e Roma capitale su finanziamenti a breve termine. Per ulteriori dettagli sulla natura della spesa si rimanda alla relativa voce di IV livello
U.1.07.04.02.005,Interessi passivi a Unioni di Comuni su finanziamenti a breve termine,Interessi passivi a Unioni di Comuni su finanziamenti a breve termine. Per ulteriori dettagli sulla natura della spesa si rimanda alla relativa voce di IV livello
U.1.07.04.02.006,Interessi passivi a Comunità Montane su finanziamenti a breve termine,Interessi passivi a Comunità Montane su finanziamenti a breve termine. Per ulteriori dettagli sulla natura della spesa si rimanda alla relativa voce di IV livello
U.1.07.04.02.007,Interessi passivi a Camere di Commercio su finanziamenti a breve termine,Interessi passivi a Camere di Commercio su finanziamenti a breve termine. Per ulteriori dettagli sulla natura della spesa si rimanda alla relativa voce di IV livello
U.1.07.04.02.008,Interessi passivi a Università su finanziamenti a breve termine,Interessi passivi a Università su finanziamenti a breve termine. Per ulteriori dettagli sulla natura della spesa si rimanda alla relativa voce di IV livello
U.1.07.04.02.009,Interessi passivi a Parchi nazionali e consorzi ed enti autonomi gestori di parchi e aree naturali protette su finanziamenti a breve termine,Interessi passivi a Parchi nazionali e consorzi ed enti autonomi gestori di parchi e aree naturali protette su finanziamenti a breve termine. Per ulteriori dettagli sulla natura della spesa si rimanda alla relativa voce di IV livello
U.1.07.04.02.010,Interessi passivi a Autorità Portuali su finanziamenti a breve termine,Interessi passivi a Autorità Portuali su finanziamenti a breve termine. Per ulteriori dettagli sulla natura della spesa si rimanda alla relativa voce di IV livello
U.1.07.04.02.011,Interessi passivi a Aziende sanitarie locali su finanziamenti a breve termine,Interessi passivi a Aziende sanitarie locali su finanziamenti a breve termine. Per ulteriori dettagli sulla natura della spesa si rimanda alla relativa voce di IV livello
U.1.07.04.02.012,Interessi passivi a Aziende ospedaliere e Aziende ospedaliere universitarie integrate con il SSN su finanziamenti a breve termine,Interessi passivi a Aziende ospedaliere e Aziende ospedaliere universitarie integrate con il SSN su finanziamenti a breve termine. Per ulteriori dettagli sulla natura della spesa si rimanda alla relativa voce di IV livello
U.1.07.04.02.013,Interessi passivi a policlinici a titolo di finanziamento del servizio sanitario nazionale su finanziamenti a breve termine,Interessi passivi a policlinici a titolo di finanziamento del servizio sanitario nazionale su finanziamenti a breve termine. Per ulteriori dettagli sulla natura della spesa si rimanda alla relativa voce di IV livello
U.1.07.04.02.014,Interessi passivi a policlinici su finanziamenti a breve termine,Interessi passivi a policlinici su finanziamenti a breve termine. Per ulteriori dettagli sulla natura della spesa si rimanda alla relativa voce di IV livello
U.1.07.04.02.015,Interessi passivi a Istituti di ricovero e cura a carattere scientifico pubblici su finanziamenti a breve termine,Interessi passivi a Istituti di ricovero e cura a carattere scientifico pubblici su finanziamenti a breve termine. Per ulteriori dettagli sulla natura della spesa si rimanda alla relativa voce di IV livello
U.1.07.04.02.016,Interessi passivi a altre Amministrazioni Locali produttrici di servizi sanitari su finanziamenti a breve termine,Interessi passivi a altre Amministrazioni Locali produttrici di servizi sanitari su finanziamenti a breve termine. Per ulteriori dettagli sulla natura della spesa si rimanda alla relativa voce di IV livello
U.1.07.04.02.017,Interessi passivi a Agenzie regionali per le erogazioni in agricoltura su finanziamenti a breve termine,Interessi passivi a Agenzie regionali per le erogazioni in agricoltura su finanziamenti a breve termine. Per ulteriori dettagli sulla natura della spesa si rimanda alla relativa voce di IV livello
U.1.07.04.02.018,Interessi passivi a altri enti e agenzie regionali e sub regionali su finanziamenti a breve termine,Interessi passivi a altri enti e agenzie regionali e sub regionali su finanziamenti a breve termine. Per ulteriori dettagli sulla natura della spesa si rimanda alla relativa voce di IV livello
U.1.07.04.02.019,Interessi passivi a Consorzi di enti locali su finanziamenti a breve termine,Interessi passivi a Consorzi di enti locali su finanziamenti a breve termine. Per ulteriori dettagli sulla natura della spesa si rimanda alla relativa voce di IV livello
U.1.07.04.02.020,Interessi passivi a Fondazioni e istituzioni liriche locali e a Teatri stabili di iniziativa pubblica su finanziamenti a breve termine,Interessi passivi a Fondazioni e istituzioni liriche locali e a Teatri stabili di iniziativa pubblica su finanziamenti a breve termine. Per ulteriori dettagli sulla natura della spesa si rimanda alla relativa voce di IV livello
U.1.07.04.02.999,Interessi passivi a altre Amministrazioni Locali n.a.c. su finanziamenti a breve termine,Interessi passivi a altre Amministrazioni Locali n.a.c. su finanziamenti a breve termine. Per ulteriori dettagli sulla natura della spesa si rimanda alla relativa voce di IV livello
U.1.07.04.03.000,Interessi passivi a Enti previdenziali su finanziamenti a breve termine,Interessi corrisposti ia enti ricadenti nel settore degli enti previdenziali a seguito dei finanziamenti da questi prestati con durata uguale o inferiore all’anno
U.1.07.04.03.001,Interessi passivi a INPS su finanziamenti a breve termine,Interessi passivi a INPS su finanziamenti a breve termine. Per ulteriori dettagli sulla natura della spesa si rimanda alla relativa voce di IV livello
U.1.07.04.03.002,Interessi passivi a INAIL su finanziamenti a breve termine,Interessi passivi a INAIL su finanziamenti a breve termine. Per ulteriori dettagli sulla natura della spesa si rimanda alla relativa voce di IV livello
U.1.07.04.03.999,Interessi passivi a altri Enti di Previdenza n.a.c. su finanziamenti a breve termine,Interessi passivi a altri enti di previdenza su finanziamenti a breve termine. Per ulteriori dettagli sulla natura della spesa si rimanda alla relativa voce di IV livello
U.1.07.04.04.000,Interessi passivi a Imprese su finanziamenti a breve termine,Interessi corrisposti a imprese per aver usufruito del capitale di un terzo nella forma di finanziamenti con durata uguale o inferiore all’anno
U.1.07.04.04.001,Interessi passivi a imprese controllate su finanziamenti a breve termine,Interessi corrispostia imprese controllate per aver usufruito del capitale di un terzo nella forma di finanziamenti con durata uguale o inferiore all’anno
U.1.07.04.04.002,Interessi passivi a altre imprese partecipate su finanziamenti a breve termine,Interessi corrispostia altre imprese partecipate per aver usufruito del capitale di un terzo nella forma di finanziamenti con durata uguale o inferiore all’anno
U.1.07.04.04.003,Interessi passivi a Cassa Depositi e Prestiti - SPA su finanziamenti a breve termine,Interessi corrispostia Cassa deposito e prestiti S.p.A. per aver usufruito del capitale di un terzo nella forma di finanziamenti con durata uguale o inferiore all’anno
U.1.07.04.04.999,Interessi passivi a altre imprese su finanziamenti a breve termine,Interessi corrispostia altre imprese per aver usufruito del capitale di un terzo nella forma di finanziamenti con durata uguale o inferiore all’anno
U.1.07.04.05.000,Interessi passivi su finanziamenti a breve termine ad altri soggetti,Interessi corrisposti a altri soggetti per aver usufruito del capitale di un terzo nella forma di finanziamenti con durata uguale o inferiore all’anno
U.1.07.04.05.001,Interessi passivi su finanziamenti a breve termine ad altri soggetti,Vedi voce di IV livello
U.1.07.05.00.000,Interessi su Mutui e altri finanziamenti a medio lungo termine,"Interessi corrisposti come debitore per aver preso a prestito fondi da un terzo con durata superiore all’anno.
 
 PER IL DETTAGLIO ANAGRAFICO DELLE CATEGORIE INCLUSE IN TALE RUBRICA SI RIMANDA ALL'APPENDICE AL GLOSSARIO."
U.1.07.05.01.000,Interessi passivi ad Amministrazioni Centrali su mutui e altri finanziamenti a medio lungo termine,Interessi corrisposti a amministrazioni centrali per aver preso a prestito fondi con durata superiore all’anno
U.1.07.05.01.001,Interessi passivi a Ministeri su mutui e altri finanziamenti a medio lungo termine,Interessi passivi a Ministeri su mutui e altri finanziamenti a medio lungo termine . Per ulteriori dettagli sulla natura della spesa si rimanda alla relativa voce di IV livello
U.1.07.05.01.002,Interessi passivi a Ministero dell'Istruzione - Istituzioni scolastiche su mutui e altri finanziamenti a medio lungo termine,Interessi passivi a Ministero dell'Istruzione - Istituzioni scolastiche su mutui e altri finanziamenti a medio lungo termine . Per ulteriori dettagli sulla natura della spesa si rimanda alla relativa voce di IV livello
U.1.07.05.01.003,Interessi passivi a Presidenza del Consiglio dei Ministri su mutui e altri finanziamenti a medio lungo termine,Interessi passivi a Presidenza del Consiglio dei Ministri su mutui e altri finanziamenti a medio lungo termine . Per ulteriori dettagli sulla natura della spesa si rimanda alla relativa voce di IV livello
U.1.07.05.01.004,Interessi passivi a Organi Costituzionali e di rilievo costituzionale su mutui e altri finanziamenti a medio lungo termine,Interessi passivi a Organi Costituzionali e di rilievo costituzionale su mutui e altri finanziamenti a medio lungo termine . Per ulteriori dettagli sulla natura della spesa si rimanda alla relativa voce di IV livello
U.1.07.05.01.005,Interessi passivi a Agenzie Fiscali su mutui e altri finanziamenti a medio lungo termine,Interessi passivi a Agenzie Fiscali su mutui e altri finanziamenti a medio lungo termine . Per ulteriori dettagli sulla natura della spesa si rimanda alla relativa voce di IV livello
U.1.07.05.01.006,Interessi passivi a enti di regolazione dell'attività economica su mutui e altri finanziamenti a medio lungo termine,Interessi passivi a enti di regolazione dell'attività economica su mutui e altri finanziamenti a medio lungo termine . Per ulteriori dettagli sulla natura della spesa si rimanda alla relativa voce di IV livello
U.1.07.05.01.007,Interessi passivi a Gruppo Equitalia su mutui e altri finanziamenti a medio lungo termine,Interessi passivi a Gruppo Equitalia su mutui e altri finanziamenti a medio lungo termine . Per ulteriori dettagli sulla natura della spesa si rimanda alla relativa voce di IV livello
U.1.07.05.01.008,Interessi passivi a Anas S.p.A. su mutui e altri finanziamenti a medio lungo termine,Interessi passivi a Anas S.p.A. su mutui e altri finanziamenti a medio lungo termine . Per ulteriori dettagli sulla natura della spesa si rimanda alla relativa voce di IV livello
U.1.07.05.01.009,Interessi passivi a altri enti centrali produttori di servizi economici su mutui e altri finanziamenti a medio lungo termine,Interessi passivi a altri enti centrali produttori di servizi economici su mutui e altri finanziamenti a medio lungo termine . Per ulteriori dettagli sulla natura della spesa si rimanda alla relativa voce di IV livello
U.1.07.05.01.010,Interessi passivi a autorità amministrative indipendenti su mutui e altri finanziamenti a medio lungo termine,Interessi passivi a autorità amministrative indipendenti su mutui e altri finanziamenti a medio lungo termine . Per ulteriori dettagli sulla natura della spesa si rimanda alla relativa voce di IV livello
U.1.07.05.01.011,Interessi passivi a enti centrali a struttura associativa su mutui e altri finanziamenti a medio lungo termine,Interessi passivi a enti centrali a struttura associativa su mutui e altri finanziamenti a medio lungo termine . Per ulteriori dettagli sulla natura della spesa si rimanda alla relativa voce di IV livello
U.1.07.05.01.012,"Interessi passivi a enti centrali produttori di servizi assistenziali, ricreativi e culturali su mutui e altri finanziamenti a medio lungo termine","Interessi passivi a enti centrali produttori di servizi assistenziali, ricreativi e culturali su mutui e altri finanziamenti a medio lungo termine . Per ulteriori dettagli sulla natura della spesa si rimanda alla relativa voce di IV livello"
U.1.07.05.01.013,Interessi passivi a enti e istituzioni centrali di ricerca e Istituti e stazioni sperimentali per la ricerca su mutui e altri finanziamenti a medio lungo termine,Interessi passivi a enti e istituzioni centrali di ricerca e Istituti e stazioni sperimentali per la ricerca su mutui e altri finanziamenti a medio lungo termine . Per ulteriori dettagli sulla natura della spesa si rimanda alla relativa voce di IV livello
U.1.07.05.01.999,Interessi passivi a altre Amministrazioni Centrali n.a.c. su mutui e altri finanziamenti a medio lungo termine,Interessi passivi a altre Amministrazioni Centrali n.a.c. su mutui e altri finanziamenti a medio lungo termine . Per ulteriori dettagli sulla natura della spesa si rimanda alla relativa voce di IV livello
U.1.07.05.02.000,Interessi passivi a Amministrazioni Locali su mutui e altri finanziamenti a medio lungo termine,Interessi corrisposti a amministrazioni locali per aver preso a prestito fondi con durata superiore all’anno
U.1.07.05.02.001,Interessi passivi a Regioni e province autonome su mutui e altri finanziamenti a medio lungo termine,Interessi passivi a Regioni e province autonome su mutui e altri finanziamenti a medio lungo termine . Per ulteriori dettagli sulla natura della spesa si rimanda alla relativa voce di IV livello
U.1.07.05.02.002,Interessi passivi a Province su mutui e altri finanziamenti a medio lungo termine,Interessi passivi a Province su mutui e altri finanziamenti a medio lungo termine . Per ulteriori dettagli sulla natura della spesa si rimanda alla relativa voce di IV livello
U.1.07.05.02.003,Interessi passivi a Comuni su mutui e altri finanziamenti a medio lungo termine,Interessi passivi a Comuni su mutui e altri finanziamenti a medio lungo termine . Per ulteriori dettagli sulla natura della spesa si rimanda alla relativa voce di IV livello
U.1.07.05.02.004,Interessi passivi a Città metropolitane e Roma capitale su mutui e altri finanziamenti a medio lungo termine,Interessi passivi a Città metropolitane e Roma capitale su mutui e altri finanziamenti a medio lungo termine . Per ulteriori dettagli sulla natura della spesa si rimanda alla relativa voce di IV livello
U.1.07.05.02.005,Interessi passivi a Unioni di Comuni su mutui e altri finanziamenti a medio lungo termine,Interessi passivi a Unioni di Comuni su mutui e altri finanziamenti a medio lungo termine . Per ulteriori dettagli sulla natura della spesa si rimanda alla relativa voce di IV livello
U.1.07.05.02.006,Interessi passivi a Comunità Montane su mutui e altri finanziamenti a medio lungo termine,Interessi passivi a Comunità Montane su mutui e altri finanziamenti a medio lungo termine . Per ulteriori dettagli sulla natura della spesa si rimanda alla relativa voce di IV livello
U.1.07.05.02.007,Interessi passivi a Camere di Commercio su mutui e altri finanziamenti a medio lungo termine,Interessi passivi a Camere di Commercio su mutui e altri finanziamenti a medio lungo termine . Per ulteriori dettagli sulla natura della spesa si rimanda alla relativa voce di IV livello
U.1.07.05.02.008,Interessi passivi a Università su mutui e altri finanziamenti a medio lungo termine,Interessi passivi a Università su mutui e altri finanziamenti a medio lungo termine . Per ulteriori dettagli sulla natura della spesa si rimanda alla relativa voce di IV livello
U.1.07.05.02.009,Interessi passivi a Parchi nazionali e consorzi ed enti autonomi gestori di parchi e aree naturali protette su mutui e altri finanziamenti a medio lungo termine,Interessi passivi a Parchi nazionali e consorzi ed enti autonomi gestori di parchi e aree naturali protette su mutui e altri finanziamenti a medio lungo termine . Per ulteriori dettagli sulla natura della spesa si rimanda alla relativa voce di IV livello
U.1.07.05.02.010,Interessi passivi a Autorità Portuali su mutui e altri finanziamenti a medio lungo termine,Interessi passivi a Autorità Portuali su mutui e altri finanziamenti a medio lungo termine . Per ulteriori dettagli sulla natura della spesa si rimanda alla relativa voce di IV livello
U.1.07.05.02.011,Interessi passivi a Aziende sanitarie locali su mutui e altri finanziamenti a medio lungo termine,Interessi passivi a Aziende sanitarie locali su mutui e altri finanziamenti a medio lungo termine . Per ulteriori dettagli sulla natura della spesa si rimanda alla relativa voce di IV livello
U.1.07.05.02.012,Interessi passivi a Aziende ospedaliere e Aziende ospedaliere universitarie integrate con il SSN su mutui e altri finanziamenti a medio lungo termine,Interessi passivi a Aziende ospedaliere e Aziende ospedaliere universitarie integrate con il SSN su mutui e altri finanziamenti a medio lungo termine . Per ulteriori dettagli sulla natura della spesa si rimanda alla relativa voce di IV livello
U.1.07.05.02.013,Interessi passivi a policlinici a titolo di finanziamento del servizio sanitario nazionale su mutui e altri finanziamenti a medio lungo termine,Interessi passivi a policlinici a titolo di finanziamento del servizio sanitario nazionale su mutui e altri finanziamenti a medio lungo termine . Per ulteriori dettagli sulla natura della spesa si rimanda alla relativa voce di IV livello
U.1.07.05.02.014,Interessi passivi a policlinici su mutui e altri finanziamenti a medio lungo termine,Interessi passivi a policlinici su mutui e altri finanziamenti a medio lungo termine . Per ulteriori dettagli sulla natura della spesa si rimanda alla relativa voce di IV livello
U.1.07.05.02.015,Interessi passivi a Istituti di ricovero e cura a carattere scientifico pubblici su mutui e altri finanziamenti a medio lungo termine,Interessi passivi a Istituti di ricovero e cura a carattere scientifico pubblici su mutui e altri finanziamenti a medio lungo termine . Per ulteriori dettagli sulla natura della spesa si rimanda alla relativa voce di IV livello
U.1.07.05.02.016,Interessi passivi a altre Amministrazioni Locali produttrici di servizi sanitari su mutui e altri finanziamenti a medio lungo termine,Interessi passivi a altre Amministrazioni Locali produttrici di servizi sanitari su mutui e altri finanziamenti a medio lungo termine . Per ulteriori dettagli sulla natura della spesa si rimanda alla relativa voce di IV livello
U.1.07.05.02.017,Interessi passivi a Agenzie regionali per le erogazioni in agricoltura su mutui e altri finanziamenti a medio lungo termine,Interessi passivi a Agenzie regionali per le erogazioni in agricoltura su mutui e altri finanziamenti a medio lungo termine . Per ulteriori dettagli sulla natura della spesa si rimanda alla relativa voce di IV livello
U.1.07.05.02.018,Interessi passivi a altri enti e agenzie regionali e sub regionali su mutui e altri finanziamenti a medio lungo termine,Interessi passivi a altri enti e agenzie regionali e sub regionali su mutui e altri finanziamenti a medio lungo termine . Per ulteriori dettagli sulla natura della spesa si rimanda alla relativa voce di IV livello
U.1.07.05.02.019,Interessi passivi a Consorzi di enti locali su mutui e altri finanziamenti a medio lungo termine,Interessi passivi a Consorzi di enti locali su mutui e altri finanziamenti a medio lungo termine . Per ulteriori dettagli sulla natura della spesa si rimanda alla relativa voce di IV livello
U.1.07.05.02.020,Interessi passivi a Fondazioni e istituzioni liriche locali e a Teatri stabili di iniziativa pubblica su mutui e altri finanziamenti a medio lungo termine,Interessi passivi a Fondazioni e istituzioni liriche locali e a Teatri stabili di iniziativa pubblica su mutui e altri finanziamenti a medio lungo termine . Per ulteriori dettagli sulla natura della spesa si rimanda alla relativa voce di IV livello
U.1.07.05.02.999,Interessi passivi a altre Amministrazioni Locali n.a.c. su mutui e altri finanziamenti a medio lungo termine,Interessi passivi a altre Amministrazioni Locali n.a.c. su mutui e altri finanziamenti a medio lungo termine . Per ulteriori dettagli sulla natura della spesa si rimanda alla relativa voce di IV livello
U.1.07.05.03.000,Interessi passivi a Enti previdenziali su mutui e altri finanziamenti a medio lungo termine,Interessi corrisposti a enti previdenziali per aver preso a prestito fondi con durata superiore all’anno
U.1.07.05.03.001,Interessi passivi a INPS su mutui e altri finanziamenti a medio lungo termine,Interessi passivi a INPS su mutui e altri finanziamenti a medio lungo termine . Per ulteriori dettagli sulla natura della spesa si rimanda alla relativa voce di IV livello
U.1.07.05.03.002,Interessi passivi a INAIL su mutui e altri finanziamenti a medio lungo termine,Interessi passivi a INAIL su mutui e altri finanziamenti a medio lungo termine . Per ulteriori dettagli sulla natura della spesa si rimanda alla relativa voce di IV livello
U.1.07.05.03.999,Interessi passivi a altri Enti di Previdenza n.a.c. su mutui e altri finanziamenti a medio lungo termine,Interessi passivi a altri Enti di Previdenza n.a.c. su mutui e altri finanziamenti a medio lungo termine . Per ulteriori dettagli sulla natura della spesa si rimanda alla relativa voce di IV livello
U.1.07.05.04.000,Interessi passivi su finanziamenti a medio lungo termine a Imprese,Interessi corrisposti a imprese per aver preso a prestito fondi con durata superiore all’anno
U.1.07.05.04.001,Interessi passivi a imprese controllate su finanziamenti a medio lungo termine,Interessi corrisposti a imprese controllate per aver preso a prestito fondi da un terzo con durata superiore all’anno
U.1.07.05.04.002,Interessi passivi a altre imprese partecipate su finanziamenti a medio lungo termine,Interessi corrisposti a altre imprese partecipate per aver preso a prestito fondi da un terzo con durata superiore all’anno
U.1.07.05.04.003,Interessi passivi a Cassa Depositi e Prestiti SPA su mutui e altri finanziamenti a medio lungo termine,Interessi corrisposti a Cassa depositi e prestiti S.p.A. per aver preso a prestito fondi da un terzo con durata superiore all’anno
U.1.07.05.04.004,Interessi passivi a Cassa Depositi e Prestiti - Gestione Tesoro su mutui e altri finanziamenti a medio lungo termine,Interessi corrisposti a Cassa depositi e prestiti - Gestione Tesoro per aver preso a prestito fondi da un terzo con durata superiore all’anno
U.1.07.05.04.999,Interessi passivi a altre imprese su finanziamenti a medio lungo termine,Interessi corrisposti a altre imprese per aver preso a prestito fondi da un terzo con durata superiore all’anno
U.1.07.05.05.000,Interessi passivi su mutui e altri finanziamenti a medio lungo termine ad altri soggetti,Interessi corrisposti a altri soggetti per aver preso a prestito fondi con durata superiore all’anno
U.1.07.05.05.999,Interessi passivi su mutui e altri finanziamenti a medio lungo termine ad altri soggetti,Vedi voce di IV livello
U.1.07.05.06.000,Interessi passivi per Attualizzazione Contributi Pluriennali,Interessi corrisposti a fronte di passività derivanti dallo sconto dei contributi pluriennali da parte dei beneficiari degli stessi
U.1.07.05.06.001,Interessi passivi per Attualizzazione Contributi Pluriennali,Vedi voce di IV livello
U.1.07.06.00.000,Altri interessi passivi,"Somme dovute in qualità di debitore per aver usufruito dell’utilizzo del capitale di un terzo.
 La voce comprende le tipologie di interessi passivi non riconducibili alle voci precedenti"
U.1.07.06.01.000,Interessi su derivati,Interessi netti corrisposti a seguito dello scambio reciproco di pagamenti periodici previsti in un derivato di swap (Interest Rate Swap o Cross Currency Swap)
U.1.07.06.01.001,Flussi periodici netti in uscita,Flussi periodici netti in uscita
U.1.07.06.01.002,Importi per chiusura anticipata di operazioni in essere,Importi per chiusura anticipata di operazioni in essere
U.1.07.06.02.000,Interessi di mora,Interessi corrisposti per ritardato o omesso pagamento di quanto dovuto da parte del debitore
U.1.07.06.02.001,Interessi di mora a Amministrazioni Centrali,Interessi corrisposti per ritardato o omesso pagamento di quanto dovuto da parte del debitore a amministrazioni centrali
U.1.07.06.02.002,Interessi di mora a Amministrazioni Locali,Interessi corrisposti per ritardato o omesso pagamento di quanto dovuto da parte del debitore amministrazioni locali
U.1.07.06.02.003,Interessi di mora a Enti previdenziali,Interessi corrisposti per ritardato o omesso pagamento di quanto dovuto da parte del debitore a enti previdenziali
U.1.07.06.02.999,Interessi di mora ad altri soggetti,Interessi corrisposti per ritardato o omesso pagamento di quanto dovuto da parte del debitore a altri soggetti
U.1.07.06.03.000,Interessi su conti della tesoreria dello Stato o di altre Amministrazioni pubbliche,"Interessi corrisposti su conti della tesoreria dello Stato o di altre amministrazioni pubbliche che hanno istituito un sistema di tesoreria unica nel loro territorio, simile a quella dello Stato"
U.1.07.06.03.001,Interessi ad Amministrazioni Centrali su conti della tesoreria dello Stato o di altre Amministrazioni pubbliche,"Interessi corrisposti a amministrazioni centrali su conti della tesoreria dello Stato o di altre amministrazioni pubbliche che hanno istituito un sistema di tesoreria unica nel loro territorio, simile a quella dello Stato"
U.1.07.06.03.002,Interessi a Amministrazioni Locali su conti della tesoreria dello Stato o di altre Amministrazioni pubbliche,"Interessi corrisposti a amministrazioni locali su conti della tesoreria dello Stato o di altre amministrazioni pubbliche che hanno istituito un sistema di tesoreria unica nel loro territorio, simile a quella dello Stato"
U.1.07.06.03.003,Interessi a Enti previdenziali su conti della tesoreria dello Stato o di altre Amministrazioni pubbliche,"Interessi corrisposti a enti previdenziali su conti della tesoreria dello Stato o di altre amministrazioni pubbliche che hanno istituito un sistema di tesoreria unica nel loro territorio, simile a quella dello Stato"
U.1.07.06.03.004,Interessi a Cassa Depositi e Prestiti su conti della tesoreria dello Stato o di altre Amministrazioni pubbliche,"Interessi corrisposti a Cassa depositi e prestiti S.p.A. su conti della tesoreria dello Stato o di altre amministrazioni pubbliche che hanno istituito un sistema di tesoreria unica nel loro territorio, simile a quella dello Stato"
U.1.07.06.03.999,Interessi ad altri soggetti su conti della tesoreria dello Stato o di altre Amministrazioni pubbliche,"Interessi corrisposti a altri soggetti su conti della tesoreria dello Stato o di altre amministrazioni pubbliche che hanno istituito un sistema di tesoreria unica nel loro territorio, simile a quella dello Stato"
U.1.07.06.04.000,Interessi passivi su anticipazioni di tesoreria degli istituti tesorieri/cassieri,Interessi corrisposti su anticipazioni di tesoreria degli istituti di tesoreria cassieri
U.1.07.06.04.001,Interessi passivi su anticipazioni di tesoreria degli istituti tesorieri/cassieri,Vedi voce di IV livello
U.1.07.06.05.000,Interessi passivi su operazioni di leasing finanziario,"Interessi sul debito imputato alla pubblica amministrazione locataria a seguito di un’operazione di leasing e corrisposti tramite il versamento periodico del canone.
 Uscite corrisposte a seguito di un contratto di leasing qualora vengano di fatto trasferiti alla pubblica amministrazione i rischi ed i benefici derivanti dalla proprietà del bene del quale è locataria"
U.1.07.06.05.001,Interessi passivi su operazioni di leasing finanziario,Vedi voce di IV livello
U.1.07.06.06.000,Interessi passivi per operazioni di cartolarizzazione,"Interessi pagati per passività generate da operazioni di cartolarizzazioni eseguite dalla pubblica amministrazione o a questa imputate.
 Uscite per passività generate da operazioni di cartolarizzazioni eseguite dalla pubblica amministrazione o a questa imputate"
U.1.07.06.06.001,Interessi passivi per operazioni di cartolarizzazione,Vedi voce di IV livello
U.1.07.06.99.000,Altri interessi passivi diversi,Uscite per interessi passivi diversi non riconducibili alle voci precedenti
U.1.07.06.99.001,Altri interessi passivi a Amministrazioni Centrali,Vedi voce di IV livello
U.1.07.06.99.002,Altri interessi passivi a Amministrazioni Locali,Vedi voce di IV livello
U.1.07.06.99.003,Altri interessi passivi a Enti previdenziali,Vedi voce di IV livello
U.1.07.06.99.999,Altri interessi passivi ad altri soggetti,Vedi voce di IV livello
U.1.08.00.00.000,Altre spese per redditi da capitale,
U.1.08.02.00.000,Diritti reali di godimento e servitù onerose,"Spese riguardanti canoni, sostenute dall'Ente per il godimento di diritti reali o di servitù"
U.1.08.02.01.000,Diritti reali di godimento e servitù onerose,Vedi voce di III livello
U.1.08.02.01.001,Diritti reali di godimento e servitù onerose,Vedi voce di III livello
U.1.08.99.00.000,Altre spese per redditi da capitale n.a.c.,Spese per redditi da capitale non altrimenti classificabili nelle voci precedenti
U.1.08.99.01.000,Oneri finanziari derivanti dalla estinzione anticipata di prestiti,"In questa voce è registrata la penalità prevista contrattualmente a carico dell'ente, in caso di estinzione anticipata o di rinegoziazione e ristrutturazione di un prestito, pari alla differenza tra il il valore nominale del residuo debito e il valore attribuito al debito alla data del contratto di estinzione o rinegoziazione. Nel rispetto del principio contabile generale n. 4 dell’integrità del bilancio, la registrazione del pagamento è effettuata anche se la spesa non richiede effettivi movimenti di cassa. In tal caso il pagamento è registrato attraverso una regolazione contabile)."
U.1.08.99.01.001,Oneri finanziari derivanti dalla estinzione anticipata di prestiti,Vedi voce di IV livello
U.1.08.99.99.000,Altre spese per redditi da capitale n.a.c.,Vedi voce di III livello
U.1.08.99.99.999,Altre spese per redditi da capitale n.a.c.,Vedi voce di III livello
U.1.09.00.00.000,Rimborsi e poste correttive delle entrate,"Spese sostenute per rimborsare altri soggetti degli oneri sostenuti per conto dell'Ente. Non costituiscono rimborsi le spese sostenute per beneficiare di beni o servizi erogati all’Ente (contribuendo così, solo in parte, alla copertura del costo) da classificare come ""Acquisto di beni"" o ""Acquisto di servizi"" o le spese sostenute per rimborsare soggetti che, per conto dell'Ente, hanno erogato beni o servizi a terzi. In tal caso si è in presenza di trasferimenti a favore dei soggetti che hanno erogato i beni e i servizi, in quanto si tratta erogazioni dell'ente in assenza di controprestazione."
U.1.09.01.00.000,"Rimborsi per spese di personale (comando, distacco, fuori ruolo, convenzioni, ecc…)","Spese sostenute per rimborsare le amministrazioni di provenienza del personale impiegato presso l'Ente in posizione di comando (comprensivi anche degli oneri riflessi). Tale voce di entrata, posta ""a sistema"" con la voce di entrata riguardante i rimborsi incassati dall'ente per il proprio personale comandato, concorre a determinare la spesa di personale netta sostenuta dall'ente. Il comando è una temporanea modificazione del rapporto d’impiego, per effetto della quale l’impiegato presta la sua attività ad amministrazione diversa da quella in cui dovrebbe organicamente svolgerla."
U.1.09.01.01.000,"Rimborsi per spese di personale (comando, distacco, fuori ruolo, convenzioni, ecc…)",Vedi voce di III livello
U.1.09.01.01.001,"Rimborsi per spese di personale (comando, distacco, fuori ruolo, convenzioni, ecc…)",Vedi voce di III livello
U.1.09.02.00.000,Rimborsi di imposte in uscita,
U.1.09.02.01.000,Rimborsi di imposte e tasse di natura corrente,Spesa sostenuta dall'ente per restituire agli aventi diritto imposte non dovute o incassate in eccesso.
U.1.09.02.01.001,Rimborsi di imposte e tasse di natura corrente,Vedi voce di IV livello
U.1.09.02.02.000,Rimborsi di imposte in conto capitale in uscita,Spesa sostenuta dall'ente per restituire agli aventi diritto imposte in c/capitale non dovute o incassate in eccesso.
U.1.09.02.02.001,Rimborsi di imposte in conto capitale in uscita,Vedi voce di IV livello
U.1.09.03.00.000,Rimborsi di trasferimenti all'Unione Europea,"Spesa sostenuta per restituire all'Unione Europea i traferimenti erogati in eccesso, non utilizzati o a seguito di spese non riconosciute. La spesa è registrata anche nei casi in cui i rimborsi non sono effettivamente versati all'Unione Europea, ma sono destinati a finanziare altri investimenti dell'Ente. In tale caso il mandato emesso a fronte dell'impegno di spesa è versato in entrata del bilancio dell'Ente, con imputazione alla voce di entrata riguardante i trasferimenti dell'Unione Europea."
U.1.09.03.01.000,Rimborsi di trasferimenti all'Unione Europea,Vedi voce di III livello
U.1.09.03.01.001,Rimborsi di trasferimenti all'Unione Europea,Vedi voce di III livello
U.1.09.99.00.000,Altri Rimborsi di parte corrente di somme non dovute o incassate in eccesso,
U.1.09.99.01.000,Rimborsi di parte corrente ad Amministrazioni Centrali di somme non dovute o incassate in eccesso,"Spese sostenute nei confronti di amministrazioni centrali, per tipologie di Rimborsi di parte corrente non previste nelle altre voci del piano dei conti."
U.1.09.99.01.001,Rimborsi di parte corrente ad Amministrazioni Centrali di somme non dovute o incassate in eccesso,Vedi voce di IV livello
U.1.09.99.02.000,Rimborsi di parte corrente ad Amministrazioni Locali di somme non dovute o incassate in eccesso,"Spese sostenute nei confronti di amministrazioni locali, per tipologie di Rimborsi di parte corrente non previste nelle voci del piano dei conti."
U.1.09.99.02.001,Rimborsi di parte corrente ad Amministrazioni Locali di somme non dovute o incassate in eccesso,Vedi voce di IV livello
U.1.09.99.03.000,Rimborsi di parte corrente a Enti Previdenziali di somme non dovute o incassate in eccesso,"Spese sostenute nei confronti di enti di previdenza, per tipologie di Rimborsi di parte corrente non previste nelle voci del piano dei conti."
U.1.09.99.03.001,Rimborsi di parte corrente a Enti Previdenziali di somme non dovute o incassate in eccesso,Vedi voce di IV livello
U.1.09.99.04.000,Rimborsi di parte corrente a Famiglie di somme non dovute o incassate in eccesso,"Spese sostenute nei confronti di Famiglie, per tipologie di Rimborsi di parte corrente non previste nelle voci del piano dei conti."
U.1.09.99.04.001,Rimborsi di parte corrente a Famiglie di somme non dovute o incassate in eccesso,Vedi voce di IV livello
U.1.09.99.05.000,Rimborsi di parte corrente a Imprese di somme non dovute o incassate in eccesso,"Spese sostenute nei confronti di imprese, per tipologie di Rimborsi di parte corrente non previste nelle voci del piano dei conti."
U.1.09.99.05.001,Rimborsi di parte corrente a Imprese di somme non dovute o incassate in eccesso,Vedi voce di IV livello
U.1.09.99.06.000,Rimborsi di parte corrente a Istituzioni Sociali Private di somme non dovute o incassate in eccesso,"Spese sostenute nei confronti di Istituzioni sociali private, per tipologie di Rimborsi di parte corrente non previste nelle voci del piano dei conti."
U.1.09.99.06.001,Rimborsi di parte corrente a Istituzioni Sociali Private di somme non dovute o incassate in eccesso,Vedi voce di IV livello
U.1.10.00.00.000,Altre spese correnti,
U.1.10.03.00.000,Versamenti IVA a debito,"Spese sostenute per il versamento all'Erario del debito IVA dell'ente, risultante dall'apposita contabilità IVA regolata dalle norme fiscali e tenuta con scritture extracontbili. Nella contabilità finanziaria le operazioni dell'ente fiscalmente rilevanti sono contabilizzate al lordo di IVA, ed è oggetto di rilevazione solo la spesa per il versamento all'Erario dell'eventuale debito IVA o l'entrata corrispondente all'eventuale credito IVA."
U.1.10.03.01.000,Versamenti IVA a debito per le gestioni commerciali,Vedi voce di III livello
U.1.10.03.01.001,Versamenti IVA a debito per le gestioni commerciali,Vedi voce di III livello
U.1.10.04.00.000,Premi di assicurazione,Spese per premi di assicurazione contro i danni e altri premi di assicurazione
U.1.10.04.01.000,Premi di assicurazione contro i danni,"Importi pagati per garantirsi una copertura assicurativa contro eventi o rischi suscettibili di danneggiare cose o proprietà o di arrecare danni a persone, dovuti a cause naturali o provocati dall’uomo, quali ad esempio incendi, inondazioni, incidenti, collisioni, furti, atti di violenza, malattie, ecc., oppure contro i rischi di perdite finanziarie a seguito di malattia, disoccupazione, infortunio, ecc."
U.1.10.04.01.001,Premi di assicurazione su beni mobili,"Importi pagati per garantirsi una copertura assicurativa contro eventi o rischi suscettibili di danneggiare beni mobili, dovuti a cause naturali o provocati dall’uomo, quali ad esempio incendi, inondazioni, incidenti, collisioni, furti, atti di violenza, ecc.,"
U.1.10.04.01.002,Premi di assicurazione su beni immobili,"Importi pagati per garantirsi una copertura assicurativa contro eventi o rischi suscettibili di danneggiare beni immobili, dovuti a cause naturali o provocati dall’uomo, quali ad esempio incendi, inondazioni, incidenti, collisioni, furti, atti di violenza, ecc.,"
U.1.10.04.01.003,Premi di assicurazione per responsabilità civile verso terzi,"Importi pagati per la copertura assicurativa della responsabilità civile verso terzi che rende indenne l'assicurato di quanto questi deve pagare nel caso inn cui sia ritenuto civilmente responsabile sia per fatto proprio sia per fatto di persone delle quali debba rispondere, per danni involontariamente cagionati a terzi, in conseguenza di fatti accidentali.
 Le spese sostenute per resistere all'azione del danneggiato contro l'assicurato sono a carico dell'assicuratore nei limiti del quarto della somma assicurata. Tuttavia, nel caso che sia dovuta al danneggiato una somma superiore al capitale assicurato, le spese giudiziali si ripartiscono tra assicuratore e assicurato in proporzione del rispettivo interesse [art. 1932 codice civile]. L'assicurato, convenuto dal danneggiato, può chiamare in causa l'assicuratore [art. 1932 codice civile]"
U.1.10.04.01.999,Altri premi di assicurazione contro i danni,Altri premi di assicurazione contro i danni non classificati nelle voci precedenti
U.1.10.04.99.000,Altri premi di assicurazione n.a.c.,Altri premi di assicurazione non classificati nelle voci precedenti
U.1.10.04.99.999,Altri premi di assicurazione n.a.c.,Vedi voce di IV livello
U.1.10.05.00.000,"Spese dovute a sanzioni, risarcimenti e indennizzi",
U.1.10.05.01.000,Spese dovute a sanzioni,"Pagamenti per sanzioni inflitte a un'amministrazione pubblica da organi giurisdizionali o simili. 
 A titolo esemplificativo e non esaustivo, rientrano in tale voce: 
 - la somma di denaro dovuta dal resistente per ogni violazione o inosservanza successiva, ovvero per ogni ritardo nell’esecuzione del giudicato ai sensi dell'art. 114, comma 2, lett. e), del codice del processo amministrativo allegato al D.Lgs. 02.07.2012, n. 104;
 - la sanzione pecuniaria di cui all'art. 123, comma 1, lett. a), del codice del processo allegato al D. Lgs. 02.07.2012, n. 104."
U.1.10.05.01.001,Spese dovute a sanzioni,Vedi voce di IV livello
U.1.10.05.02.000,Spese per risarcimento danni,"Spese conseguenti alla condanna al risarcimento del danno ingiusto derivante dall'illegittimo esercizio dell'attività amministrativa, dal mancato esercizio di quella obbligatoria ovvero spese derivanti dalla condanna al risarcimento del danno da lesione di diritti soggettivi. (Art. 30 del codice del processo amministrativo allegato al D.Lgs. 02.07.2012, n. 104). 
 In particolare, la voce inerisce alle spese conseguenti alla liquidazione dell'integrale risarcimento del danno, comprensivo della perdita subita e del mancato guadagno, sia nel caso di interesse positivo che negativo. 
 Rientrano nella medesima voce, a titolo esemplificativo e non esaustivo, la liquidazione:
 - dei danni da provvedimento amministrativo illegittimo;
 - del danno ingiusto cagionato in conseguenza dell’inosservanza dolosa o colposa del termine di conclusione del procedimento amministrativo;
 - del danno da responsabilità precontrattuale;
 - danni connessi all'impossibilità o alla mancata esecuzione in forma specifica, totale o parziale, del giudicato o alla sua violazione o elusione (art. 112 del codice del processo amministrativo allegato al D.Lgs. 02. 07.2012, n. 104);
 - del danno subito e provato in caso di mancata dichiarazione di inefficacia del contratto (art. 124, comma 1, del codice del processo amministrativo allegato al D.Lgs. 02.07.2012, n. 104);
 - pregiudizio conseguente all'utilizzazione, in assenza di un valido ed efficace provvedimento di esproprio o dichiarativo della pubblica utilità, di un bene per scopi di interesse pubblico (art. 42-bis ""Testo unico sulle espropiazioni per pubblica utilità - D.P.R. 327/2001"");"
U.1.10.05.02.001,Spese per risarcimento danni,Vedi voce di IV livello
U.1.10.05.03.000,Spese per indennizzi,"A titolo esemplificativo e non esaustivo, spese da liquidazione:
 - dell' indennizzo per il pregiudizio, comprensivo soltanto delle perdite subite, conseguente ad attività lecita o legittima della P.A.. Rileva l'indennizzo da revoca, per sopravvenuti motivi di pubblico interesse, per il mutamento della situazione di fatto o per la nuova valutazione dell'interesse pubblico originario, di un provvedimento amministrativo precedentemente adottato;
 - dell'indennizzo per la diminuzione patrimoniale da arricchimento senza giusta causa."
U.1.10.05.03.001,Spese per indennizzi,Vedi voce di IV livello
U.1.10.05.04.000,Oneri da contenzioso,"Spese sostenute dall'Ente per la risoluzione, alternativa alla proposizione di una domanda in giudizio, delle controversie in atto o in potenza coinvolgenti la P.A.. A titolo meramente esemplificativo e non esaustivo, si fa riferimento alle spese da accordi transattivi (ad es., 239 del D.Lgs. 163/06), da accordi bonari ( ad es., 240 del D.Lgs. 163/06) ovvero da arbitrati (ad es. art. 241 del D.Lgs. 163/06 e art. 12 del c.p.a. allegato al D.Lgs. 02.07.2012, n. 104). Non comprende le spese legali e di intermediazione, per le quali sono previste apposite voci del piano dei conti tra gli acquisti di beni e servizi."
U.1.10.05.04.001,Oneri da contenzioso,Vedi voce di IV livello
U.1.10.05.99.000,Altre spese dovute per irregolarità e illeciti n.a.c.,Altre spese dovute per irregolarità e illeciti non altrimenti classificabili nelle voci precedenti
U.1.10.05.99.999,Altre spese dovute per irregolarità e illeciti n.a.c.,Vedi voce di IV livello
U.1.10.99.00.000,Altre spese correnti n.a.c.,Spese correnti non previste nelle altre voci del piano dei conti.
U.1.10.99.99.000,Altre spese correnti n.a.c.,Vedi voce di III livello
U.1.10.99.99.999,Altre spese correnti n.a.c.,Vedi voce di III livello
U.2.00.00.00.000,Spese in conto capitale,
U.2.01.00.00.000,Tributi in conto capitale a carico dell'ente,"Imposte percepite a intervalli irregolari, e solo saltuariamente, sul valore delle attività o del patrimonio netto posseduti dalle unità istituzionali o sul valore dei beni trasferiti tra unità istituzionali a seguito di successioni e donazioni tra vivi o altri trasferimenti.
 Comprendono le imposte a carattere non ricorrente sulle attività o sul patrimonio netto appartenenti alle amministrazioni pubbliche. Sono inclusi i contributi di miglioria, ossia i tributi sull’incremento di valore dei terreni in seguito alla modifica della loro destinazione da terreni agricoli a terreni edificabili a fini commerciali o abitativi.
 
 Le imposte sui trasferimenti in conto capitale, inerenti le imposte versate sulle successioni e sulle donazioni, gravanti sul capitale dei beneficiari, vanno contabilizzate tra le Imposte, tasse e proventi assimilati a carico dell'ente che nel Bilancio dello Stato rappresentano un entrata a carattere continuativo."
U.2.01.01.00.000,Tributi in conto capitale a carico dell'ente,Vedi voce di II livello
U.2.01.01.01.000,Tributi in conto capitale a carico dell'ente,Vedi voce di II livello
U.2.01.99.00.000,Altri tributi in conto capitale,Altri tributi in conto capitale non altrimenti classificabili nelle voci precedenti.
U.2.01.99.01.000,Altri tributi in conto capitale n.a.c.,Vedi voce di III livello
U.2.01.99.01.999,Altri tributi in conto capitale n.a.c.,Vedi voce di III livello
U.2.02.00.00.000,Investimenti fissi lordi e acquisto di terreni,"Gli investimenti fissi lordi sono costituiti dalle acquisizioni di capitale fisso tangibile o intangibile, effettuate durante un periodo di tempo determinato, di beni utilizzati per un periodo pluriennale. Vi rientrano gli incrementi di valore dei beni materiali non prodotti realizzati mediante l'attività produttiva delle unità di produzione o istituzionali e tutte le spese strettamente finalizzate all'acquisizione e alla realizzazione dell'investimento, quali gli incarici professionali per direzione lavori. esprori, spese notarili, e tutte le spese contenute nel quadro economico di progetto, incluse le forme di incentivazione per il personale dell’Amministrazione aggiudicatrice e gli oneri riflessi. Considerato che i compensi a titolo di incentivo alla progettazione devono essere erogati al personale utilizzando gli appositi codici di spesa previsti per la psesa di personale, al fine di compensare la duplicazione di registrazione contabile, a fronte degli impegni registrati sulla presente voce di spesa riguardante gli incentivi del personale è emesso un ordine di pagamento versato in entrata al proprio bilancio, al codice E.3.05.99.02.000 ""Fondi incentivanti il personale (legge Merloni). La quota del ""Fondo per la progettazione e l'innovazione risorse finanziarie"" previsto dall'articolo 93, comma 7-bis, della legge n. 109/1994 destinata, ai sensi del comma 7-quater della citata normativa, all'acquisto da parte dell'ente di beni, strumentazioni e tecnologie funzionali a progetti di innovazione, di implementazione delle banche dati per il controllo e il miglioramento della capacità di spesa per centri di costo nonché all'ammodernamento e all'accrescimento dell'efficienza dell'ente e dei servizi ai cittadini, è utilizzata incrementando gli appositi stanziamenti riguardanti le specifiche voci di spesa interessate, in quanto sui ""Fondi"" non è possibile assumere impegni e pagare.
 
 Il capitale fisso consiste dei beni materiali o immateriali che rappresentano il prodotto dei processi di produzione, i quali sono utilizzati più volte o continuamente nei processi di produzione per più di un anno.
 In particolare sono da considerarsi investimenti fissi lordi: 
 a) l'acquisto, la costruzione, la ristrutturazione e la manutenzione straordinaria di fabbricati, residenziali e non residenziali, e di altri beni immobili; 
 b) la costruzione, la demolizione, la ristrutturazione, il recupero e la manutenzione straordinaria di opere e impianti; 
 c) l'acquisto di impianti, macchinari, attrezzature tecnico-scientifiche, mezzi di trasporto e altri beni materiali ad utilizzo pluriennale; 
 d) gli oneri per beni immateriali ad utilizzo pluriennale; 
 e) gli interventi contenuti in programmi generali relativi a piani urbanistici attuativi, esecutivi, dichiarati di preminente interesse regionale aventi finalità pubblica volti al recupero e alla valorizzazione del territorio.
 
 Le voci vanno incluse nel piano patrimoniale alle correlate voce di immobilizzazioni (categoria 1.2)"
U.2.02.01.00.000,Beni materiali,"Acquisizioni di capitale fisso tangibile, effettuate durante un periodo di tempo determinato, di beni utilizzati per un periodo pluriennale."
U.2.02.01.01.000,"Mezzi di trasporto ad uso civile, di sicurezza e ordine pubblico","Spesa per l'acquisizione di mezzi di trasporto, compresa la manutenzione straordinaria (diretta a ripristinare o aumentare il valore originario del bene). Sono da includere in questa voce anche le spese per i mezzi di trasporto di carabinieri, polizia ecc. (inclusi anche i veicoli corazzati) utilizzati per sicurezza e ordine pubblico."
U.2.02.01.01.001,Mezzi di trasporto stradali,"Spese per l'acquisizione dei veicoli che possono essere usati per trasportare persone o cose via terra (autovetture, motociclette, furgoni, volanti, camion autobus, blindati, rimorchi ecc.), compresi i mezzi di trasporto terrestri attrezzati per usi specifici (autombulanze, veicoli anti incendio ecc.)"
U.2.02.01.01.002,Mezzi di trasporto aerei,"Spese per l'acquisizione dei veicoli che possono essere usati per trasportare persone o cose via aerea (aerei, elicotteri, ecc.), compresi i mezzi di trasporto aerei attrezzati per usi specifici (elioambulanze ecc)."
U.2.02.01.01.003,Mezzi di trasporto per vie d'acqua,"Spese per l'acquisizione di navi e imbarcazioni che possono essere usati per trasportare persone o cose via acqua (navi, motovedette, cisterne, sommergibili, ecc.), compresi i mezzi di trasporto navali attrezzati per usi specifici (draghe, rimorchiatori ecc.)"
U.2.02.01.01.999,"Mezzi di trasporto ad uso civile, di sicurezza e ordine pubblico n.a.c.","Spese per l'aquisto di mezzi di trasporto ad uso civile, di sicurezza e ordine pubblico non altrimenti classificabili nelle voci precedenti."
U.2.02.01.03.000,Mobili e arredi,"Spesa per l'acquisto di mobili e arredi destinati ad uffici o ad alloggi e pertinenze, compresa la manutenzione straordinaria (diretta a ripristinare o aumentare il valore originario del bene)."
U.2.02.01.03.001,Mobili e arredi per ufficio,"Spesa per l'acquisto di mobili e arredi destinati a locali adibiti ad uffici, compresi gli spazi di ricevimento del pubblico o a locali di rappresentanza (scrivanie, sedie, poltrone, armadi classificatori, cassettiere, aste portabandiere, armadi blindati, casseforti, librerie, ecc.)"
U.2.02.01.03.002,Mobili e arredi per alloggi e pertinenze,"Spese relative ad oggetti per l’arredamento di ambienti destinati ad alloggio, ristorazione e rappresentanza, mense (letti, materassi, cuscini, piccoli elettrodomestici, servizi completi di: argenteria, posateria e vasellame, biliardi, pendole, etc.);"
U.2.02.01.03.003,Mobili e arredi per laboratori,"Spese relative ad oggetti per l’arredamento di ambienti destinati a laboratori, ad esclusioni delle attrezzature scientifiche e sanitarie che sebbene possano essere utilizzate nell'ambito dei laboratori vanno classificate nella specifica voce ""Attrezzature"" (U.2.02.01.05.000);"
U.2.02.01.03.999,Mobili e arredi n.a.c.,"Spesa per l'acquisto di mobili e arredi non altrimenti classificabili nelle voci precedenti. Tra queste vi rientrano quelle per arredamento di ambienti destinati allo svolgimento di particolari attività (arredi per officine, laboratori - fotografici, di falegnameria, chimici, linguistici - sale prova e collaudo, tipografie, sale cinematografiche, centri sportivi, centrali telefoniche, sale per visite mediche, centrali operative, aule, parchi pubblici, etc.);"
U.2.02.01.04.000,Impianti e macchinari,"Spese per l'acquisizione di impianti e macchinari, compresa la manutenzione straordinaria, (diretta a ripristinare o aumentare il valore originario del bene). 
 Vi rientrano gli impianti e i macchinari necessari allo svolgimento di una attività (impianti, macchinari per officine, laboratori - fotografici, di falegnameria, chimici, linguistici, etc.-, sale prova e collaudo, tipografie, sale cinematografiche, archivi, mense, centri sportivi, centrali telefoniche, sale per visite mediche, centrali operative, aule, etc.).
 Sono da escludere le spese per l'acquisto di piccoli utensili non costosi impiegati per operazioni semplici (seghe, martelli, cacciaviti ecc.), anche se acquistati in grandi quantità, che devono invece essere incluse tra le spese per acquisto di beni di consumo."
U.2.02.01.04.001,Macchinari,"Complesso delle macchine necessarie allo svolgimento delle attività, comprese le fotocopiatrici, fax, distributori automatici, etc.;"
U.2.02.01.04.002,Impianti,"Spese per l'acquisizione di strutture artificiali fisse, costruite per scopi tecnici complessi (infrastrutture)"
U.2.02.01.05.000,Attrezzature,Attrezzature
U.2.02.01.05.001,Attrezzature scientifiche,Spese per l'acquisizione di attrezzature scientifiche
U.2.02.01.05.002,Attrezzature sanitarie,Spese per l'acquisizione di attrezzature sanitarie
U.2.02.01.05.999,Attrezzature n.a.c.,Spese per l'acquisizione di attrezzature non altrimenti classificate
U.2.02.01.06.000,Macchine per ufficio,"Spese per l'acquisizione di beni in dotazione agli uffici per lo svolgimento e l'automazione di compiti specifici (fotocopiatrici, macchine per la rilegatura ecc.), compresa la manutenzione straordinaria (diretta a ripristinare o aumentare il valore originario del bene)."
U.2.02.01.06.001,Macchine per ufficio,Vedi voce di IV livello
U.2.02.01.07.000,Hardware,"Apparati di informatica e telecomunicazioni (server, postazioni di lavoro, periferiche, apparati di telecomunicazioni, ecc.) oltre che software di base per il loro funzionamento"
U.2.02.01.07.001,Server,"Mainframe, host, sistemi midrange e dipartimentali, ecc. comprensivi del software di base necessario per il loro funzionamento (es. sistema operativo)"
U.2.02.01.07.002,Postazioni di lavoro,"Personal computer, terminali, ecc. comprensivi delle periferiche di base (tastiera, mouse) e del software di base necessario per il loro funzionamento"
U.2.02.01.07.003,Periferiche,"Stampanti, scanner, sosttosistemi a disco, librerie robotizzate"
U.2.02.01.07.004,Apparati di telecomunicazione,"Router, switch, radar, ecc. comprensivi del software di base necessario per il loro funzionamento"
U.2.02.01.07.005,Tablet e dispositivi di telefonia fissa e mobile,"Tablet, dispositivi di telefonia fissa e mobile, lettori multimediali. Non rientrano in tale voce i router che vanno classificati all'interno della voce ""Apparati di telecomunicazione"""
U.2.02.01.07.999,Hardware n.a.c.,Apparati di informatica e telecomunicazioni non compresi nelle voci precedenti
U.2.02.01.08.000,Armi,
U.2.02.01.08.001,Armi leggere ad uso civile e per ordine pubblico e sicurezza,Spese per l'acquisizione di armi leggere dei corpi di polizia e di sicurezza e in generale utilizzate per compiti di salvaguaridia dell'ordine pubblico e sicurezza.
U.2.02.01.08.999,Armi n.a.c.,Spese per armi non altrimenti classificabili nelle voci precedenti.
U.2.02.01.09.000,Beni immobili,
U.2.02.01.09.001,Fabbricati ad uso abitativo,"Spese sostenute per l'acquisizione, la realizzazione e la manutenzione straordinaria (diretta a ripristinare o aumentare il valore originario) di costruzioni in muratura destinate ad uso abitativo (uffici o abitazioni del personale, case popolari, etc.);"
U.2.02.01.09.002,Fabbricati ad uso commerciale,"Spese sostenute per l'acquisizione, la realizzazione e la manutenzione straordinaria (diretta a ripristinare o aumentare il valore originario) di costruzioni in muratura destinate ad uso commerciale"
U.2.02.01.09.003,Fabbricati ad uso scolastico,"Spese sostenute per l'acquisizione, la realizzazione e la manutenzione straordinaria (diretta a ripristinare o aumentare il valore originario) di costruzioni in muratura destinate ad uso scolastico"
U.2.02.01.09.004,Fabbricati industriali e costruzioni leggere,"Spese sostenute per l'acquisizione, la realizzazione e la manutenzione straordinaria (diretta a ripristinare o aumentare il valore originario) di costruzioni in muratura destinate ad uso industriale e costruzioni secondarie (centrali elettriche, industrie, inceneritori ecc.)"
U.2.02.01.09.005,Fabbricati rurali,"Spese sostenute per l'acquisizione, la realizzazione e la manutenzione straordinaria (diretta a ripristinare o aumentare il valore originario) di costruzioni in muratura che si trovano in siti rurali destinate ad uso agricolo o di allevamento"
U.2.02.01.09.007,Fabbricati Ospedalieri e altre strutture sanitarie,"Spese sostenute per l'acquisizione, la realizzazione e la manutenzione straordinaria (diretta a ripristinare o aumentare il valore originario) di costruzioni in muratura destinate ad uso sanitario."
U.2.02.01.09.008,Opere destinate al culto,"Spese sostenute per l'acquisizione, la realizzazione e la manutenzione straordinaria (diretta a ripristinare o aumentare il valore originario) di costruzioni in muratura destinate ad essere luoghi di culto (es.: chiese, moschee sinagoghe ecc.)"
U.2.02.01.09.009,Infrastrutture telematiche,"Acquisizione, realizzazione e manutenzione straordinaria (diretta a ripristinare o aumentare il valore originario) di infrastrutture destinate al supporto di componenti di telecomunicazioni (es: cablaggi, impianti per postazioni radio, ecc.)"
U.2.02.01.09.010,Infrastrutture idrauliche,"Spese sostenute per l'acquisizione, la realizzazione e la manutenzione straordinaria (diretta a ripristinare o aumentare il valore originario) di beni volti alla regolamentazione dei corsi d'acqua e al suo corretto deflusso (dighe, argini, sistemazione corsi d'acqua, canali di irrigazione, acquedotti fognature, ecc.)"
U.2.02.01.09.011,Infrastrutture portuali e aeroportuali,"Spese sostenute per l'acquisizione, la realizzazione e la manutenzione straordinaria (diretta a ripristinare o aumentare il valore originario) di beni che permettono il funzionamento di porti e aeroporti (porti, moli, banchine, darsene, escavazioni, fari, fanali, aeroporti, torri di controllo, ecc.)."
U.2.02.01.09.012,Infrastrutture stradali,"Spese sostenute per l'acquisizione, la realizzazione e la manutenzione straordinaria (diretta a ripristinare o aumentare il valore originario) di infrastrutture volte al collegamento di diversi punti del territorio che consentono lo svolgimento del traffico su strada (autostrade, strade, strade urbane, altri passaggi per veicoli e pedoni, ecc.)"
U.2.02.01.09.013,Altre vie di comunicazione,"Spese sostenute per l'acquisizione, la realizzazione e la manutenzione straordinaria (diretta a ripristinare o aumentare il valore originario) di opere volte al collegamento di diversi punti del territorio che consentono lo svolgimento del traffico non stradale (linee ferroviarie e metropolitane)."
U.2.02.01.09.014,Opere per la sistemazione del suolo,"Spese sostenute per l'acquisizione, la realizzazione e la manutenzione straordinaria (diretta a ripristinare o aumentare il valore originario) di interventi di assetto del territorio (bonifiche, recinzioni aree protette, rimboschimenti, ecc.)"
U.2.02.01.09.015,Cimiteri,Spese sostenute per la realizzazione e la manutenzione straordinaria (diretta a ripristinare o aumentare il valore originario) di opere cimiteriali.
U.2.02.01.09.016,Impianti sportivi,"Spese sostenute per l'acquisizione, la realizzazione e la manutenzione straordinaria (diretta a ripristinare o aumentare il valore originario) di infrastrutture utili all'espletamento di attività sportive (stadi, piscine, terreni sportivi ecc.)"
U.2.02.01.09.017,Fabbricati destinati ad asili nido,"Spese sostenute per l'acquisizione, la realizzazione e la manutenzione straordinaria (diretta a ripristinare o aumentare il valore originario) di costruzioni in muratura destinate ad asili nido"
U.2.02.01.09.018,"Musei, teatri e biblioteche","Spese sostenute per l'acquisizione, la realizzazione e la manutenzione straordinaria (diretta a ripristinare o aumentare il valore originario) di costruzioni in muratura destinate ad accogliere musei teatri e biblioteche"
U.2.02.01.09.019,Fabbricati ad uso strumentale,"Spese sostenute per l'acquisizione, la realizzazione e la manutenzione straordinaria (diretta a ripristinare o aumentare il valore originario) di costruzioni in muratura destinate ad uso istituzionale (edifici pubblici, carceri, ambasciate ecc.)"
U.2.02.01.09.999,Beni immobili n.a.c.,Spese sostenute per l'acquisizione di beni immobili non altrimenti classificabili nelle voci precedenti.
U.2.02.01.10.000,"Beni immobili di valore culturale, storico ed artistico","Spesa per l'acquisizione o per la manutenzione straordinaria volta a realizzare miglioramenti di rilievo alle opere di riconosciuto interesse culturale storico ed artistico secondo quanto disciplinato dall’art. 2, comma 1, lettera a), del testo unico recante disposizioni legislative in materia di beni culturali ed ambientali, approvato con D.Lgs. 29 ottobre 1999, n. 490. Questa voce include opere di valore culturale, storico, archeologico ed artistico (edifici di valore artistico, scavi, biblioteche, musei, teatri, chiese, case in cui hanno vissuto personaggi famosi, fontane, obelischi, ecc.)."
U.2.02.01.10.001,"Fabbricati ad uso abitativo di valore culturale, storico ed artistico","Spese sostenute per l'acquisizione, la realizzazione e la manutenzione straordinaria (diretta a ripristinare o aumentare il valore originario) di costruzioni in muratura destinate ad uso abitativo di riconosciuto valore culturale, storico ed artistico"
U.2.02.01.10.002,"Fabbricati ad uso commerciale di valore culturale, storico ed artistico","Spese sostenute per l'acquisizione, la realizzazione e la manutenzione straordinaria (diretta a ripristinare o aumentare il valore originario) di costruzioni in muratura destinate ad uso commerciale di riconosciuto valore culturale, storico ed artistico"
U.2.02.01.10.003,"Fabbricati ad uso scolastico di valore culturale, storico ed artistico","Spese sostenute per l'acquisizione, la realizzazione e la manutenzione straordinaria (diretta a ripristinare o aumentare il valore originario) di costruzioni in muratura destinate ad uso scolastico di riconosciuto valore culturale, storico ed artistico"
U.2.02.01.10.004,"Opere destinate al culto di valore culturale, storico ed artistico","Spese sostenute per l'acquisizione, la realizzazione e la manutenzione straordinaria (diretta a ripristinare o aumentare il valore originario) di costruzioni in muratura destinate ad essere luoghi di culto (es.: chiese, moschee sinagoghe ecc.) di riconosciuto valore culturale, storico ed artistico"
U.2.02.01.10.005,"Siti archeologici di valore culturale, storico ed artistico","Spese sostenute per l'acquisizione, la realizzazione e la manutenzione straordinaria (diretta a ripristinare o aumentare il valore originario) di siti archeologici di interesse storico, culturale ed artistico."
U.2.02.01.10.006,"Cimiteri di valore culturale, storico ed artistico","Spese sostenute per l'acquisizione, la realizzazione e la manutenzione straordinaria (diretta a ripristinare o aumentare il valore originario) di opere cimiteriali di riconosciuto valore culturale storico ed artistico"
U.2.02.01.10.007,"Impianti sportivi di valore culturale, storico ed artistico","Spese sostenute per l'acquisizione, la realizzazione e la manutenzione straordinaria (diretta a ripristinare o aumentare il valore originario) di Musei teatri e biblioteche non classificabili nell'analoga categoria nell'ambito dei beni immobili in quanto di riconosciuto valore culturale, storico ed artistico"
U.2.02.01.10.008,"Musei, teatri e biblioteche di valore culturale, storico ed artistico","Spese sostenute per l'acquisizione, la realizzazione e la manutenzione straordinaria (diretta a ripristinare o aumentare il valore originario) di infrastrutture utili all'espletamento di attività sportive (stadi, piscine, terreni sportivi ecc.) di riconosciuto valore culturale storico ed artistico"
U.2.02.01.10.009,"Fabbricati ad uso strumentale di valore culturale, storico ed artistico","Spese sostenute per l'acquisizione, la realizzazione e la manutenzione straordinaria (diretta a ripristinare o aumentare il valore originario) di costruzioni in muratura destinate ad uso istituzionale (edifici pubblici, carceri, ambasciate ecc.) di riconosciuto valore culturale, storico ed artistico"
U.2.02.01.10.999,"Beni immobili di valore culturale, storico ed artistico n.a.c.","Spese sostenute per l'acquisizione di beni immobili di valore culturale, storico ed artisticonon altrimenti classificabili nelle voci precedenti."
U.2.02.01.11.000,Oggetti di valore,"Spese per l'acquisizione di oggetti di valore culturale storico archeologico ed artistico quali oggetti di antiquariato, gioielli, pietre preziose, oro non monetario e altri metalli, quadri, statue, raccolte discografiche, articoli di antiquariato ed altre opere d'arte."
U.2.02.01.11.001,Oggetti di valore,Vedi voce di IV livello
U.2.02.01.99.000,Altri beni materiali,
U.2.02.01.99.001,Materiale bibliografico,"Spese per l'acquisto di libri, pubblicazioni, materiale multimediale di valore tale da essere suscettibile, economicamente, di ammortamento. Deve trattarsi di acquisti di universalità di beni, o di beni di particolare valore. mentre la singola vendita viene ricompresa nella voce vendita di altri beni di consumo tra gli acquisti di beni e servizi"
U.2.02.01.99.002,Strumenti musicali,Spese per l'acquisto di strumenti musicali.
U.2.02.01.99.999,Altri beni materiali diversi,Spese per l'acquisto di altri beni materiali non altrimenti classificabili nelle voci precedenti.
U.2.02.02.00.000,Terreni e beni materiali non prodotti,"Spese per l'acquisizione di terreni, compresa la copertura del suolo nonché le relative acque di superficie, su cui sono esercitati diritti di proprietà. Rientrano in tale rubrica anche le spese di investimento su beni del patrimonio naturale non prodotto.
 
 Sono esclusi i fabbricati o le altre opere costruiti su di essi o che li attraversano, le coltivazioni, gli alberi e gli animali, i giacimenti, le risorse biologiche non coltivate e le risorse idriche non superficiali. Sono altresì escluse le spese legali di esproprio da includere tra le spese per acquisto di servizi."
U.2.02.02.01.000,Terreni,"Spese per l'acquisizione di terreni, compresa la copertura del suolo nonché le relative acque di superficie, su cui sono esercitati diritti di proprietà. Sono esclusi i fabbricati o le altre opere costruiti su di essi o che li attraversano, le coltivazioni, gli alberi e gli animali, i giacimenti, le risorse biologiche non coltivate e le risorse idriche non superficiali. Sono altresì escluse le spese legali di esproprio da includere tra le spese per acquisto di servizi."
U.2.02.02.01.001,Terreni agricoli,"Spese per l'acquisizione di terreni agricoli ovvero terreni sui quali viene svolta, a fini commerciali o di sussitenza, un' attività di produzione agricola o orticola, in linea di principio, i terreni a fruttetto, a vigneto ed altre coltivazioni"
U.2.02.02.01.002,Terreni edificabili,"Spese per l'acquisizione di terreni edificabili, ovvero terreni destinati alla edificabilità in base agli strumenti urbanistici generali o attuativi (es. piani regolatori)."
U.2.02.02.01.999,Altri terreni n.a.c.,Spese per l'acquisto di terreni non altrimenti classificabili nelle voci precedenti.
U.2.02.02.02.000,Patrimonio naturale non prodotto,Spese di investimento su beni del patrimonio naturale non prodotto
U.2.02.02.02.001,Demanio marittimo,"Spese di investimento su beni del patrimonio demaniale marittimo al cui interno rientrano: a) il lido, la spiaggia, i porti, le rade; b) le lagune, le foci dei fiumi che sboccano in mare, i bacini di acqua salsa o salmastra che almeno una parte dellanno comunicano col mare; c) i canali utilizzabili ad uso pubblico marittimo. Rientrano in tale spese anche quelle sostenute per le fasce di terreno limitrofe.
 
 Non vanno contabilizzate in tali voci le spese sostenute da terzi su beni demaniali, quali le spese straordinarie sulle banchine effettuate dalle autorità portuali, da classificarsi all'interno della specifica categoria ""Manutenzione straordinaria su beni demaniali di terzi"" (U.2.02.03.06.001)"
U.2.02.02.02.002,Demanio idrico,"Spese di investimento su beni del patrimonio demaniale idrico costituiti da fiumi, torrenti e laghi. Tutti e tre, al pari del demanio marittimo, non comprendono esclusivamente lo specchio d'acqua ma anche le fasce di terreno limitrofe"
U.2.02.02.02.003,Foreste,Spese di investimento su beni del patrimonio forestale e dei terreni forestali
U.2.02.02.02.004,Giacimenti,"Spese di investimento sostenute su giacimenti minerari o di combustibili fossili (carbone, petrolio o gas naturale)"
U.2.02.02.02.005,Fauna,Spese per azioni a sostegno e tutela della fauna all'interno di un'area di interesse naturalistico (es. incremento fauna selvatica e ripristino degli equilibri naturali).
U.2.02.02.02.006,Flora,Spese sostenute per la protezione dell'ambiente o finalizzati a garantire o ripristinare le condizioni ottimali per la conservazione di specie ed habitat (es. attività di rimboschimento di aree di particolare interesse naturalistico).
U.2.02.03.00.000,Beni immateriali,"Acquisizioni di capitale fisso intangibile, effettuate durante un periodo di tempo determinato, di beni utilizzati per un periodo pluriennale."
U.2.02.03.01.000,Avviamento,"Spese per l'acquisto dell'avviamento da un terzo, inteso come differenziale tra l'esborso monetario inerente il prezzo di aquisto e il valore di carico nei libri contabili dell'ente acquirente attribuito alle partecipazioni."
U.2.02.03.01.001,Avviamento,Vedi voce di IV livello
U.2.02.03.02.000,Software,"Spese sostenute per:
 
 Sviluppo software e manutenzione evolutiva: progettazione, realizzazione, collaudo, installazione e avviamento presso l’ente di software sviluppato ad hoc o di software pre-esistente e reingegnerizzato. La voce comprende attività per la personalizzazione di software applicativo già in dotazione dell’ente (manutenzione evolutiva) o sviluppato per conto di altra unità organizzativa e riutilizzato (riuso).
 Acquisto software, riguardante l'acquisto di pacchetti software disponibili sul mercato"
U.2.02.03.02.001,Sviluppo software e manutenzione evolutiva,"Progettazione, realizzazione, collaudo, installazione e avviamento presso l’ente di software sviluppato ad hoc o di software pre-esistente e reingegnerizzato. La voce comprende attività per la personalizzazione di software applicativo già in dotazione dell’ente (manutenzione evolutiva) o sviluppato per conto di altra unità organizzativa e riutilizzato (riuso)."
U.2.02.03.02.002,Acquisto software,Acquisto di pacchetti software disponibili sul mercato
U.2.02.03.03.000,Brevetti,"Spese per l'utilizzo esclusivo di invenzioni, brevetti o proprietà intellettuali"
U.2.02.03.03.001,Brevetti,Vedi voce di IV livello
U.2.02.03.04.000,Opere dell'ingegno e Diritti d'autore,"Spese per l'acquisizione di originali di opere artistiche letterarie e di intrattenimento (manoscritti, interpretazioni, modelli, film, registrazioni sonore ecc.). Sono ricomprese anche le spese relative al riconoscimento all’autore di opere riconducibili, tra le altre, alla letteratura, alla musica, alle arti figurative, all’architettura, al teatro e alla cinematografia.
 Vanno escluse le spese per l'acquisizione di invenzioni industriali da contabilizzarsi alla voce ""Brevetti""."
U.2.02.03.04.001,Opere dell'ingegno e Diritti d'autore,Vedi voce di IV livello
U.2.02.03.05.000,Incarichi professionali per la realizzazione di investimenti,"Spese per incarichi di progettazioni o consulenze assegnate a professionisti esterni direttamente collegabili con l'investimento (onorari e commissioni riconosciute a professionisti quali agrimensori, ingegneri, avvocati, periti ecc.)"
U.2.02.03.05.001,Incarichi professionali per la realizzazione di investimenti,Vedi voce di IV livello
U.2.02.03.06.000,Manutenzione straordinaria su beni di terzi,Spese per l'acquisto di altri beni immateriali non altrimenti classificabili nelle voci precedenti.
U.2.02.03.06.001,Manutenzione straordinaria su beni demaniali di terzi,Vedi voce di IV livello
U.2.02.03.06.999,Manutenzione straordinaria su altri beni di terzi,Vedi voce di IV livello
U.2.02.03.99.000,Spese di investimento per beni immateriali n.a.c.,Spese per l'acquisto di altri beni immateriali non altrimenti classificabili nelle voci precedenti.
U.2.02.03.99.001,Spese di investimento per beni immateriali n.a.c.,Vedi voce di IV livello
U.2.02.04.00.000,Beni materiali acquisiti mediante operazioni di leasing finanziario,"Spese per l'acquisizione mediante operazioni di leasing finanziario. 
 
 Operazione mediante la quale il locatario acquisisce il diritto di utilizzare un bene durevole in cambio della corresponsione di un numero prestabilito di canoni periodici su un lungo periodo e in cui tutti i rischi e i vantaggi della proprietà sono trasferiti dal locatore al locatario. In questa voce deve essere computato il valore del bene e non il singolo canone periodico."
U.2.02.04.01.000,"Mezzi di trasporto ad uso civile, di sicurezza e ordine pubblico acquisiti mediante operazioni di leasing finanziario","Spesa per l'acquisizione mediante operazioni di leasing finanziario di mezzi di trasporto ad uso civile, di sicurezza e ordine pubblico, compresa la manutenzione straordinaria, diretta a ripristinare o aumentare il valore originario del bene."
U.2.02.04.01.001,Mezzi di trasporto stradali acquisiti mediante operazioni di leasing finanziario,"Spese per l'acquisizione mediante operazioni di leasing finanziario dei veicoli che possono essere usati per trasportare persone o cose via terra (autovetture, motociclette, furgoni, volanti, camion autobus, blindati, rimorchi ecc.), compresi i mezzi di trasporto terrestri attrezzati per usi specifici (autombulanze, veicoli anti incendio ecc.)"
U.2.02.04.01.002,Mezzi di trasporto aerei acquisiti mediante operazioni di leasing finanziario,"Spese per l'acquisizione mediante operazioni di leasing finanziario dei veicoli che possono essere usati per trasportare persone o cose via aerea (aerei, elicotteri, ecc.), compresi i mezzi di trasporto aerei attrezzati per usi specifici (elioambulanze ecc)."
U.2.02.04.01.003,Mezzi di trasporto per vie d'acqua acquisiti mediante operazioni di leasing finanziario,"Spese per l'acquisizione mediante operazioni di leasing finanziario di navi e imbarcazioni che possono essere usati per trasportare persone o cose via acqua (navi, motovedette, cisterne, sommergibili, ecc.), compresi i mezzi di trasporto navali attrezzati per usi specifici (draghe, rimorchiatori ecc.)"
U.2.02.04.01.999,Spese di investimento per mezzi di trasporto n.a.c. acquisiti mediante operazioni di leasing finanziario,Spese di investimento per mezzi di trasporto n.a.c. acquisiti mediante operazioni di leasing finanziario
U.2.02.04.03.000,Mobili e arredi acquisiti mediante operazioni di leasing finanziario,"Spesa per l'acquisto mediante operazioni di leasing finanziario di mobili e arredi destinati ad uffici o ad alloggi e pertinenze, compresa la manutenzione straordinaria, diretta a ripristinare o aumentare il valore originario del bene."
U.2.02.04.03.001,Mobili e arredi per ufficio acquisiti mediante operazioni di leasing finanziario,Mobili e arredi per ufficio acquisiti mediante operazioni di leasing finanziario
U.2.02.04.03.002,Mobili e arredi per alloggi e pertinenze acquisiti mediante operazioni di leasing finanziario,Mobili e arredi per alloggi e pertinenze acquisiti mediante operazioni di leasing finanziario
U.2.02.04.03.999,Spese di investimento per mobili e arredi n.a.c. acquisiti mediante operazioni di leasing finanziario,Spese di investimento per mobili e arredi n.a.c. acquisiti mediante operazioni di leasing finanziario
U.2.02.04.04.000,Impianti e macchinari acquisiti mediante operazioni di leasing finanziario,"Spese per l'acquisizione mediante operazioni di leasing finanziario di impianti e macchinari, compresa la manutenzione straordinaria, diretta a ripristinare o aumentare il valore originario del bene. 
 
 Sono da escludere le spese per l'acquisto di piccoli utensili non costosi impiegati per operazioni semplici (seghe, martelli, cacciaviti ecc.), anche se acquistati in grandi quantità, che devono invece essere incluse tra le spese per acquisto di beni di consumo."
U.2.02.04.04.001,Macchinari diversi acquisiti mediante operazioni di leasing finanziario,Macchinari diversi acquisiti mediante operazioni di leasing finanziario
U.2.02.04.04.002,Impianti acquisiti mediante operazioni di leasing finanziario,Impianti acquisiti mediante operazioni di leasing finanziario
U.2.02.04.05.000,Attrezzature acquisite mediante operazioni di leasing finanziario,"Spese per l'acquisizione mediante operazioni di leasing finanziario di attrezzature scientifiche, sanitarie e di altre attrezzature, compresa la manutenzione straordinaria, diretta a ripristinare o aumentare il valore originario del bene. 
 
 Sono da escludere le spese per l'acquisto di piccoli utensili non costosi impiegati per operazioni semplici (seghe, martelli, cacciaviti ecc.), anche se acquistati in grandi quantità, che devono invece essere incluse tra le spese per acquisto di beni di consumo."
U.2.02.04.05.001,Attrezzature scientifiche acquisite mediante operazioni di leasing finanziario,"Spese per l'acquisizione mediante operazioni di leasing finanziario di apparati per le telecomunicazioni (apparecchi trasmittenti radiotelevisivi, telecamere, apparecchi telefonici, antenne e riflettori di antenne, apparecchi elettrici di avvertimento per la protezione contro il furto o l’incendio ed apparecchi simili ecc.), compresa la manutenzione straordinaria (diretta a ripristinare o aumentare il valore originario del bene)."
U.2.02.04.05.002,Attrezzature sanitarie acquisite mediante operazioni di leasing finanziario,Spese per l'acquisizione mediante operazioni di leasing finanziario di attrezzature scientifiche
U.2.02.04.05.999,Attrezzature diverse acquisite mediante operazioni di leasing finanziario,Spese per l'acquisizione mediante operazioni di leasing finanziario di attrezzature sanitarie
U.2.02.04.06.000,Macchine per ufficio acquisite mediante operazioni di leasing finanziario,"Spese per l'acquisto mediante operazioni di leasing finanziario di beni in dotazione agli uffici per lo svolgimento e l'automazione di compiti specifici (fotocopiatrici, macchine per la rilegatura ecc.), compresa la manutenzione straordinaria (diretta a ripristinare o aumentare il valore originario del bene)."
U.2.02.04.06.001,Macchine per ufficio acquisite mediante operazioni di leasing finanziario,Vedi voce di IV livello
U.2.02.04.07.000,Hardware acquisito mediante operazioni di leasing finanziario,"Apparati di informatica e telecomunicazioni (server, postazioni di lavoro, periferiche, apparati di telecomunicazioni, ecc.) oltre che software di base per il loro funzionamento acquisiti mediante operazioni di leasing finanziario"
U.2.02.04.07.001,Server acquisiti mediante operazioni di leasing finanziario,"Mainframe, host, sistemi midrange e dipartimentali, ecc. comprensivi del software di base necessario per il loro funzionamento (es. sistema operativo) acquisiti mediante operazioni di leasing finanziario"
U.2.02.04.07.002,Postazioni di lavoro acquisite mediante operazioni di leasing finanziario,"Personal computer, terminali, ecc. comprensivi delle periferiche di base (tastiera, mouse) e del software di base necessario per il loro funzionamento acquisiti mediante operazioni di leasing finanziario"
U.2.02.04.07.003,Periferiche acquisite mediante operazioni di leasing finanziario,"Stampanti, scanner, sosttosistemi a disco, librerie robotizzate acquisiti mediante operazioni di leasing finanziario"
U.2.02.04.07.004,Apparati di telecomunicazione acquisiti mediante operazioni di leasing finanziario,"Router, switch, radar, ecc. comprensivi del software di base necessario per il loro funzionamento acquisiti mediante operazioni di leasing finanziario"
U.2.02.04.07.999,Hardware n.a.c. acquisito mediante operazioni di leasing finanziario,Apparati di informatica e telecomunicazioni non compresi nelle voci precedenti acquisiti mediante operazioni di leasing finanziario
U.2.02.04.08.000,Armi acquisite mediante operazioni di leasing finanziario,Armi acquisite mediante operazioni di leasing finanziario
U.2.02.04.08.001,Armi leggere ad uso civile e per ordine pubblico e sicurezza acquisite mediante operazioni di leasing finanziario,Spese per l'acquisizione mediante operazioni di leasing finanziario di armi leggere dei corpi di polizia e di sicurezza e in generale utilizzate per compiti di salvaguaridia dell'ordine pubblico e sicurezza.
U.2.02.04.08.999,Altre armi acquisite mediante operazioni di leasing finanziario,Altre armi acquisite mediante operazioni di leasing finanziario
U.2.02.04.09.000,Beni immobili acquisiti mediante operazioni di leasing finanziario,Beni immobili acquisiti mediante operazioni di leasing finanziario. Per dettagli sulla natura di un operazione di leasing finanziario vedi voce di III livello
U.2.02.04.09.001,Fabbricati ad uso abitativo acquisiti mediante operazioni di leasing finanziario,Fabbricati ad uso abitativo acquisiti mediante operazioni di leasing finanziario. Per dettagli sulla natura di un operazione di leasing finanziario vedi voce di III livello
U.2.02.04.09.002,Fabbricati ad uso commerciale acquisiti mediante operazioni di leasing finanziario,Fabbricati ad uso commerciale acquisiti mediante operazioni di leasing finanziario. Per dettagli sulla natura di un operazione di leasing finanziario vedi voce di III livello
U.2.02.04.09.003,Fabbricati ad uso scolastico acquisiti mediante operazioni di leasing finanziario,Fabbricati ad uso scolastico acquisiti mediante operazioni di leasing finanziario. Per dettagli sulla natura di un operazione di leasing finanziario vedi voce di III livello
U.2.02.04.09.004,Fabbricati industriali e costruzioni leggere acquisiti mediante operazioni di leasing finanziario,Fabbricati industriali e costruzioni leggere acquisiti mediante operazioni di leasing finanziario. Per dettagli sulla natura di un operazione di leasing finanziario vedi voce di III livello
U.2.02.04.09.005,Fabbricati rurali acquisiti mediante operazioni di leasing finanziario,Fabbricati rurali acquisiti mediante operazioni di leasing finanziario. Per dettagli sulla natura di un operazione di leasing finanziario vedi voce di III livello
U.2.02.04.09.006,Fabbricati Ospedalieri e altre strutture sanitarie acquisiti mediante operazioni di leasing finanziario,Fabbricati Ospedalieri e altre strutture sanitarie acquisiti mediante operazioni di leasing finanziario. Per dettagli sulla natura di un operazione di leasing finanziario vedi voce di III livello
U.2.02.04.09.007,Infrastrutture telematiche acquisite mediante operazioni di leasing finanziario,Infrastrutture telematiche acquisite mediante operazioni di leasing finanziario. Per dettagli sulla natura di un operazione di leasing finanziario vedi voce di III livello
U.2.02.04.09.008,Infrastrutture idrauliche acquisite mediante operazioni di leasing finanziario,Infrastrutture idrauliche acquisite mediante operazioni di leasing finanziario. Per dettagli sulla natura di un operazione di leasing finanziario vedi voce di III livello
U.2.02.04.09.009,Infrastrutture portuali e aeroportuali acquisite mediante operazioni di leasing finanziario,Infrastrutture portuali e aeroportuali acquisite mediante operazioni di leasing finanziario. Per dettagli sulla natura di un operazione di leasing finanziario vedi voce di III livello
U.2.02.04.09.010,Infrastrutture stradali acquisite mediante operazioni di leasing finanziario,Infrastrutture stradali acquisite mediante operazioni di leasing finanziario. Per dettagli sulla natura di un operazione di leasing finanziario vedi voce di III livello
U.2.02.04.09.011,Altre vie di comunicazione acquisite mediante operazioni di leasing finanziario,Altre vie di comunicazione acquisite mediante operazioni di leasing finanziario. Per dettagli sulla natura di un operazione di leasing finanziario vedi voce di III livello
U.2.02.04.09.012,Opere per la sistemazione del suolo acquisite mediante operazioni di leasing finanziario,Opere per la sistemazione del suolo acquisite mediante operazioni di leasing finanziario. Per dettagli sulla natura di un operazione di leasing finanziario vedi voce di III livello
U.2.02.04.09.013,Impianti sportivi acquisiti mediante operazioni di leasing finanziario,Impianti sportivi acquisiti mediante operazioni di leasing finanziario. Per dettagli sulla natura di un operazione di leasing finanziario vedi voce di III livello
U.2.02.04.09.014,Fabbricati ad uso strumentale acquisiti mediante operazioni di leasing finanziario,Fabbricati ad uso istituzionale acquisiti mediante operazioni di leasing finanziario. Per dettagli sulla natura di un operazione di leasing finanziario vedi voce di III livello
U.2.02.04.09.999,Beni immobili n.a.c. acquisiti mediante operazioni di leasing finanziario,Beni immobili n.a.c. acquisiti mediante operazioni di leasing finanziario. Per dettagli sulla natura di un operazione di leasing finanziario vedi voce di III livello
U.2.02.04.10.000,Oggetti di valore acquisiti mediante operazioni di leasing finanziario,Oggetti di valore acquisiti mediante operazioni di leasing finanziario. Per dettagli sulla natura di un operazione di leasing finanziario vedi voce di III livello
U.2.02.04.10.001,Oggetti di valore acquisiti mediante operazioni di leasing finanziario,Vedi voce di IV livello
U.2.02.04.99.000,Altri beni materiali acquisiti mediante operazioni di leasing finanziario,Altri beni materiali acquisiti mediante operazioni di leasing finanziario. Per dettagli sulla natura di un operazione di leasing finanziario vedi voce di III livello
U.2.02.04.99.001,Materiale bibliografico acquisito mediante operazioni di leasing finanziario,Materiale bibliografico acquisito mediante operazioni di leasing finanziario. Per dettagli sulla natura di un operazione di leasing finanziario vedi voce di III livello
U.2.02.04.99.002,Strumenti musicali acquisiti mediante operazioni di leasing finanziario,Strumenti musicali acquisiti mediante operazioni di leasing finanziario. Per dettagli sulla natura di un operazione di leasing finanziario vedi voce di III livello
U.2.02.04.99.999,Beni materiali n.a.c. acquisiti operazioni di leasing finanziario,Beni materiali n.a.c. acquisiti operazioni di leasing finanziario. Per dettagli sulla natura di un operazione di leasing finanziario vedi voce di III livello
U.2.02.05.00.000,Terreni e beni materiali non prodotti acquisiti mediante operazioni di leasing finanziario,Terreni e beni materiali non prodotti acquisiti mediante operazioni di leasing finanziario
U.2.02.05.01.000,Terreni acquisiti mediante operazioni di leasing finanziario,Spese per l'acquisizione di terreni mediante operazioni di leasing finanziario di terreni. Sono escluse da questa voce le spese legali di esproprio da includere tra le spese per acquisto di servizi.
U.2.02.05.01.001,Terreni agricoli acquisiti mediante operazioni di leasing finanziario,Terreni agricoli acquisiti mediante operazioni di leasing finanziario. Per dettagli sulla natura di un operazione di leasing finanziario vedi voce di III livello
U.2.02.05.01.002,Terreni edificabili acquisiti mediante operazioni di leasing finanziario,Terreni edificabili acquisiti mediante operazioni di leasing finanziario. Per dettagli sulla natura di un operazione di leasing finanziario vedi voce di III livello
U.2.02.05.01.999,Altri terreni acquisiti mediante operazioni di leasing finanziario,Altri terreni acquisiti mediante operazioni di leasing finanziario. Per dettagli sulla natura di un operazione di leasing finanziario vedi voce di III livello
U.2.02.06.00.000,Beni immateriali acquisiti mediante operazioni di leasing finanziario,Beni immateriali acquisiti mediante operazioni di leasing finanziario
U.2.02.06.01.000,Software acquisito mediante operazioni di leasing finanziario,"Spese per l'acquisto mediante operazioni di leasing finanziario di prodotti software proprietari, o loro manutenzione evolutiva. Viene ricompresa nella voce anche la spesa anticipata per l'acquisto di licenze d'uso per più annualità."
U.2.02.06.01.001,Software acquisito mediante operazioni di leasing finanziario,Vedi voce di IV livello
U.2.02.06.02.000,Brevetti acquisiti mediante operazioni di leasing finanziario,"Spese mediante operazioni di leasing finanziario per l' utilizzo esclusivo di invenzioni, brevetti o proprietà intellettuali"
U.2.02.06.02.001,Brevetti acquisiti mediante operazioni di leasing finanziario,Vedi voce di IV livello
U.2.02.06.03.000,Opere dell'ingegno e Diritti d'autore acquisiti mediante operazioni di leasing finanziario,"Spese l'acquisizione di orginali di opere artistiche letterarie e di intrattenimento (manoscritti, interpretazioni, modelli, film registrazioni sonore ecc.)"
U.2.02.06.03.001,Opere dell'ingegno e Diritti d'autore acquisiti mediante operazioni di leasing finanziario,Vedi voce di IV livello
U.2.02.06.99.000,Beni immateriali n.a.c. acquisiti mediante operazioni di leasing finanziario,Beni immateriali n.a.c. acquisiti mediante operazioni di leasing finanziario. Per dettagli sulla natura di un operazione di leasing finanziario vedi voce di III livello
U.2.02.06.99.999,Beni immateriali n.a.c. acquisiti mediante operazioni di leasing finanziario,Vedi voce di IV livello
U.2.03.00.00.000,Contributi agli investimenti,"I contributi agli investimenti sono i trasferimenti in conto capitale, in denaro o in natura, concessi allo scopo di finanziare in tutto o in parte le spese per le acquisizioni di capitale fisso (investimenti fissi lordi e acquisizioni di terreni) da parte dell'amministrazione.
 
 Per contributi agli investimenti in natura si intendono i trasferimenti di mezzi di trasporto, impianti o altri macchinari operati dalle amministrazioni pubbliche a favore di altre unità residenti o non residenti, nonché la messa a disposizione di unità residenti o non residenti di fabbricati o di altre opere.
 
 I contributi agli investimenti ad amministrazioni pubbliche comprendono tutti i versamenti effettuati ai sottosettori delle amministrazioni pubbliche allo scopo di finanziare operazioni di investimento. Il caso più importante è costituito dai trasferimenti effettuati dalle amministrazioni centrali a favore delle amministrazioni locali, aventi per oggetto specifico il finanziamento di investimenti fissi o i trasferimenti erogati all’interno dello stesso settore delle Amministrazioni locali tra i diversi livelli di governo del territorio sempre a titolo di finanziamento delle loro spese di investimento. Sono inclusi nei contributi agli investimenti sia i versamenti in una unica soluzione destinati a finanziare gli investimenti nello stesso periodo, sia i versamenti rateali relativi a investimenti realizzati nel corso di un periodo precedente.
 
 Nel caso dei contributi agli investimenti al settore delle famiglie, essi comprendono, tra gli altri, i premi erogati alle famiglie per la costruzione, l'acquisto e la ristrutturazione di abitazioni.
 
 I contributi agli investimenti alle imprese comprendono, oltre ai contributi concessi alle imprese private per finanziare spese di investimento, anche gli eventuali apporti di capitale a favore delle imprese pubbliche con personalità giuridica, solo nel caso in cui le amministrazioni pubbliche che effettuano i conferimenti non conservano un credito nei confronti delle imprese pubbliche beneficiarie.
 
 Gli investimenti concessi al resto del mondo sono anch'essi relativi ai trasferimenti aventi per oggetto specifico il finanziamento di operazioni di investimento. Essi concernono, per esempio, i versamenti a fondo perduto concessi per la costruzione di ponti, strade, fabbriche, ospedali o scuole nei paesi in via di sviluppo o per la costruzione di fabbricati destinati alle organizzazioni internazionali.
 
 I contributi agli investimenti si differenziano dai trasferimenti correnti poiché implicano l'acquisto o la cessione di una o più attività da parte di almeno una delle parti che intervengono nell'operazione. Essi comportartano quindi una corrispondente variazione delle attività finanziarie o non finanziarie indicate nei conti patrimoniali di una o di entrambe le parti che intervengono nell'operazione.
 
 Non rientrano in tale rubrica i trasferimenti straordinari non finalizzati alla realizzazione di opere di investimento ricadenti nella categoria degli altri trasferimenti in conto capitale.
 Al V livello si dettagliano i trasferimenti correnti in entrata con separata evidenza dell'ente erogatore delle risorse."
U.2.03.01.00.000,Contributi agli investimenti a Amministrazioni pubbliche,"I contributi agli investimenti ad amministrazioni pubbliche comprendono tutti i trasferimenti in conto capitale, in denaro o in natura, concessi ai sottosettori delle amministrazioni pubbliche allo scopo di finanziare operazioni di investimento. Il caso più importante è costituito dai trasferimenti effettuati dalle amministrazioni centrali a favore delle amministrazioni locali, aventi per oggetto specifico il finanziamento di investimenti fissi o i trasferimenti erogati all’interno dello stesso settore delle Amministrazioni locali tra i diversi livelli di governo del territorio sempre a titolo di finanziamento delle loro spese di investimento. 
 
 PER IL DETTAGLIO ANAGRAFICO DELLE CATEGORIE INCLUSE IN TALE RUBRICA SI RIMANDA ALL'APPENDICE AL GLOSSARIO."
U.2.03.01.01.000,Contributi agli investimenti a Amministrazioni Centrali,I contributi agli investimenti alle amministrazioni rientranti nel sottosettore delle amministrazioni centrali comprendono tutti i versamenti a queste effettuate allo scopo di finanziare operazioni di investimento.
U.2.03.01.01.001,Contributi agli investimenti a Ministeri,Contributi agli investimenti a Ministeri. Per ulteriori dettagli sulla natura del trasferimento si rimanda alle voci di I e II livello
U.2.03.01.01.002,Contributi agli investimenti a Ministero dell'Istruzione - Istituzioni scolastiche,Contributi agli investimenti a Ministero dell'Istruzione - Istituzioni scolastiche. Per ulteriori dettagli sulla natura del trasferimento si rimanda alle voci di I e II livello
U.2.03.01.01.003,Contributi agli investimenti a Presidenza del Consiglio dei Ministri,Contributi agli investimenti a Presidenza del Consiglio dei Ministri. Per ulteriori dettagli sulla natura del trasferimento si rimanda alle voci di I e II livello
U.2.03.01.01.004,Contributi agli investimenti a Organi Costituzionali e di rilievo costituzionale,Contributi agli investimenti a Organi Costituzionali e di rilievo costituzionale. Per ulteriori dettagli sulla natura del trasferimento si rimanda alle voci di I e II livello
U.2.03.01.01.005,Contributi agli investimenti a Agenzie Fiscali,Contributi agli investimenti a Agenzie Fiscali. Per ulteriori dettagli sulla natura del trasferimento si rimanda alle voci di I e II livello
U.2.03.01.01.006,Contributi agli investimenti a enti di regolazione dell'attività economica,Contributi agli investimenti a enti di regolazione dell'attività economica. Per ulteriori dettagli sulla natura del trasferimento si rimanda alle voci di I e II livello
U.2.03.01.01.007,Contributi agli investimenti a Gruppo Equitalia,Contributi agli investimenti a Gruppo Equitalia. Per ulteriori dettagli sulla natura del trasferimento si rimanda alle voci di I e II livello
U.2.03.01.01.008,Contributi agli investimenti a Anas S.p.A.,Contributi agli investimenti a Anas S.p.A.. Per ulteriori dettagli sulla natura del trasferimento si rimanda alle voci di I e II livello
U.2.03.01.01.009,Contributi agli investimenti ad altri enti centrali produttori di servizi economici,Contributi agli investimenti ad altri enti centrali produttori di servizi economici. Per ulteriori dettagli sulla natura del trasferimento si rimanda alle voci di I e II livello
U.2.03.01.01.010,Contributi agli investimenti a autorità amministrative indipendenti,Contributi agli investimenti a autorità amministrative indipendenti. Per ulteriori dettagli sulla natura del trasferimento si rimanda alle voci di I e II livello
U.2.03.01.01.011,Contributi agli investimenti a enti centrali a struttura associativa,Contributi agli investimenti a enti centrali a struttura associativa. Per ulteriori dettagli sulla natura del trasferimento si rimanda alle voci di I e II livello
U.2.03.01.01.012,"Contributi agli investimenti a enti centrali produttori di servizi assistenziali, ricreativi e culturali","Contributi agli investimenti a enti centrali produttori di servizi assistenziali, ricreativi e culturali. Per ulteriori dettagli sulla natura del trasferimento si rimanda alle voci di I e II livello"
U.2.03.01.01.013,Contributi agli investimenti a enti e istituzioni centrali di ricerca e Istituti e stazioni sperimentali per la ricerca,Contributi agli investimenti a enti e istituzioni centrali di ricerca e Istituti e stazioni sperimentali per la ricerca. Per ulteriori dettagli sulla natura del trasferimento si rimanda alle voci di I e II livello
U.2.03.01.01.999,Contributi agli investimenti a altre Amministrazioni Centrali n.a.c.,Contributi agli investimenti a altre Amministrazioni Centrali n.a.c.. Per ulteriori dettagli sulla natura del trasferimento si rimanda alle voci di I e II livello
U.2.03.01.02.000,Contributi agli investimenti a Amministrazioni Locali,I contributi agli investimenti alle amministrazioni rientranti nel sottosettore delle amministrazioni locali comprendono tutti i versamenti a queste effettuate allo scopo di finanziare operazioni di investimento.
U.2.03.01.02.001,Contributi agli investimenti a Regioni e province autonome,Contributi agli investimenti a Regioni e province autonome. Per ulteriori dettagli sulla natura del trasferimento si rimanda alle voci di I e II livello
U.2.03.01.02.002,Contributi agli investimenti a Province,Contributi agli investimenti a Province. Per ulteriori dettagli sulla natura del trasferimento si rimanda alle voci di I e II livello
U.2.03.01.02.003,Contributi agli investimenti a Comuni,Contributi agli investimenti a Comuni. Per ulteriori dettagli sulla natura del trasferimento si rimanda alle voci di I e II livello
U.2.03.01.02.004,Contributi agli investimenti a Città metropolitane e Roma capitale,Contributi agli investimenti a Città metropolitane e Roma capitale. Per ulteriori dettagli sulla natura del trasferimento si rimanda alle voci di I e II livello
U.2.03.01.02.005,Contributi agli investimenti a Unioni di Comuni,Contributi agli investimenti a Unioni di Comuni. Per ulteriori dettagli sulla natura del trasferimento si rimanda alle voci di I e II livello
U.2.03.01.02.006,Contributi agli investimenti a Comunità Montane,Contributi agli investimenti a Comunità Montane. Per ulteriori dettagli sulla natura del trasferimento si rimanda alle voci di I e II livello
U.2.03.01.02.007,Contributi agli investimenti a Camere di Commercio,Contributi agli investimenti a Camere di Commercio. Per ulteriori dettagli sulla natura del trasferimento si rimanda alle voci di I e II livello
U.2.03.01.02.008,Contributi agli investimenti a Università,Contributi agli investimenti a Università. Per ulteriori dettagli sulla natura del trasferimento si rimanda alle voci di I e II livello
U.2.03.01.02.009,Contributi agli investimenti a Parchi nazionali e consorzi ed enti autonomi gestori di parchi e aree naturali protette,Contributi agli investimenti a Parchi nazionali e consorzi ed enti autonomi gestori di parchi e aree naturali protette. Per ulteriori dettagli sulla natura del trasferimento si rimanda alle voci di I e II livello
U.2.03.01.02.010,Contributi agli investimenti a Autorità Portuali,Contributi agli investimenti a Autorità Portuali. Per ulteriori dettagli sulla natura del trasferimento si rimanda alle voci di I e II livello
U.2.03.01.02.011,Contributi agli investimenti a Aziende sanitarie locali,Contributi agli investimenti a Aziende sanitarie locali . Per ulteriori dettagli sulla natura del trasferimento si rimanda alle voci di I e II livello
U.2.03.01.02.023,"Contributi agli investimenti, finanziati dallo Stato ai sensi dell'art. 20 della legge 67/1988, a Aziende sanitarie locali","Contributi agli investimenti, finanziati dallo Stato ai sensi dell'art. 20 della legge 67/1988, a Aziende sanitarie locali . Per ulteriori dettagli sulla natura del trasferimento si rimanda alle voci di I e II livello"
U.2.03.01.02.012,Contributi agli investimenti a Aziende ospedaliere e Aziende ospedaliere universitarie integrate con il SSN,Contributi agli investimenti a Aziende ospedaliere e Aziende ospedaliere universitarie integrate con il SSN. Per ulteriori dettagli sulla natura del trasferimento si rimanda alle voci di I e II livello
U.2.03.01.02.028,"Contributi agli investimenti, finanziati dallo Stato ai sensi dell'art. 20 della legge 67/1988, a Aziende ospedaliere e Aziende ospedaliere universitarie integrate con il SSN","Contributi agli investimenti, finanziati dallo Stato ai sensi dell'art. 20 della legge 67/1988, a Aziende ospedaliere e Aziende ospedaliere universitarie integrate con il SSN. Per ulteriori dettagli sulla natura del trasferimento si rimanda alle voci di I e II livello"
U.2.03.01.02.013,Contributi agli investimenti a policlinici,Contributi agli investimenti a policlinici. Per ulteriori dettagli sulla natura del trasferimento si rimanda alle voci di I e II livello
U.2.03.01.02.014,Contributi agli investimenti a Istituti di ricovero e cura a carattere scientifico pubblici,Contributi agli investimenti a Istituti di ricovero e cura a carattere scientifico pubblici. Per ulteriori dettagli sulla natura del trasferimento si rimanda alle voci di I e II livello
U.2.03.01.02.036,"Contributi agli investimenti, finanziati dallo Stato ai sensi dell'art. 20 della legge 67/1988, a Istituti di ricovero e cura a carattere scientifico pubblici","Contributi agli investimenti, finanziati dallo Stato ai sensi dell'art. 20 della legge 67/1988, a Istituti di ricovero e cura a carattere scientifico pubblici. Per ulteriori dettagli sulla natura del trasferimento si rimanda alle voci di I e II livello"
U.2.03.01.02.015,Contributi agli investimenti a altre Amministrazioni Locali produttrici di servizi sanitari,Contributi agli investimenti a altre Amministrazioni Locali produttrici di servizi sanitari. Per ulteriori dettagli sulla natura del trasferimento si rimanda alle voci di I e II livello
U.2.03.01.02.016,Contributi agli investimenti a Agenzie regionali per le erogazioni in agricoltura,Contributi agli investimenti a Agenzie regionali per le erogazioni in agricoltura. Per ulteriori dettagli sulla natura del trasferimento si rimanda alle voci di I e II livello
U.2.03.01.02.017,Contributi agli investimenti a altri enti e agenzie regionali e sub regionali,Contributi agli investimenti a altri enti e agenzie regionali e sub regionali. Per ulteriori dettagli sulla natura del trasferimento si rimanda alle voci di I e II livello
U.2.03.01.02.018,Contributi agli investimenti a Consorzi di enti locali,Contributi agli investimenti a Consorzi di enti locali. Per ulteriori dettagli sulla natura del trasferimento si rimanda alle voci di I e II livello
U.2.03.01.02.019,Contributi agli investimenti a Fondazioni e istituzioni liriche locali e a Teatri stabili di iniziativa pubblica,Contributi agli investimenti a Fondazioni e istituzioni liriche locali e a Teatri stabili di iniziativa pubblica. Per ulteriori dettagli sulla natura del trasferimento si rimanda alle voci di I e II livello
U.2.03.01.02.999,Contributi agli investimenti a altre Amministrazioni Locali n.a.c.,Contributi agli investimenti a altre Amministrazioni Locali n.a.c.. Per ulteriori dettagli sulla natura del trasferimento si rimanda alle voci di I e II livello
U.2.03.01.03.000,Contributi agli investimenti a Enti di Previdenza,I contributi agli investimenti alle amministrazioni rientranti nel sottosettore degli enti di previdenza comprendono tutti i versamenti a queste effettuate allo scopo di finanziare operazioni di investimento.
U.2.03.01.03.001,Contributi agli investimenti a INPS,Contributi agli investimenti a INPS. Per ulteriori dettagli sulla natura del trasferimento si rimanda alle voci di I e II livello
U.2.03.01.03.002,Contributi agli investimenti a INAIL,Contributi agli investimenti a INAIL. Per ulteriori dettagli sulla natura del trasferimento si rimanda alle voci di I e II livello
U.2.03.01.03.999,Contributi agli investimenti a altri Enti di Previdenza n.a.c.,Contributi agli investimenti a altri Enti di Previdenza n.a.c.. Per ulteriori dettagli sulla natura del trasferimento si rimanda alle voci di I e II livello
U.2.03.01.04.000,Contributi agli investimenti interni a organismi interni e/o unità locali della amministrazione,Contributi agli investimenti interni a organismi interni e/o unità locali della amministrazione
U.2.03.01.04.001,Contributi agli investimenti interni ad organismi interni e/o unità locali della amministrazione,Vedi voce di IV livello
U.2.03.02.00.000,Contributi agli investimenti a Famiglie,"I contributi agli investimenti alle famiglie comprendono tutti i trasferimenti in conto capitale, in denaro o in natura, concessi allo scopo di finanziare operazioni di investimento.
 
 Comprendono, tra gli altri,i premi erogati alle famiglie per la costruzione, l'acquisto e la ristrutturazione di abitazioni."
U.2.03.02.01.000,Contributi agli investimenti a Famiglie,Vedi voce di III livello
U.2.03.02.01.001,Contributi agli investimenti a Famiglie,Vedi voce di III livello
U.2.03.03.00.000,Contributi agli investimenti a Imprese,"I contributi agli investimenti alle imprese comprendono tutti i trasferimenti in conto capitale, in denaro o in natura, concessi allo scopo di finanziare operazioni di investimento.
 
 I contributi agli investimenti alle imprese comprendono, oltre ai contributi concessi alle imprese private per finanziare spese di investimento, anche gli eventuali apporti di capitale a favore delle imprese pubbliche con personalità giuridica, solo nel caso in cui le amministrazioni pubbliche che effettuano i conferimenti non conservano un credito nei confronti delle imprese pubbliche beneficiarie."
U.2.03.03.01.000,Contributi agli investimenti a imprese controllate,"I contributi agli investimenti alle imprese controllate tutti i trasferimenti in conto capitale, in denaro o in natura, concessi allo scopo di finanziare operazioni di investimento."
U.2.03.03.01.001,Contributi agli investimenti a imprese controllate,Vedi voce di IV livello
U.2.03.03.02.000,Contributi agli investimenti a altre imprese partecipate,"I contributi agli investimenti alle imprese partecipate tutti i trasferimenti in conto capitale, in denaro o in natura, concessi allo scopo di finanziare operazioni di investimento."
U.2.03.03.02.001,Contributi agli investimenti a altre imprese partecipate,Vedi voce di IV livello
U.2.03.03.03.000,Contributi agli investimenti a altre Imprese,"I contributi agli investimenti alle altre imprese partecipate tutti i trasferimenti in conto capitale, in denaro o in natura, concessi allo scopo di finanziare operazioni di investimento."
U.2.03.03.03.999,Contributi agli investimenti a altre Imprese,Vedi voce di IV livello
U.2.03.04.00.000,Contributi agli investimenti a Istituzioni Sociali Private,I contributi agli investimenti concessi alle ISP sono relativi ai trasferimenti aventi per oggetto specifico il finanziamento di operazioni di investimento.
U.2.03.04.01.000,Contributi agli investimenti a Istituzioni Sociali Private,Vedi voce di III livello
U.2.03.04.01.001,Contributi agli investimenti a Istituzioni Sociali Private,Vedi voce di III livello
U.2.03.05.00.000,Contributi agli investimenti all'Unione Europea e al Resto del Mondo,"I contributi agli investimenti concessi all'Unione europea e al resto del mondo sono relativi ai trasferimenti aventi per oggetto specifico il finanziamento di operazioni di investimento. Essi concernono, per esempio, i versamenti a fondo perduto per la costruzione di ponti, strade, fabbriche, ospedali o scuole nei paesi in via di sviluppo o per la costruzione di fabbricati destinati alle organizzazioni internazionali."
U.2.03.05.01.000,Contributi agli investimenti all'Unione Europea,"I contributi agli investimenti concessi all'Unione europea sono relativi ai trasferimenti aventi per oggetto specifico il finanziamento di operazioni di investimento. Essi concernono, per esempio, i versamenti a fondo perduto per la costruzione di ponti, strade, fabbriche, ospedali o scuole nei paesi in via di sviluppo o per la costruzione di fabbricati destinati alle organizzazioni internazionali."
U.2.03.05.01.001,Contributi agli investimenti all'Unione Europea,Vedi voce di IV livello
U.2.03.05.02.000,Contributi agli investimenti al Resto del Mondo,"I contributi agli investimenti concessi al resto del mondo sono relativi ai trasferimenti aventi per oggetto specifico il finanziamento di operazioni di investimento. Essi concernono, per esempio, i versamenti a fondo perduto per la costruzione di ponti, strade, fabbriche, ospedali o scuole nei paesi in via di sviluppo o per la costruzione di fabbricati destinati alle organizzazioni internazionali."
U.2.03.05.02.001,Contributi agli investimenti al Resto del Mondo,Vedi voce di IV livello
U.2.04.00.00.000,Altri trasferimenti in conto capitale,"Gli altri trasferimenti in conto capitale comprendono tutte le operazioni di trasferimento, ad eccezione dei contributi agli investimenti e dalle imposte in conto capitale, che operano una redistribuzione non già del reddito, bensì del risparmio o della ricchezza tra i diversi settori o sottosettori dell’economia o con il resto del mondo. Possono essere in denaro o in natura (assunzione o cancellazione di debiti) e corrispondono a trasferimenti volontari di ricchezza.
 
  trasferimenti in conto capitale includono i trasferimenti non già ricompresi nei contributi agli investimenti e relativi alle seguenti voci:
 - trasferimenti in conto capitale per assunzione di debiti; 
 - trasferimenti in conto capitale per cancellazione di crediti;
 - trasferimenti in conto capitale per escussione di garanzie;
 - trasferimenti in conto capitale per ripiano disavanzi pregressi;
 - altri trasferimenti in conto capitale non già ricompresi nelle precedenti voci"
U.2.04.01.00.000,Altri trasferimenti in conto capitale per assunzione di debiti di amministrazioni pubbliche,"Per assunzione di debito si intende il subentro ad un altro soggetto nelle obbligazioni relative ad una passività finanziaria già in essere a carico di quest’ultimo (mutuo, finanziamento, obbligazione, ecc.). .
 All’assunzione di debito non corrispondono movimenti finanziari tra il debitore subentrante e quello originario ma solo la modifica della titolarità di determinati valori patrimoniali: il bilancio registra pertanto un’imputazione pari al valore del capitale residuo alla data dell’assunzione.
 Si registra pertanto tra le spese dell’amministrazione un trasferimento in conto capitale a favore del soggetto beneficiario dell’assunzione di debito che, per questa specifica voce del piano dei conti, è un’altra amministrazione pubblica. 
 I successivi versamenti effettuati dall’amministrazione saranno ripartiti tra rimborso prestiti e interessi passivi, sulla base dell’ammontare della quota capitale e della quota interessi.
 
 PER IL DETTAGLIO ANAGRAFICO DELLE CATEGORIE INCLUSE IN TALE RUBRICA SI RIMANDA ALL'APPENDICE AL GLOSSARIO."
U.2.04.01.01.000,Altri trasferimenti in conto capitale per assunzione di debiti di Amministrazioni Centrali,Altri trasferimenti in conto capitale per assunzione di debiti di Amministrazioni Centrali. Per ulteriori dettagli sulla natura del trasferimento si rimanda alla voce di III livello
U.2.04.01.01.001,Altri trasferimenti in conto capitale per assunzione di debiti di Ministeri,Altri trasferimenti in conto capitale per assunzione di debiti di Ministeri. Per ulteriori dettagli sulla natura del trasferimento si rimanda alla voce di III livello
U.2.04.01.01.003,Altri trasferimenti in conto capitale per assunzione di debiti di Presidenza del Consiglio dei Ministri,Altri trasferimenti in conto capitale per assunzione di debiti di Presidenza del Consiglio dei Ministri. Per ulteriori dettagli sulla natura del trasferimento si rimanda alla voce di III livello
U.2.04.01.01.004,Altri trasferimenti in conto capitale per assunzione di debiti di Organi Costituzionali e di rilievo costituzionale,Altri trasferimenti in conto capitale per assunzione di debiti di Organi Costituzionali e di rilievo costituzionale. Per ulteriori dettagli sulla natura del trasferimento si rimanda alla voce di III livello
U.2.04.01.01.005,Altri trasferimenti in conto capitale per assunzione di debiti di Agenzie Fiscali,Altri trasferimenti in conto capitale per assunzione di debiti di Agenzie Fiscali. Per ulteriori dettagli sulla natura del trasferimento si rimanda alla voce di III livello
U.2.04.01.01.006,Altri trasferimenti in conto capitale per assunzione di debiti di enti di regolazione dell'attività economica,Altri trasferimenti in conto capitale per assunzione di debiti di enti di regolazione dell'attività economica. Per ulteriori dettagli sulla natura del trasferimento si rimanda alla voce di III livello
U.2.04.01.01.007,Altri trasferimenti in conto capitale per assunzione di debiti di Gruppo Equitalia,Altri trasferimenti in conto capitale per assunzione di debiti di Gruppo Equitalia. Per ulteriori dettagli sulla natura del trasferimento si rimanda alla voce di III livello
U.2.04.01.01.008,Altri trasferimenti in conto capitale per assunzione di debiti di Anas S.p.A.,Altri trasferimenti in conto capitale per assunzione di debiti di Anas S.p.A.. Per ulteriori dettagli sulla natura del trasferimento si rimanda alla voce di III livello
U.2.04.01.01.009,Altri trasferimenti in conto capitale per assunzione di debiti di altri enti centrali produttori di servizi economici,Altri trasferimenti in conto capitale per assunzione di debiti di altri enti centrali produttori di servizi economici. Per ulteriori dettagli sulla natura del trasferimento si rimanda alla voce di III livello
U.2.04.01.01.010,Altri trasferimenti in conto capitale per assunzione di debiti di autorità amministrative indipendenti,Altri trasferimenti in conto capitale per assunzione di debiti di autorità amministrative indipendenti. Per ulteriori dettagli sulla natura del trasferimento si rimanda alla voce di III livello
U.2.04.01.01.011,Altri trasferimenti in conto capitale per assunzione di debiti di enti centrali a struttura associativa,Altri trasferimenti in conto capitale per assunzione di debiti di enti centrali a struttura associativa. Per ulteriori dettagli sulla natura del trasferimento si rimanda alla voce di III livello
U.2.04.01.01.012,"Altri trasferimenti in conto capitale per assunzione di debiti di enti centrali produttori di servizi assistenziali, ricreativi e culturali","Altri trasferimenti in conto capitale per assunzione di debiti di enti centrali produttori di servizi assistenziali, ricreativi e culturali. Per ulteriori dettagli sulla natura del trasferimento si rimanda alla voce di III livello"
U.2.04.01.01.013,Altri trasferimenti in conto capitale per assunzione di debiti di enti e istituzioni centrali di ricerca e Istituti e stazioni sperimentali per la ricerca,Altri trasferimenti in conto capitale per assunzione di debiti di enti e istituzioni centrali di ricerca e Istituti e stazioni sperimentali per la ricerca. Per ulteriori dettagli sulla natura del trasferimento si rimanda alla voce di III livello
U.2.04.01.01.999,Altri trasferimenti in conto capitale per assunzione di debiti di altre Amministrazioni Centrali n.a.c.,Altri trasferimenti in conto capitale per assunzione di debiti di altre Amministrazioni Centrali n.a.c.. Per ulteriori dettagli sulla natura del trasferimento si rimanda alla voce di III livello
U.2.04.01.02.000,Altri trasferimenti in conto capitale per assunzione di debiti di Amministrazioni Locali,Altri trasferimenti in conto capitale per assunzione di debiti di Amministrazioni Locali. Per ulteriori dettagli sulla natura del trasferimento si rimanda alla voce di III livello
U.2.04.01.02.001,Altri trasferimenti in conto capitale per assunzione di debiti di Regioni e province autonome,Altri trasferimenti in conto capitale per assunzione di debiti di Regioni e province autonome. Per ulteriori dettagli sulla natura del trasferimento si rimanda alla voce di III livello
U.2.04.01.02.002,Altri trasferimenti in conto capitale per assunzione di debiti di Province,Altri trasferimenti in conto capitale per assunzione di debiti di Province. Per ulteriori dettagli sulla natura del trasferimento si rimanda alla voce di III livello
U.2.04.01.02.003,Altri trasferimenti in conto capitale per assunzione di debiti di Comuni,Altri trasferimenti in conto capitale per assunzione di debiti di Comuni. Per ulteriori dettagli sulla natura del trasferimento si rimanda alla voce di III livello
U.2.04.01.02.004,Altri trasferimenti in conto capitale per assunzione di debiti di Città metropolitane e Roma capitale,Altri trasferimenti in conto capitale per assunzione di debiti di Città metropolitane e Roma capitale. Per ulteriori dettagli sulla natura del trasferimento si rimanda alla voce di III livello
U.2.04.01.02.005,Altri trasferimenti in conto capitale per assunzione di debiti di Unioni di Comuni,Altri trasferimenti in conto capitale per assunzione di debiti di Unioni di Comuni. Per ulteriori dettagli sulla natura del trasferimento si rimanda alla voce di III livello
U.2.04.01.02.006,Altri trasferimenti in conto capitale per assunzione di debiti di Comunità Montane,Altri trasferimenti in conto capitale per assunzione di debiti di Comunità Montane. Per ulteriori dettagli sulla natura del trasferimento si rimanda alla voce di III livello
U.2.04.01.02.007,Altri trasferimenti in conto capitale per assunzione di debiti di Camere di Commercio,Altri trasferimenti in conto capitale per assunzione di debiti di Camere di Commercio. Per ulteriori dettagli sulla natura del trasferimento si rimanda alla voce di III livello
U.2.04.01.02.008,Altri trasferimenti in conto capitale per assunzione di debiti di Università,Altri trasferimenti in conto capitale per assunzione di debiti di Università. Per ulteriori dettagli sulla natura del trasferimento si rimanda alla voce di III livello
U.2.04.01.02.009,Altri trasferimenti in conto capitale per assunzione di debiti di Parchi nazionali e consorzi ed enti autonomi gestori di parchi e aree naturali protette,Altri trasferimenti in conto capitale per assunzione di debiti di Parchi nazionali e consorzi ed enti autonomi gestori di parchi e aree naturali protette. Per ulteriori dettagli sulla natura del trasferimento si rimanda alla voce di III livello
U.2.04.01.02.010,Altri trasferimenti in conto capitale per assunzione di debiti di Autorità Portuali,Altri trasferimenti in conto capitale per assunzione di debiti di Autorità Portuali. Per ulteriori dettagli sulla natura del trasferimento si rimanda alla voce di III livello
U.2.04.01.02.011,Altri trasferimenti in conto capitale per assunzione di debiti di Aziende sanitarie locali,Altri trasferimenti in conto capitale per assunzione di debiti di Aziende sanitarie locali . Per ulteriori dettagli sulla natura del trasferimento si rimanda alla voce di III livello
U.2.04.01.02.012,Altri trasferimenti in conto capitale per assunzione di debiti di Aziende ospedaliere e Aziende ospedaliere universitarie integrate con il SSN,Altri trasferimenti in conto capitale per assunzione di debiti di Aziende ospedaliere e Aziende ospedaliere universitarie integrate con il SSN. Per ulteriori dettagli sulla natura del trasferimento si rimanda alla voce di III livello
U.2.04.01.02.013,Altri trasferimenti in conto capitale per assunzione di debiti di Policlinici,Altri trasferimenti in conto capitale per assunzione di debiti di Policlinici. Per ulteriori dettagli sulla natura del trasferimento si rimanda alla voce di III livello
U.2.04.01.02.014,Altri trasferimenti in conto capitale per assunzione di debiti di Istituti di ricovero e cura a carattere scientifico pubblici,Altri trasferimenti in conto capitale per assunzione di debiti di Istituti di ricovero e cura a carattere scientifico pubblici. Per ulteriori dettagli sulla natura del trasferimento si rimanda alla voce di III livello
U.2.04.01.02.015,Altri trasferimenti in conto capitale per assunzione di debiti di altre Amministrazioni Locali produttrici di servizi sanitari,Altri trasferimenti in conto capitale per assunzione di debiti di altre Amministrazioni Locali produttrici di servizi sanitari. Per ulteriori dettagli sulla natura del trasferimento si rimanda alla voce di III livello
U.2.04.01.02.016,Altri trasferimenti in conto capitale per assunzione di debiti di Agenzie regionali per le erogazioni in agricoltura,Altri trasferimenti in conto capitale per assunzione di debiti di Agenzie regionali per le erogazioni in agricoltura. Per ulteriori dettagli sulla natura del trasferimento si rimanda alla voce di III livello
U.2.04.01.02.017,Altri trasferimenti in conto capitale per assunzione di debiti di altri enti e agenzie regionali e sub regionali,Altri trasferimenti in conto capitale per assunzione di debiti di altri enti e agenzie regionali e sub regionali. Per ulteriori dettagli sulla natura del trasferimento si rimanda alla voce di III livello
U.2.04.01.02.018,Altri trasferimenti in conto capitale per assunzione di debiti di Consorzi di enti locali,Altri trasferimenti in conto capitale per assunzione di debiti di Consorzi di enti locali. Per ulteriori dettagli sulla natura del trasferimento si rimanda alla voce di III livello
U.2.04.01.02.019,Altri trasferimenti in conto capitale per assunzione di debiti di Fondazioni e istituzioni liriche locali e a Teatri stabili di iniziativa pubblica,Altri trasferimenti in conto capitale per assunzione di debiti di Fondazioni e istituzioni liriche locali e a Teatri stabili di iniziativa pubblica. Per ulteriori dettagli sulla natura del trasferimento si rimanda alla voce di III livello
U.2.04.01.02.999,Altri trasferimenti in conto capitale per assunzione di debiti di altre Amministrazioni Locali n.a.c.,Altri trasferimenti in conto capitale per assunzione di debiti di altre Amministrazioni Locali n.a.c.. Per ulteriori dettagli sulla natura del trasferimento si rimanda alla voce di III livello
U.2.04.01.03.000,Altri trasferimenti in conto capitale per assunzione di debiti di Enti di Previdenza,Altri trasferimenti in conto capitale per assunzione di debiti di Enti di Previdenza. Per ulteriori dettagli sulla natura del trasferimento si rimanda alla voce di III livello
U.2.04.01.03.001,Altri trasferimenti in conto capitale per assunzione di debiti di INPS,Altri trasferimenti in conto capitale per assunzione di debiti di INPS. Per ulteriori dettagli sulla natura del trasferimento si rimanda alla voce di III livello
U.2.04.01.03.002,Altri trasferimenti in conto capitale per assunzione di debiti di INAIL,Altri trasferimenti in conto capitale per assunzione di debiti di INAIL. Per ulteriori dettagli sulla natura del trasferimento si rimanda alla voce di III livello
U.2.04.01.03.999,Altri trasferimenti in conto capitale per assunzione di debiti di altri Enti di Previdenza n.a.c.,Altri trasferimenti in conto capitale per assunzione di debiti di altri Enti di Previdenza n.a.c.. Per ulteriori dettagli sulla natura del trasferimento si rimanda alla voce di III livello
U.2.04.01.04.000,Altri trasferimenti in conto capitale per assunzione di debiti di organismi interni e/o unità locali della amministrazione,Altri trasferimenti in conto capitale per assunzione di debiti di organismi interni e/o unità locali della amministrazione
U.2.04.01.04.001,Altri trasferimenti in conto capitale per assunzione di debiti di organismi interni e/o unità locali della amministrazione,Vedi voce di IV livello
U.2.04.02.00.000,Altri trasferimenti in conto capitale per assunzione di debiti di Famiglie,"Per assunzione di debito si intende il subentro ad un altro soggetto nelle obbligazioni relative ad una passività finanziaria già in essere a carico di quest’ultimo (mutuo, finanziamento, obbligazione, ecc.). .
 All’assunzione di debito non corrispondono movimenti finanziari tra il debitore subentrante e quello originario ma solo la modifica della titolarità di determinati valori patrimoniali: il bilancio registra pertanto un’imputazione pari al valore del capitale residuo alla data dell’assunzione.
 Si registra pertanto tra le spese dell’amministrazione un trasferimento in conto capitale a favore del soggetto beneficiario dell’assunzione di debito che, per questa specifica voce del piano dei conti, è una famiglia. 
 I successivi versamenti effettuati dall’amministrazione saranno ripartiti tra rimborso prestiti e interessi passivi, sulla base dell’ammontare della quota capitale e della quota interessi"
U.2.04.02.01.000,Altri trasferimenti in conto capitale per assunzione di debiti di Famiglie,Vedi voce di III livello
U.2.04.02.01.001,Altri trasferimenti in conto capitale per assunzione di debiti di Famiglie,Vedi voce di III livello
U.2.04.03.00.000,Altri trasferimenti in conto capitale per assunzione di debiti di Imprese,"Per assunzione di debito si intende il subentro ad un altro soggetto nelle obbligazioni relative ad una passività finanziaria già in essere a carico di quest’ultimo (mutuo, finanziamento, obbligazione, ecc.). .
 All’assunzione di debito non corrispondono movimenti finanziari tra il debitore subentrante e quello originario ma solo la modifica della titolarità di determinati valori patrimoniali: il bilancio registra pertanto un’imputazione pari al valore del capitale residuo alla data dell’assunzione.
 Si registra pertanto tra le spese dell’amministrazione un trasferimento in conto capitale a favore del soggetto beneficiario dell’assunzione di debito che, per questa specifica voce del piano dei conti, è un'impresa. 
 I successivi versamenti effettuati dall’amministrazione saranno ripartiti tra rimborso prestiti e interessi passivi, sulla base dell’ammontare della quota capitale e della quota interessi"
U.2.04.03.01.000,Altri trasferimenti in conto capitale per assunzione di debiti di imprese controllate,Vedi voce di III livello
U.2.04.03.01.001,Altri trasferimenti in conto capitale per assunzione di debiti di imprese controllate,Vedi voce di III livello
U.2.04.03.02.000,Altri trasferimenti in conto capitale per assunzione di debiti di altre imprese partecipate,Vedi voce di III livello
U.2.04.03.02.001,Altri trasferimenti in conto capitale per assunzione di debiti di altre imprese partecipate,Vedi voce di III livello
U.2.04.03.03.000,Altri trasferimenti in conto capitale per assunzione di debiti di altre Imprese,Vedi voce di III livello
U.2.04.03.03.999,Altri trasferimenti in conto capitale per assunzione di debiti di altre Imprese,Vedi voce di III livello
U.2.04.04.00.000,Altri trasferimenti in conto capitale per assunzione di debiti di Istituzioni Sociali Private,"Per assunzione di debito si intende il subentro ad un altro soggetto nelle obbligazioni relative ad una passività finanziaria già in essere a carico di quest’ultimo (mutuo, finanziamento, obbligazione, ecc.). .
 All’assunzione di debito non corrispondono movimenti finanziari tra il debitore subentrante e quello originario ma solo la modifica della titolarità di determinati valori patrimoniali: il bilancio registra pertanto un’imputazione pari al valore del capitale residuo alla data dell’assunzione.
 Si registra pertanto tra le spese dell’amministrazione un trasferimento in conto capitale a favore del soggetto beneficiario dell’assunzione di debito che, per questa specifica voce del piano dei conti, è un'Istituzione sociale privata. 
 I successivi versamenti effettuati dall’amministrazione saranno ripartiti tra rimborso prestiti e interessi passivi, sulla base dell’ammontare della quota capitale e della quota interessi"
U.2.04.04.01.000,Altri trasferimenti in conto capitale per assunzione di debiti di Istituzioni Sociali Private,Vedi voce di III livello
U.2.04.04.01.001,Altri trasferimenti in conto capitale per assunzione di debiti di Istituzioni Sociali Private,Vedi voce di III livello
U.2.04.05.00.000,Altri trasferimenti in conto capitale per assunzione di debiti dell'Unione Europea e del Resto del Mondo,"Per assunzione di debito si intende il subentro ad un altro soggetto nelle obbligazioni relative ad una passività finanziaria già in essere a carico di quest’ultimo (mutuo, finanziamento, obbligazione, ecc.). .
 All’assunzione di debito non corrispondono movimenti finanziari tra il debitore subentrante e quello originario ma solo la modifica della titolarità di determinati valori patrimoniali: il bilancio registra pertanto un’imputazione pari al valore del capitale residuo alla data dell’assunzione.
 Si registra pertanto tra le spese dell’amministrazione un trasferimento in conto capitale a favore del soggetto beneficiario dell’assunzione di debito che, per questa specifica voce del piano dei conti, è l'Unione Europea o un altro paese al di fuori di essa. 
 I successivi versamenti effettuati dall’amministrazione saranno ripartiti tra rimborso prestiti e interessi passivi, sulla base dell’ammontare della quota capitale e della quota interessi"
U.2.04.05.01.000,Altri trasferimenti in conto capitale per assunzione di debiti dell'Unione Europea,Vedi voce di III livello
U.2.04.05.01.001,Altri trasferimenti in conto capitale per assunzione di debiti dell'Unione Europea,Vedi voce di III livello
U.2.04.05.02.000,Altri trasferimenti in conto capitale per assunzione di debiti del Resto del Mondo,Vedi voce di III livello
U.2.04.05.02.001,Altri trasferimenti in conto capitale per assunzione di debiti del Resto del Mondo,Vedi voce di III livello
U.2.04.11.00.000,Altri trasferimenti in conto capitale verso amministrazioni pubbliche per escussione di garanzie,"Trasferimenti di capitale in favore del debitore garantito, che in questo caso è una pubblica amministrazione, qualora questi si riveli inadempiente relativamente all’obbligazione assistita da garanzia e la stessa non preveda possibilità di rivalsa nei suoi confronti. Nel caso in cui, contestualmente all'escussione, l'amministrazione provvedesse all'assunzione, totale o parziale, del debito residuo, detta assunzione sarebbe registrata nella voce ""Altri trasferimenti in conto capitale per assunzione di debiti"".
 
 Si supponga ad esempio, che vi sia un debito del valore totale di 100 al quale corrisponde una rata in scandeza del valore di 10. Si supponga altresì che su tale rata in scadenza venga chiamato a pagare il garante. Tale rata pari a 10 è oggetto di registrazione nella presente voce ""Altri trasferimenti in conto capitale verso amministrazioni pubbliche per escussione di garanzie"". 
 Se oltre alla chiamata della garanzia per 10 il garante assumesse a suo carico anche l'onere di rimborso integrale del debito residuo per 90, quest'ultima operazione darebbe orgine a un trasferimento in conto capitale a seguito di assunzione di debito. In tale ipotesi, il valore di 90 andrebbe registrato nella apposita voce ""Altri trasferimenti in conto capitale per assunzione di debiti"".
 
 PER IL DETTAGLIO ANAGRAFICO DELLE CATEGORIE INCLUSE IN TALE RUBRICA SI RIMANDA ALL'APPENDICE AL GLOSSARIO."
U.2.04.11.01.000,Altri trasferimenti in conto capitale verso Amministrazioni Centrali per escussione di garanzie,Altri trasferimenti in conto capitale verso Amministrazioni Centrali per escussione di garanzie. Per ulteriori dettagli sulla natura del trasferimento si rimanda alla voce di III livello
U.2.04.11.01.001,Altri trasferimenti in conto capitale verso Ministeri per escussione di garanzie,Altri trasferimenti in conto capitale verso Ministeri per escussione di garanzie. Per ulteriori dettagli sulla natura del trasferimento si rimanda alla voce di III livello
U.2.04.11.01.003,Altri trasferimenti in conto capitale verso Presidenza del Consiglio dei Ministri per escussione di garanzie,Altri trasferimenti in conto capitale verso Presidenza del Consiglio dei Ministri per escussione di garanzie. Per ulteriori dettagli sulla natura del trasferimento si rimanda alla voce di III livello
U.2.04.11.01.004,Altri trasferimenti in conto capitale verso Organi Costituzionali e di rilievo costituzionale per escussione di garanzie,Altri trasferimenti in conto capitale verso Organi Costituzionali e di rilievo costituzionale per escussione di garanzie. Per ulteriori dettagli sulla natura del trasferimento si rimanda alla voce di III livello
U.2.04.11.01.005,Altri trasferimenti in conto capitale verso Agenzie Fiscali per escussione di garanzie,Altri trasferimenti in conto capitale verso Agenzie Fiscali per escussione di garanzie. Per ulteriori dettagli sulla natura del trasferimento si rimanda alla voce di III livello
U.2.04.11.01.006,Altri trasferimenti in conto capitale verso enti di regolazione dell'attività economica per escussione di garanzie,Altri trasferimenti in conto capitale verso enti di regolazione dell'attività economica per escussione di garanzie. Per ulteriori dettagli sulla natura del trasferimento si rimanda alla voce di III livello
U.2.04.11.01.007,Altri trasferimenti in conto capitale verso Gruppo Equitalia per escussione di garanzie,Altri trasferimenti in conto capitale verso Gruppo Equitalia per escussione di garanzie. Per ulteriori dettagli sulla natura del trasferimento si rimanda alla voce di III livello
U.2.04.11.01.008,Altri trasferimenti in conto capitale verso Anas S.p.A. per escussione di garanzie,Altri trasferimenti in conto capitale verso Anas S.p.A. per escussione di garanzie. Per ulteriori dettagli sulla natura del trasferimento si rimanda alla voce di III livello
U.2.04.11.01.009,Altri trasferimenti in conto capitale verso altri enti centrali produttori di servizi economici per escussione di garanzie,Altri trasferimenti in conto capitale verso altri enti centrali produttori di servizi economici per escussione di garanzie. Per ulteriori dettagli sulla natura del trasferimento si rimanda alla voce di III livello
U.2.04.11.01.010,Altri trasferimenti in conto capitale verso autorità amministrative indipendenti per escussione di garanzie,Altri trasferimenti in conto capitale verso autorità amministrative indipendenti per escussione di garanzie. Per ulteriori dettagli sulla natura del trasferimento si rimanda alla voce di III livello
U.2.04.11.01.011,Altri trasferimenti in conto capitale verso enti centrali a struttura associativa per escussione di garanzie,Altri trasferimenti in conto capitale verso enti centrali a struttura associativa per escussione di garanzie. Per ulteriori dettagli sulla natura del trasferimento si rimanda alla voce di III livello
U.2.04.11.01.012,"Altri trasferimenti in conto capitale verso enti centrali produttori di servizi assistenziali, ricreativi e culturali per escussione di garanzie","Altri trasferimenti in conto capitale verso enti centrali produttori di servizi assistenziali, ricreativi e culturali per escussione di garanzie. Per ulteriori dettagli sulla natura del trasferimento si rimanda alla voce di III livello"
U.2.04.11.01.013,Altri trasferimenti in conto capitale verso enti e istituzioni centrali di ricerca e Istituti e stazioni sperimentali per la ricerca per escussione di garanzie,Altri trasferimenti in conto capitale verso enti e istituzioni centrali di ricerca e Istituti e stazioni sperimentali per la ricerca per escussione di garanzie. Per ulteriori dettagli sulla natura del trasferimento si rimanda alla voce di III livello
U.2.04.11.01.999,Altri trasferimenti in conto capitale verso altre Amministrazioni Centrali n.a.c. per escussione di garanzie,Altri trasferimenti in conto capitale verso altre Amministrazioni Centrali n.a.c. per escussione di garanzie. Per ulteriori dettagli sulla natura del trasferimento si rimanda alla voce di III livello
U.2.04.11.02.000,Altri trasferimenti in conto capitale verso Amministrazioni Locali per escussione di garanzie,Altri trasferimenti in conto capitale verso Amministrazioni Locali per escussione di garanzie. Per ulteriori dettagli sulla natura del trasferimento si rimanda alla voce di III livello
U.2.04.11.02.001,Altri trasferimenti in conto capitale verso Regioni e province autonome per escussione di garanzie,Altri trasferimenti in conto capitale verso Regioni e province autonome per escussione di garanzie. Per ulteriori dettagli sulla natura del trasferimento si rimanda alla voce di III livello
U.2.04.11.02.002,Altri trasferimenti in conto capitale verso Province per escussione di garanzie,Altri trasferimenti in conto capitale verso Province per escussione di garanzie. Per ulteriori dettagli sulla natura del trasferimento si rimanda alla voce di III livello
U.2.04.11.02.003,Altri trasferimenti in conto capitale verso Comuni per escussione di garanzie,Altri trasferimenti in conto capitale verso Comuni per escussione di garanzie. Per ulteriori dettagli sulla natura del trasferimento si rimanda alla voce di III livello
U.2.04.11.02.004,Altri trasferimenti in conto capitale verso Città metropolitane e Roma capitale per escussione di garanzie,Altri trasferimenti in conto capitale verso Città metropolitane e Roma capitale per escussione di garanzie. Per ulteriori dettagli sulla natura del trasferimento si rimanda alla voce di III livello
U.2.04.11.02.005,Altri trasferimenti in conto capitale verso Unioni di Comuni per escussione di garanzie,Altri trasferimenti in conto capitale verso Unioni di Comuni per escussione di garanzie. Per ulteriori dettagli sulla natura del trasferimento si rimanda alla voce di III livello
U.2.04.11.02.006,Altri trasferimenti in conto capitale verso Comunità Montane per escussione di garanzie,Altri trasferimenti in conto capitale verso Comunità Montane per escussione di garanzie. Per ulteriori dettagli sulla natura del trasferimento si rimanda alla voce di III livello
U.2.04.11.02.007,Altri trasferimenti in conto capitale verso Camere di Commercio per escussione di garanzie,Altri trasferimenti in conto capitale verso Camere di Commercio per escussione di garanzie. Per ulteriori dettagli sulla natura del trasferimento si rimanda alla voce di III livello
U.2.04.11.02.008,Altri trasferimenti in conto capitale verso Università per escussione di garanzie,Altri trasferimenti in conto capitale verso Università per escussione di garanzie. Per ulteriori dettagli sulla natura del trasferimento si rimanda alla voce di III livello
U.2.04.11.02.009,Altri trasferimenti in conto capitale verso Parchi nazionali e consorzi ed enti autonomi gestori di parchi e aree naturali protette per escussione di garanzie,Altri trasferimenti in conto capitale verso Parchi nazionali e consorzi ed enti autonomi gestori di parchi e aree naturali protette per escussione di garanzie. Per ulteriori dettagli sulla natura del trasferimento si rimanda alla voce di III livello
U.2.04.11.02.010,Altri trasferimenti in conto capitale verso Autorità Portuali per escussione di garanzie,Altri trasferimenti in conto capitale verso Autorità Portuali per escussione di garanzie. Per ulteriori dettagli sulla natura del trasferimento si rimanda alla voce di III livello
U.2.04.11.02.011,Altri trasferimenti in conto capitale verso Aziende sanitarie locali per escussione di garanzie,Altri trasferimenti in conto capitale verso Aziende sanitarie locali per escussione di garanzie. Per ulteriori dettagli sulla natura del trasferimento si rimanda alla voce di III livello
U.2.04.11.02.012,Altri trasferimenti in conto capitale verso Aziende ospedaliere e Aziende ospedaliere universitarie integrate con il SSN per escussione di garanzie,Altri trasferimenti in conto capitale verso Aziende ospedaliere e Aziende ospedaliere universitarie integrate con il SSN per escussione di garanzie. Per ulteriori dettagli sulla natura del trasferimento si rimanda alla voce di III livello
U.2.04.11.02.013,Altri trasferimenti in conto capitale verso Policlinici per escussione di garanzie,Altri trasferimenti in conto capitale verso Policlinici per escussione di garanzie. Per ulteriori dettagli sulla natura del trasferimento si rimanda alla voce di III livello
U.2.04.11.02.014,Altri trasferimenti in conto capitale verso Istituti di ricovero e cura a carattere scientifico pubblici per escussione di garanzie,Altri trasferimenti in conto capitale verso Istituti di ricovero e cura a carattere scientifico pubblici per escussione di garanzie. Per ulteriori dettagli sulla natura del trasferimento si rimanda alla voce di III livello
U.2.04.11.02.015,Altri trasferimenti in conto capitale verso altre Amministrazioni Locali produttrici di servizi sanitari per escussione di garanzie,Altri trasferimenti in conto capitale verso altre Amministrazioni Locali produttrici di servizi sanitari per escussione di garanzie. Per ulteriori dettagli sulla natura del trasferimento si rimanda alla voce di III livello
U.2.04.11.02.016,Altri trasferimenti in conto capitale verso Agenzie regionali per le erogazioni in agricoltura per escussione di garanzie,Altri trasferimenti in conto capitale verso Agenzie regionali per le erogazioni in agricoltura per escussione di garanzie. Per ulteriori dettagli sulla natura del trasferimento si rimanda alla voce di III livello
U.2.04.11.02.017,Altri trasferimenti in conto capitale verso altri enti e agenzie regionali e sub regionali per escussione di garanzie,Altri trasferimenti in conto capitale verso altri enti e agenzie regionali e sub regionali per escussione di garanzie. Per ulteriori dettagli sulla natura del trasferimento si rimanda alla voce di III livello
U.2.04.11.02.018,Altri trasferimenti in conto capitale verso Consorzi di enti locali per escussione di garanzie,Altri trasferimenti in conto capitale verso Consorzi di enti locali per escussione di garanzie. Per ulteriori dettagli sulla natura del trasferimento si rimanda alla voce di III livello
U.2.04.11.02.019,Altri trasferimenti in conto capitale verso Fondazioni e istituzioni liriche locali e a Teatri stabili di iniziativa pubblica per escussione di garanzie,Altri trasferimenti in conto capitale verso Fondazioni e istituzioni liriche locali e a Teatri stabili di iniziativa pubblica per escussione di garanzie. Per ulteriori dettagli sulla natura del trasferimento si rimanda alla voce di III livello
U.2.04.11.02.999,Altri trasferimenti in conto capitale verso altre Amministrazioni Locali n.a.c. per escussione di garanzie,Altri trasferimenti in conto capitale verso altre Amministrazioni Locali n.a.c. per escussione di garanzie. Per ulteriori dettagli sulla natura del trasferimento si rimanda alla voce di III livello
U.2.04.11.03.000,Altri trasferimenti in conto capitale verso Enti di Previdenza per escussione di garanzie,Altri trasferimenti in conto capitale verso Enti di Previdenza per escussione di garanzie. Per ulteriori dettagli sulla natura del trasferimento si rimanda alla voce di III livello
U.2.04.11.03.001,Altri trasferimenti in conto capitale verso INPS per escussione di garanzie,Altri trasferimenti in conto capitale verso INPS per escussione di garanzie. Per ulteriori dettagli sulla natura del trasferimento si rimanda alla voce di III livello
U.2.04.11.03.002,Altri trasferimenti in conto capitale verso INAIL per escussione di garanzie,Altri trasferimenti in conto capitale verso INAIL per escussione di garanzie. Per ulteriori dettagli sulla natura del trasferimento si rimanda alla voce di III livello
U.2.04.11.03.999,Altri trasferimenti in conto capitale verso altri Enti di Previdenza n.a.c. per escussione di garanzie,Altri trasferimenti in conto capitale verso altri Enti di Previdenza n.a.c. per escussione di garanzie. Per ulteriori dettagli sulla natura del trasferimento si rimanda alla voce di III livello
U.2.04.11.04.000,Altri trasferimenti in conto capitale verso organismi interni e/o unità locali della amministrazione per escussione di garanzie,Altri trasferimenti in conto capitale verso organismi interni e/o unità locali della amministrazione per escussione di garanzie
U.2.04.11.04.001,Altri trasferimenti in conto capitale verso organismi interni e/o unità locali della amministrazione per escussione di garanzie,Vedi voce di IV livello
U.2.04.12.00.000,Altri trasferimenti in conto capitale verso Famiglie per escussione di garanzie,"Trasferimenti di capitale in favore del debitore garantito, che in questo caso è una famiglia, qualora questa si riveli inadempiente relativamente all’obbligazione assistita da garanzia e la stessa non preveda possibilità di rivalsa nei suoi confronti. Nel caso in cui, contestualmente all'escussione, l'amministrazione provvedesse all'assunzione, totale o parziale, del debito residuo, detta assunzione sarebbe registrata nella voce ""Altri trasferimenti in conto capitale per assunzione di debiti"".
 
 Si supponga ad esempio, che vi sia un debito del valore totale di 100 al quale corrisponde una rata in scandeza del valore di 10. Si supponga altresì che su tale rata in scadenza venga chiamato a pagare il garante. Tale rata pari a 10 è oggetto di registrazione nella presente voce ""Altri trasferimenti in conto capitale verso amministrazioni pubbliche per escussione di garanzie"". 
 Se oltre alla chiamata della garanzia per 10 il garante assumesse a suo carico anche l'onere di rimborso integrale del debito residuo per 90, quest'ultima operazione darebbe orgine a un trasferimento in conto capitale a seguito di assunzione di debito. In tale ipotesi, il valore di 90 andrebbe registrato nella apposita voce ""Altri trasferimenti in conto capitale per assunzione di debiti""."
U.2.04.12.01.000,Altri trasferimenti in conto capitale verso Famiglie per escussione di garanzie,Vedi voce di III livello
U.2.04.12.01.001,Altri trasferimenti in conto capitale verso Famiglie per escussione di garanzie,Vedi voce di III livello
U.2.04.13.00.000,Altri trasferimenti in conto capitale verso Imprese per escussione di garanzie,"Trasferimenti di capitale in favore del debitore garantito, che in questo caso è una impresa, qualora questi si riveli inadempiente relativamente all’obbligazione assistita da garanzia e la stessa non preveda possibilità di rivalsa nei suoi confronti. Nel caso in cui, contestualmente all'escussione, l'amministrazione provvedesse all'assunzione, totale o parziale, del debito residuo, detta assunzione sarebbe registrata nella voce ""Altri trasferimenti in conto capitale per assunzione di debiti"".
 
 Si supponga ad esempio, che vi sia un debito del valore totale di 100 al quale corrisponde una rata in scandeza del valore di 10. Si supponga altresì che su tale rata in scadenza venga chiamato a pagare il garante. Tale rata pari a 10 è oggetto di registrazione nella presente voce ""Altri trasferimenti in conto capitale verso amministrazioni pubbliche per escussione di garanzie"". 
 Se oltre alla chiamata della garanzia per 10 il garante assumesse a suo carico anche l'onere di rimborso integrale del debito residuo per 90, quest'ultima operazione darebbe orgine a un trasferimento in conto capitale a seguito di assunzione di debito. In tale ipotesi, il valore di 90 andrebbe registrato nella apposita voce ""Altri trasferimenti in conto capitale per assunzione di debiti""."
U.2.04.13.01.000,Altri trasferimenti in conto capitale verso imprese controllate per escussione di garanzie,Vedi voce di III livello
U.2.04.13.01.001,Altri trasferimenti in conto capitale verso imprese controllate per escussione di garanzie,Vedi voce di III livello
U.2.04.13.02.000,Altri trasferimenti in conto capitale verso altre imprese partecipate per escussione di garanzie,Vedi voce di III livello
U.2.04.13.02.001,Altri trasferimenti in conto capitale verso altre imprese partecipate per escussione di garanzie,Vedi voce di III livello
U.2.04.13.03.000,Altri trasferimenti in conto capitale verso altre Imprese per escussione di garanzie,Vedi voce di III livello
U.2.04.13.03.999,Altri trasferimenti in conto capitale verso altre Imprese per escussione di garanzie,Vedi voce di III livello
U.2.04.14.00.000,Altri trasferimenti in conto capitale verso Istituzioni Sociali Private per escussione di garanzie,"Trasferimenti di capitale in favore del debitore garantito, che in questo caso è una istituzione sociale privata, qualora questi si riveli inadempiente relativamente all’obbligazione assistita da garanzia e la stessa non preveda possibilità di rivalsa nei suoi confronti. Nel caso in cui, contestualmente all'escussione, l'amministrazione provvedesse all'assunzione, totale o parziale, del debito residuo, detta assunzione sarebbe registrata nella voce ""Altri trasferimenti in conto capitale per assunzione di debiti"".
 
 Si supponga ad esempio, che vi sia un debito del valore totale di 100 al quale corrisponde una rata in scandeza del valore di 10. Si supponga altresì che su tale rata in scadenza venga chiamato a pagare il garante. Tale rata pari a 10 è oggetto di registrazione nella presente voce ""Altri trasferimenti in conto capitale verso amministrazioni pubbliche per escussione di garanzie"". 
 Se oltre alla chiamata della garanzia per 10 il garante assumesse a suo carico anche l'onere di rimborso integrale del debito residuo per 90, quest'ultima operazione darebbe orgine a un trasferimento in conto capitale a seguito di assunzione di debito. In tale ipotesi, il valore di 90 andrebbe registrato nella apposita voce ""Altri trasferimenti in conto capitale per assunzione di debiti""."
U.2.04.14.01.000,Altri trasferimenti in conto capitale verso Istituzioni Sociali Private per escussione di garanzie,Vedi voce di III livello
U.2.04.14.01.001,Altri trasferimenti in conto capitale verso Istituzioni Sociali Private per escussione di garanzie,Vedi voce di III livello
U.2.04.15.00.000,Altri trasferimenti in conto capitale verso Unione Europea e Resto del Mondo per escussione di garanzie,"Trasferimenti di capitale in favore del debitore garantito, che in questo caso è l'Unione Europea o il resto del mondo, qualora questi si riveli inadempiente relativamente all’obbligazione assistita da garanzia e la stessa non preveda possibilità di rivalsa nei suoi confronti. Nel caso in cui, contestualmente all'escussione, l'amministrazione provvedesse all'assunzione, totale o parziale, del debito residuo, detta assunzione sarebbe registrata nella voce ""Altri trasferimenti in conto capitale per assunzione di debiti"".
 
 Si supponga ad esempio, che vi sia un debito del valore totale di 100 al quale corrisponde una rata in scandeza del valore di 10. Si supponga altresì che su tale rata in scadenza venga chiamato a pagare il garante. Tale rata pari a 10 è oggetto di registrazione nella presente voce ""Altri trasferimenti in conto capitale verso amministrazioni pubbliche per escussione di garanzie"". 
 Se oltre alla chiamata della garanzia per 10 il garante assumesse a suo carico anche l'onere di rimborso integrale del debito residuo per 90, quest'ultima operazione darebbe orgine a un trasferimento in conto capitale a seguito di assunzione di debito. In tale ipotesi, il valore di 90 andrebbe registrato nella apposita voce ""Altri trasferimenti in conto capitale per assunzione di debiti""."
U.2.04.15.01.000,Altri trasferimenti in conto capitale verso Unione Europea per escussione di garanzie,Vedi voce di III livello
U.2.04.15.01.001,Altri trasferimenti in conto capitale verso Unione Europea per escussione di garanzie,Vedi voce di III livello
U.2.04.15.02.000,Altri trasferimenti in conto capitale verso Resto del Mondo per escussione di garanzie,Vedi voce di III livello
U.2.04.15.02.001,Altri trasferimenti in conto capitale verso Resto del Mondo per escussione di garanzie,Vedi voce di III livello
U.2.04.16.00.000,Trasferimenti in conto capitale erogati a titolo di ripiano disavanzi pregressi ad Amministrazioni pubbliche,"Trasferimenti tra sottosettori delle amministrazioni pubbliche a copertura di spese eccezionali o di disavanzi accumulati.
 
 PER IL DETTAGLIO ANAGRAFICO DELLE CATEGORIE INCLUSE IN TALE RUBRICA SI RIMANDA ALL'APPENDICE AL GLOSSARIO."
U.2.04.16.01.000,Trasferimenti in conto capitale erogati a titolo di ripiano disavanzi pregressi a Amministrazioni Centrali,Trasferimenti erogati a amministrazioni pubbliche centrali a titolo di copertura di spese eccezionali o di disavanzi accumulati dall'amministrazione.
U.2.04.16.01.001,Trasferimenti in conto capitale erogati a titolo di ripiano disavanzi pregressi a Ministeri,Trasferimenti in conto capitale erogati a titolo di ripiano disavanzi pregressi a Ministeri
U.2.04.16.01.003,Trasferimenti in conto capitale erogati a titolo di ripiano disavanzi pregressi a Presidenza del Consiglio dei Ministri,Trasferimenti in conto capitale erogati a titolo di ripiano disavanzi pregressi a Presidenza del Consiglio dei Ministri
U.2.04.16.01.004,Trasferimenti in conto capitale erogati a titolo di ripiano disavanzi pregressi a Organi Costituzionali e di rilievo costituzionale,Trasferimenti in conto capitale erogati a titolo di ripiano disavanzi pregressi a Organi Costituzionali e di rilievo costituzionale
U.2.04.16.01.005,Trasferimenti in conto capitale erogati a titolo di ripiano disavanzi pregressi a Agenzie Fiscali,Trasferimenti in conto capitale erogati a titolo di ripiano disavanzi pregressi a Agenzie Fiscali
U.2.04.16.01.006,Trasferimenti in conto capitale erogati a titolo di ripiano disavanzi pregressi a enti di regolazione dell'attività economica,Trasferimenti in conto capitale erogati a titolo di ripiano disavanzi pregressi a enti di regolazione dell'attività economica
U.2.04.16.01.007,Trasferimenti in conto capitale erogati a titolo di ripiano disavanzi pregressi a Gruppo Equitalia,Trasferimenti in conto capitale erogati a titolo di ripiano disavanzi pregressi a Gruppo Equitalia
U.2.04.16.01.008,Trasferimenti in conto capitale erogati a titolo di ripiano disavanzi pregressi a Anas S.p.A.,Trasferimenti in conto capitale erogati a titolo di ripiano disavanzi pregressi a Anas S.p.A.
U.2.04.16.01.009,Trasferimenti in conto capitale erogati a titolo di ripiano disavanzi pregressi a altri enti centrali produttori di servizi economici,Trasferimenti in conto capitale erogati a titolo di ripiano disavanzi pregressi a altri enti centrali produttori di servizi economici
U.2.04.16.01.010,Trasferimenti in conto capitale erogati a titolo di ripiano disavanzi pregressi a autorità amministrative indipendenti,Trasferimenti in conto capitale erogati a titolo di ripiano disavanzi pregressi a autorità amministrative indipendenti
U.2.04.16.01.011,Trasferimenti in conto capitale erogati a titolo di ripiano disavanzi pregressi a enti centrali a struttura associativa,Trasferimenti in conto capitale erogati a titolo di ripiano disavanzi pregressi a enti centrali a struttura associativa
U.2.04.16.01.012,"Trasferimenti in conto capitale erogati a titolo di ripiano disavanzi pregressi a enti centrali produttori di servizi assistenziali, ricreativi e culturali","Trasferimenti in conto capitale erogati a titolo di ripiano disavanzi pregressi a enti centrali produttori di servizi assistenziali, ricreativi e culturali"
U.2.04.16.01.013,Trasferimenti in conto capitale erogati a titolo di ripiano disavanzi pregressi a enti e istituzioni centrali di ricerca e Istituti e stazioni sperimentali per la ricerca,Trasferimenti in conto capitale erogati a titolo di ripiano disavanzi pregressi a enti e istituzioni centrali di ricerca e Istituti e stazioni sperimentali per la ricerca
U.2.04.16.01.999,Trasferimenti in conto capitale erogati a titolo di ripiano disavanzi pregressi a altre Amministrazioni Centrali n.a.c.,Trasferimenti in conto capitale erogati a titolo di ripiano disavanzi pregressi a altre Amministrazioni Centrali n.a.c.
U.2.04.16.02.000,Trasferimenti in conto capitale erogati a titolo di ripiano disavanzi pregressi a Amministrazioni Locali,Trasferimenti erogati a amministrazioni pubbliche locali a titolo di copertura di spese eccezionali o di disavanzi accumulati dall'amministrazione.
U.2.04.16.02.001,Trasferimenti in conto capitale erogati a titolo di ripiano disavanzi pregressi a Regioni e province autonome,Trasferimenti in conto capitale erogati a titolo di ripiano disavanzi pregressi a Regioni e province autonome
U.2.04.16.02.002,Trasferimenti in conto capitale erogati a titolo di ripiano disavanzi pregressi a Province,Trasferimenti in conto capitale erogati a titolo di ripiano disavanzi pregressi a Province
U.2.04.16.02.003,Trasferimenti in conto capitale erogati a titolo di ripiano disavanzi pregressi a Comuni,Trasferimenti in conto capitale erogati a titolo di ripiano disavanzi pregressi a Comuni
U.2.04.16.02.004,Trasferimenti in conto capitale erogati a titolo di ripiano disavanzi pregressi a Città metropolitane e Roma capitale,Trasferimenti in conto capitale erogati a titolo di ripiano disavanzi pregressi a Città metropolitane e Roma capitale
U.2.04.16.02.005,Trasferimenti in conto capitale erogati a titolo di ripiano disavanzi pregressi a Unioni di Comuni,Trasferimenti in conto capitale erogati a titolo di ripiano disavanzi pregressi a Unioni di Comuni
U.2.04.16.02.006,Trasferimenti in conto capitale erogati a titolo di ripiano disavanzi pregressi a Comunità Montane,Trasferimenti in conto capitale erogati a titolo di ripiano disavanzi pregressi a Comunità Montane
U.2.04.16.02.007,Trasferimenti in conto capitale erogati a titolo di ripiano disavanzi pregressi a Camere di Commercio,Trasferimenti in conto capitale erogati a titolo di ripiano disavanzi pregressi a Camere di Commercio
U.2.04.16.02.008,Trasferimenti in conto capitale erogati a titolo di ripiano disavanzi pregressi a Università,Trasferimenti in conto capitale erogati a titolo di ripiano disavanzi pregressi a Università
U.2.04.16.02.009,Trasferimenti in conto capitale erogati a titolo di ripiano disavanzi pregressi a Parchi nazionali e consorzi ed enti autonomi gestori di parchi e aree naturali protette,Trasferimenti in conto capitale erogati a titolo di ripiano disavanzi pregressi a Parchi nazionali e consorzi ed enti autonomi gestori di parchi e aree naturali protette
U.2.04.16.02.010,Trasferimenti in conto capitale erogati a titolo di ripiano disavanzi pregressi a Autorità Portuali,Trasferimenti in conto capitale erogati a titolo di ripiano disavanzi pregressi a Autorità Portuali
U.2.04.16.02.011,Trasferimenti in conto capitale erogati a titolo di ripiano disavanzi pregressi a Aziende sanitarie locali,Trasferimenti in conto capitale erogati a titolo di ripiano disavanzi pregressi a Aziende sanitarie locali
U.2.04.16.02.012,Trasferimenti in conto capitale erogati a titolo di ripiano disavanzi pregressi a Aziende ospedaliere e Aziende ospedaliere universitarie integrate con il SSN,Trasferimenti in conto capitale erogati a titolo di ripiano disavanzi pregressi a Aziende ospedaliere e Aziende ospedaliere universitarie integrate con il SSN
U.2.04.16.02.013,Trasferimenti in conto capitale erogati a titolo di ripiano disavanzi pregressi a Policlinici,Trasferimenti in conto capitale erogati a titolo di ripiano disavanzi pregressi a Policlinici
U.2.04.16.02.014,Trasferimenti in conto capitale erogati a titolo di ripiano disavanzi pregressi a Istituti di ricovero e cura a carattere scientifico pubblici,Trasferimenti in conto capitale erogati a titolo di ripiano disavanzi pregressi a Istituti di ricovero e cura a carattere scientifico pubblici
U.2.04.16.02.015,Trasferimenti in conto capitale erogati a titolo di ripiano disavanzi pregressi a altre Amministrazioni Locali produttrici di servizi sanitari,Trasferimenti in conto capitale erogati a titolo di ripiano disavanzi pregressi a altre Amministrazioni Locali produttrici di servizi sanitari
U.2.04.16.02.016,Trasferimenti in conto capitale erogati a titolo di ripiano disavanzi pregressi a Agenzie regionali per le erogazioni in agricoltura,Trasferimenti in conto capitale erogati a titolo di ripiano disavanzi pregressi a Agenzie regionali per le erogazioni in agricoltura
U.2.04.16.02.017,Trasferimenti in conto capitale erogati a titolo di ripiano disavanzi pregressi a altri enti e agenzie regionali e sub regionali,Trasferimenti in conto capitale erogati a titolo di ripiano disavanzi pregressi a altri enti e agenzie regionali e sub regionali
U.2.04.16.02.018,Trasferimenti in conto capitale erogati a titolo di ripiano disavanzi pregressi a Consorzi di enti locali,Trasferimenti in conto capitale erogati a titolo di ripiano disavanzi pregressi a Consorzi di enti locali
U.2.04.16.02.019,Trasferimenti in conto capitale erogati a titolo di ripiano disavanzi pregressi a Fondazioni e istituzioni liriche locali e a Teatri stabili di iniziativa pubblica,Trasferimenti in conto capitale erogati a titolo di ripiano disavanzi pregressi a Fondazioni e istituzioni liriche locali e a Teatri stabili di iniziativa pubblica
U.2.04.16.02.999,Trasferimenti in conto capitale erogati a titolo di ripiano disavanzi pregressi a altre Amministrazioni Locali n.a.c.,Trasferimenti in conto capitale erogati a titolo di ripiano disavanzi pregressi a altre Amministrazioni Locali n.a.c.
U.2.04.16.03.000,Trasferimenti in conto capitale erogati a titolo di ripiano disavanzi pregressi a Enti di Previdenza,Trasferimenti in conto capitale erogati a titolo di ripiano disavanzi pregressi a Enti di Previdenza
U.2.04.16.03.001,Trasferimenti in conto capitale erogati a titolo di ripiano disavanzi pregressi a INPS,Trasferimenti in conto capitale erogati a titolo di ripiano disavanzi pregressi a INPS
U.2.04.16.03.002,Trasferimenti in conto capitale erogati a titolo di ripiano disavanzi pregressi a INAIL,Trasferimenti in conto capitale erogati a titolo di ripiano disavanzi pregressi a INAIL
U.2.04.16.03.999,Trasferimenti in conto capitale erogati a titolo di ripiano disavanzi pregressi a altri Enti di Previdenza n.a.c.,Trasferimenti in conto capitale erogati a titolo di ripiano disavanzi pregressi a altri Enti di Previdenza n.a.c.
U.2.04.16.99.000,Trasferimenti in conto capitale erogati a titolo di ripiano disavanzi pregressi a organismi interni e/o unità locali della amministrazione,Trasferimenti in conto capitale erogati a titolo di ripiano disavanzi pregressi a organismi interni e/o unità locali della amministrazione
U.2.04.16.99.001,Trasferimenti in conto capitale erogati a titolo di ripiano disavanzi pregressi a organismi interni e/o unità locali della amministrazione,Vedi voce di IV livello
U.2.04.17.00.000,Trasferimenti in conto capitale erogati a titolo di ripiano disavanzi pregressi a Famiglie,Trasferimenti erogati a famiglie a titolo di copertura di spese eccezionali o di disavanzi accumulati dall'amministrazione.
U.2.04.17.01.000,Trasferimenti in conto capitale erogati a titolo di ripiano disavanzi pregressi a Famiglie,Vedi voce di III livello
U.2.04.17.01.001,Trasferimenti in conto capitale erogati a titolo di ripiano disavanzi pregressi a Famiglie,Vedi voce di III livello
U.2.04.18.00.000,Trasferimenti in conto capitale erogati a titolo di ripiano disavanzi pregressi a Imprese,Trasferimenti erogati a imprese a titolo di copertura di spese eccezionali o di disavanzi accumulati dall'amministrazione.
U.2.04.18.01.000,Trasferimenti in conto capitale erogati a titolo di ripiano disavanzi pregressi a imprese controllate,Trasferimenti erogati a imprese controllate a titolo di copertura di spese eccezionali o di disavanzi accumulati dall'amministrazione.
U.2.04.18.01.001,Trasferimenti in conto capitale erogati a titolo di ripiano disavanzi pregressi a imprese controllate,Vedi voce di IV livello
U.2.04.18.02.000,Trasferimenti in conto capitale erogati a titolo di ripiano disavanzi pregressi a altre imprese partecipate,Trasferimenti erogati a imprese partecipate a titolo di copertura di spese eccezionali o di disavanzi accumulati dall'amministrazione.
U.2.04.18.02.001,Trasferimenti in conto capitale erogati a titolo di ripiano disavanzi pregressi a altre imprese partecipate,Vedi voce di IV livello
U.2.04.18.03.000,Trasferimenti in conto capitale erogati a titolo di ripiano disavanzi pregressi a altre Imprese,Trasferimenti erogati a altre imprese a titolo di copertura di spese eccezionali o di disavanzi accumulati dall'amministrazione.
U.2.04.18.03.999,Trasferimenti in conto capitale erogati a titolo di ripiano disavanzi pregressi a altre Imprese,Vedi voce di IV livello
U.2.04.19.00.000,Trasferimenti in conto capitale erogati a titolo di ripiano disavanzi pregressi a Istituzioni Sociali Private,Trasferimenti erogati a Istituzioni Sociali Private a titolo di copertura di spese eccezionali o di disavanzi accumulati dall'amministrazione.
U.2.04.19.01.000,Trasferimenti in conto capitale erogati a titolo di ripiano disavanzi pregressi a Istituzioni Sociali Private,Vedi voce di III livello
U.2.04.19.01.001,Trasferimenti in conto capitale erogati a titolo di ripiano disavanzi pregressi a Istituzioni Sociali Private,Vedi voce di III livello
U.2.04.20.00.000,Trasferimenti in conto capitale erogati a titolo di ripiano disavanzi pregressi all'Unione Europea e al Resto del Mondo,Trasferimenti erogati all'Unione Europea e al Resto del Mondo a titolo di copertura di spese eccezionali o di disavanzi accumulati dall'amministrazione.
U.2.04.20.01.000,Trasferimenti in conto capitale erogati a titolo di ripiano disavanzi pregressi all'Unione Europea,Trasferimenti erogati all'Unione Europea a titolo di copertura di spese eccezionali o di disavanzi accumulati dall'amministrazione.
U.2.04.20.01.001,Trasferimenti in conto capitale erogati a titolo di ripiano disavanzi pregressi all'Unione Europea,Vedi voce di IV livello
U.2.04.20.02.000,Trasferimenti in conto capitale erogati a titolo di ripiano disavanzi pregressi al Resto del Mondo,Trasferimenti erogati al Resto del Mondo a titolo di copertura di spese eccezionali o di disavanzi accumulati dall'amministrazione.
U.2.04.20.02.001,Trasferimenti in conto capitale erogati a titolo di ripiano disavanzi pregressi al Resto del Mondo,Vedi voce di IV livello
U.2.04.21.00.000,Altri trasferimenti in conto capitale n.a.c. ad Amministrazioni pubbliche,"La voce contiene trasferimenti di natura non ricorrente diversi dai contributi agli investimenti e dai trasferimenti in conto capitale oggetto delle altre voci appartenenti a questa categoria.
 Si tratta di operazioni a cui corrispondono effettivi movimenti finanziari. 
 Rientrano in questa voce tra gli altri i risarcimenti e le compensazioni per danni subiti da beni capitali, i lasciti e le donazioni.
 In questa voce rientrano le spese dell’amministrazione derivanti da tali movimenti finanziari allorché il soggetto beneficiario è un’altra amministrazione pubblica.
 
 PER IL DETTAGLIO ANAGRAFICO DELLE CATEGORIE INCLUSE IN TALE RUBRICA SI RIMANDA ALL'APPENDICE AL GLOSSARIO."
U.2.04.21.01.000,Altri trasferimenti in conto capitale n.a.c. a Amministrazioni Centrali,"La voce contiene trasferimenti di natura non ricorrente diversi dai contributi agli investimenti e dai trasferimenti in conto capitale oggetto delle altre voci appartenenti a questa categoria.
 Si tratta di operazioni a cui corrispondono effettivi movimenti finanziari. 
 Rientrano in questa voce tra gli altri i risarcimenti e le compensazioni per danni subiti da beni capitali, i lasciti e le donazioni.
 In questa voce rientrano le spese dell’amministrazione derivanti da tali movimenti finanziari allorché il soggetto beneficiario è una amministrazione pubblica centrale."
U.2.04.21.01.001,Altri trasferimenti in conto capitale n.a.c. a Ministeri,Altri trasferimenti in conto capitale n.a.c. a Ministeri. Per dettagli sulla natura del trasferimento vedi voce di IV livello
U.2.04.21.01.003,Altri trasferimenti in conto capitale n.a.c. a Presidenza del Consiglio dei Ministri,Altri trasferimenti in conto capitale n.a.c. a Presidenza del Consiglio dei Ministri. Per dettagli sulla natura del trasferimento vedi voce di IV livello
U.2.04.21.01.004,Altri trasferimenti in conto capitale n.a.c. a Organi Costituzionali e di rilievo costituzionale,Altri trasferimenti in conto capitale n.a.c. a Organi Costituzionali e di rilievo costituzionale. Per dettagli sulla natura del trasferimento vedi voce di IV livello
U.2.04.21.01.005,Altri trasferimenti in conto capitale n.a.c. a Agenzie Fiscali,Altri trasferimenti in conto capitale n.a.c. a Agenzie Fiscali. Per dettagli sulla natura del trasferimento vedi voce di IV livello
U.2.04.21.01.006,Altri trasferimenti in conto capitale n.a.c. a enti di regolazione dell'attività economica,Altri trasferimenti in conto capitale n.a.c. a enti di regolazione dell'attività economica. Per dettagli sulla natura del trasferimento vedi voce di IV livello
U.2.04.21.01.007,Altri trasferimenti in conto capitale n.a.c. a Gruppo Equitalia,Altri trasferimenti in conto capitale n.a.c. a Gruppo Equitalia. Per dettagli sulla natura del trasferimento vedi voce di IV livello
U.2.04.21.01.008,Altri trasferimenti in conto capitale n.a.c. a Anas S.p.A.,Altri trasferimenti in conto capitale n.a.c. a Anas S.p.A.. Per dettagli sulla natura del trasferimento vedi voce di IV livello
U.2.04.21.01.009,Altri trasferimenti in conto capitale n.a.c. a altri enti centrali produttori di servizi economici,Altri trasferimenti in conto capitale n.a.c. a altri enti centrali produttori di servizi economici. Per dettagli sulla natura del trasferimento vedi voce di IV livello
U.2.04.21.01.010,Altri trasferimenti in conto capitale n.a.c. a autorità amministrative indipendenti,Altri trasferimenti in conto capitale n.a.c. a autorità amministrative indipendenti. Per dettagli sulla natura del trasferimento vedi voce di IV livello
U.2.04.21.01.011,Altri trasferimenti in conto capitale n.a.c. a enti centrali a struttura associativa,Altri trasferimenti in conto capitale n.a.c. a enti centrali a struttura associativa. Per dettagli sulla natura del trasferimento vedi voce di IV livello
U.2.04.21.01.012,"Altri trasferimenti in conto capitale n.a.c. a enti centrali produttori di servizi assistenziali, ricreativi e culturali","Altri trasferimenti in conto capitale n.a.c. a enti centrali produttori di servizi assistenziali, ricreativi e culturali. Per dettagli sulla natura del trasferimento vedi voce di IV livello"
U.2.04.21.01.013,Altri trasferimenti in conto capitale n.a.c. a enti e istituzioni centrali di ricerca e Istituti e stazioni sperimentali per la ricerca,Altri trasferimenti in conto capitale n.a.c. a enti e istituzioni centrali di ricerca e Istituti e stazioni sperimentali per la ricerca. Per dettagli sulla natura del trasferimento vedi voce di IV livello
U.2.04.21.01.999,Altri trasferimenti in conto capitale n.a.c. a altre Amministrazioni Centrali n.a.c.,Altri trasferimenti in conto capitale n.a.c. a altre Amministrazioni Centrali n.a.c.. Per dettagli sulla natura del trasferimento vedi voce di IV livello
U.2.04.21.02.000,Altri trasferimenti in conto capitale n.a.c. a Amministrazioni Locali,"La voce contiene trasferimenti di natura non ricorrente diversi dai contributi agli investimenti e dai trasferimenti in conto capitale oggetto delle altre voci appartenenti a questa categoria.
 Si tratta di operazioni a cui corrispondono effettivi movimenti finanziari. 
 Rientrano in questa voce tra gli altri i risarcimenti e le compensazioni per danni subiti da beni capitali, i lasciti e le donazioni.
 In questa voce rientrano le spese dell’amministrazione derivanti da tali movimenti finanziari allorché il soggetto beneficiario è una amministrazione pubblica locale."
U.2.04.21.02.001,Altri trasferimenti in conto capitale n.a.c. a Regioni e province autonome,Altri trasferimenti in conto capitale n.a.c. a Regioni e province autonome. Per dettagli sulla natura del trasferimento vedi voce di IV livello
U.2.04.21.02.002,Altri trasferimenti in conto capitale n.a.c. a Province,Altri trasferimenti in conto capitale n.a.c. a Province. Per dettagli sulla natura del trasferimento vedi voce di IV livello
U.2.04.21.02.003,Altri trasferimenti in conto capitale n.a.c. a Comuni,Altri trasferimenti in conto capitale n.a.c. a Comuni. Per dettagli sulla natura del trasferimento vedi voce di IV livello
U.2.04.21.02.004,Altri trasferimenti in conto capitale n.a.c. a Città metropolitane e Roma capitale,Altri trasferimenti in conto capitale n.a.c. a Città metropolitane e Roma capitale. Per dettagli sulla natura del trasferimento vedi voce di IV livello
U.2.04.21.02.005,Altri trasferimenti in conto capitale n.a.c. a Unioni di Comuni,Altri trasferimenti in conto capitale n.a.c. a Unioni di Comuni. Per dettagli sulla natura del trasferimento vedi voce di IV livello
U.2.04.21.02.006,Altri trasferimenti in conto capitale n.a.c. a Comunità Montane,Altri trasferimenti in conto capitale n.a.c. a Comunità Montane. Per dettagli sulla natura del trasferimento vedi voce di IV livello
U.2.04.21.02.007,Altri trasferimenti in conto capitale n.a.c. a Camere di Commercio,Altri trasferimenti in conto capitale n.a.c. a Camere di Commercio. Per dettagli sulla natura del trasferimento vedi voce di IV livello
U.2.04.21.02.008,Altri trasferimenti in conto capitale n.a.c. a Università,Altri trasferimenti in conto capitale n.a.c. a Università. Per dettagli sulla natura del trasferimento vedi voce di IV livello
U.2.04.21.02.009,Altri trasferimenti in conto capitale n.a.c. a Parchi nazionali e consorzi ed enti autonomi gestori di parchi e aree naturali protette,Altri trasferimenti in conto capitale n.a.c. a Parchi nazionali e consorzi ed enti autonomi gestori di parchi e aree naturali protette. Per dettagli sulla natura del trasferimento vedi voce di IV livello
U.2.04.21.02.010,Altri trasferimenti in conto capitale n.a.c. a Autorità Portuali,Altri trasferimenti in conto capitale n.a.c. a Autorità Portuali. Per dettagli sulla natura del trasferimento vedi voce di IV livello
U.2.04.21.02.011,Altri trasferimenti in conto capitale n.a.c. a Aziende sanitarie locali,Altri trasferimenti in conto capitale n.a.c. a Aziende sanitarie locali . Per dettagli sulla natura del trasferimento vedi voce di IV livello
U.2.04.21.02.024,Altri trasferimenti in conto capitale n.a.c. a Aziende sanitarie locali a titolo di ripiano perdite pregresse del SSR,Altri trasferimenti in conto capitale n.a.c. a Aziende sanitarie locali a titolo di ripiano perdite pregresse del SSR. Per dettagli sulla natura del trasferimento vedi voce di IV livello
U.2.04.21.02.012,Altri trasferimenti in conto capitale n.a.c. a Aziende ospedaliere e Aziende ospedaliere universitarie integrate con il SSN,Altri trasferimenti in conto capitale n.a.c. a Aziende ospedaliere e Aziende ospedaliere universitarie integrate con il SSN. Per dettagli sulla natura del trasferimento vedi voce di IV livello
U.2.04.21.02.029,Altri trasferimenti in conto capitale n.a.c. a Aziende ospedaliere e Aziende ospedaliere universitarie integrate con il SSN a titolo di ripiano perdite pregresse del SSR,Altri trasferimenti in conto capitale n.a.c. a Aziende ospedaliere e Aziende ospedaliere universitarie integrate con il SSN a titolo di ripiano perdite pregresse del SSR. Per dettagli sulla natura del trasferimento vedi voce di IV livello
U.2.04.21.02.013,Altri trasferimenti in conto capitale n.a.c. a Policlinici,Altri trasferimenti in conto capitale n.a.c. a Policlinici. Per dettagli sulla natura del trasferimento vedi voce di IV livello
U.2.04.21.02.014,Altri trasferimenti in conto capitale n.a.c. a Istituti di ricovero e cura a carattere scientifico pubblici,Altri trasferimenti in conto capitale n.a.c. a Istituti di ricovero e cura a carattere scientifico pubblici. Per dettagli sulla natura del trasferimento vedi voce di IV livello
U.2.04.21.02.037,Altri trasferimenti in conto capitale n.a.c. a Istituti di ricovero e cura a carattere scientifico pubblici a titolo di ripiano perdite pregresse del SSR,Altri trasferimenti in conto capitale n.a.c. a Istituti di ricovero e cura a carattere scientifico pubblici a titolo di ripiano perdite pregresse del SSR. Per dettagli sulla natura del trasferimento vedi voce di IV livello
U.2.04.21.02.015,Altri trasferimenti in conto capitale n.a.c. a altre Amministrazioni Locali produttrici di servizi sanitari,Altri trasferimenti in conto capitale n.a.c. a altre Amministrazioni Locali produttrici di servizi sanitari. Per dettagli sulla natura del trasferimento vedi voce di IV livello
U.2.04.21.02.016,Altri trasferimenti in conto capitale n.a.c. a Agenzie regionali per le erogazioni in agricoltura,Altri trasferimenti in conto capitale n.a.c. a Agenzie regionali per le erogazioni in agricoltura. Per dettagli sulla natura del trasferimento vedi voce di IV livello
U.2.04.21.02.017,Altri trasferimenti in conto capitale n.a.c. a altri enti e agenzie regionali e sub regionali,Altri trasferimenti in conto capitale n.a.c. a altri enti e agenzie regionali e sub regionali. Per dettagli sulla natura del trasferimento vedi voce di IV livello
U.2.04.21.02.018,Altri trasferimenti in conto capitale n.a.c. a Consorzi di enti locali,Altri trasferimenti in conto capitale n.a.c. a Consorzi di enti locali. Per dettagli sulla natura del trasferimento vedi voce di IV livello
U.2.04.21.02.019,Altri trasferimenti in conto capitale n.a.c. a Fondazioni e istituzioni liriche locali e a Teatri stabili di iniziativa pubblica,Altri trasferimenti in conto capitale n.a.c. a Fondazioni e istituzioni liriche locali e a Teatri stabili di iniziativa pubblica. Per dettagli sulla natura del trasferimento vedi voce di IV livello
U.2.04.21.02.999,Altri trasferimenti in conto capitale n.a.c. a altre Amministrazioni Locali n.a.c.,Altri trasferimenti in conto capitale n.a.c. a altre Amministrazioni Locali n.a.c.. Per dettagli sulla natura del trasferimento vedi voce di IV livello
U.2.04.21.03.000,Altri trasferimenti in conto capitale n.a.c. a Enti di Previdenza,"La voce contiene trasferimenti di natura non ricorrente diversi dai contributi agli investimenti e dai trasferimenti in conto capitale oggetto delle altre voci appartenenti a questa categoria.
 Si tratta di operazioni a cui corrispondono effettivi movimenti finanziari. 
 Rientrano in questa voce tra gli altri i risarcimenti e le compensazioni per danni subiti da beni capitali, i lasciti e le donazioni.
 In questa voce rientrano le spese dell’amministrazione derivanti da tali movimenti finanziari allorché il soggetto beneficiario è un ente di previdenza."
U.2.04.21.03.001,Altri trasferimenti in conto capitale n.a.c. a INPS,Altri trasferimenti in conto capitale n.a.c. a INPS. Per dettagli sulla natura del trasferimento vedi voce di IV livello
U.2.04.21.03.002,Altri trasferimenti in conto capitale n.a.c. a INAIL,Altri trasferimenti in conto capitale n.a.c. a INAIL. Per dettagli sulla natura del trasferimento vedi voce di IV livello
U.2.04.21.03.999,Altri trasferimenti in conto capitale n.a.c. a altri Enti di Previdenza n.a.c.,Altri trasferimenti in conto capitale n.a.c. a altri Enti di Previdenza n.a.c.. Per dettagli sulla natura del trasferimento vedi voce di IV livello
U.2.04.21.99.000,Altri trasferimenti in conto capitale n.a.c. a organismi interni e/o unità locali della amministrazione,Altri trasferimenti in conto capitale n.a.c. a organismi interni e/o unità locali della amministrazione
U.2.04.21.99.001,Altri trasferimenti in conto capitale n.a.c. a organismi interni e/o unità locali della amministrazione,Vedi voce di IV livello
U.2.04.22.00.000,Altri trasferimenti in conto capitale n.a.c. a Famiglie,"La voce contiene trasferimenti di natura non ricorrente diversi dai contributi agli investimenti e dai trasferimenti in conto capitale oggetto delle altre voci appartenenti a questa categoria.
 Si tratta di operazioni a cui corrispondono effettivi movimenti finanziari. 
 Rientrano in questa voce i risarcimenti e le compensazioni per danni subiti da beni capitali, i lasciti e le donazioni.
 In questa voce rientrano le spese dell’amministrazione derivanti da tali movimenti finanziari allorché il soggetto beneficiario è una famiglia."
U.2.04.22.01.000,Altri trasferimenti in conto capitale n.a.c. a Famiglie,Vedi voce di III livello
U.2.04.22.01.001,Altri trasferimenti in conto capitale n.a.c. a Famiglie,Vedi voce di III livello
U.2.04.23.00.000,Altri trasferimenti in conto capitale n.a.c. a Imprese,"La voce contiene trasferimenti di natura non ricorrente diversi dai contributi agli investimenti e dai trasferimenti in conto capitale oggetto delle altre voci appartenenti a questa categoria.
 Si tratta di operazioni a cui corrispondono effettivi movimenti finanziari. 
 Rientrano in questa voce i risarcimenti e le compensazioni per danni subiti da beni capitali.
 In questa voce rientrano le spese dell’amministrazione derivanti da tali movimenti finanziari allorché il soggetto beneficiario è un'impresa."
U.2.04.23.01.000,Altri trasferimenti in conto capitale n.a.c. a imprese controllate,Altri trasferimenti in conto capitale n.a.c. a imprese controllate
U.2.04.23.01.001,Altri trasferimenti in conto capitale n.a.c. a imprese controllate,Vedi voce di IV livello
U.2.04.23.02.000,Altri trasferimenti in conto capitale n.a.c. a altre imprese partecipate,Altri trasferimenti in conto capitale n.a.c. a altre imprese partecipate
U.2.04.23.02.001,Altri trasferimenti in conto capitale n.a.c. a altre imprese partecipate,Vedi voce di IV livello
U.2.04.23.03.000,Altri trasferimenti in conto capitale n.a.c. a altre Imprese,Altri trasferimenti in conto capitale n.a.c. a altre Imprese
U.2.04.23.03.999,Altri trasferimenti in conto capitale n.a.c. a altre Imprese,Vedi voce di IV livello
U.2.04.24.00.000,Altri trasferimenti in conto capitale n.a.c. a Istituzioni Sociali Private,"La voce contiene trasferimenti di natura non ricorrente diversi dai contributi agli investimenti e dai trasferimenti in conto capitale oggetto delle altre voci appartenenti a questa categoria.
 Si tratta di operazioni a cui corrispondono effettivi movimenti finanziari. 
 Rientrano in questa voce i risarcimenti e le compensazioni per danni subiti da beni capitali, i lasciti e le donazioni.
 In questa voce rientrano le spese dell’amministrazione derivanti da tali movimenti finanziari allorché il soggetto beneficiario è un'istituzione sociale privata."
U.2.04.24.01.000,Altri trasferimenti in conto capitale n.a.c. a Istituzioni Sociali Private,Vedi voce di III livello
U.2.04.24.01.001,Altri trasferimenti in conto capitale n.a.c. a Istituzioni Sociali Private,Vedi voce di III livello
U.2.04.25.00.000,Altri trasferimenti in conto capitale n.a.c. all'Unione Europea e al Resto del Mondo,"La voce contiene trasferimenti di natura non ricorrente diversi dai contributi agli investimenti e dai trasferimenti in conto capitale oggetto delle altre voci appartenenti a questa categoria.
 Si tratta di operazioni a cui corrispondono effettivi movimenti finanziari. 
 Rientrano in questa voce i risarcimenti e le compensazioni per danni subiti da beni capitali, i lasciti e le donazioni.
 In questa voce rientrano le spese dell’amministrazione derivanti da tali movimenti finanziari allorché il soggetto beneficiario è l'Unione Europea o un altro paese al di fuori di essa."
U.2.04.25.01.000,Altri trasferimenti in conto capitale n.a.c. all'Unione Europea,Altri trasferimenti in conto capitale n.a.c. all'Unione Europea
U.2.04.25.01.001,Altri trasferimenti in conto capitale n.a.c. all'Unione Europea,Vedi voce di IV livello
U.2.04.25.02.000,Altri trasferimenti in conto capitale n.a.c. al Resto del Mondo,Altri trasferimenti in conto capitale n.a.c. al Resto del Mondo
U.2.04.25.02.001,Altri trasferimenti in conto capitale n.a.c. al Resto del Mondo,Vedi voce di IV livello
U.2.05.00.00.000,Altre spese in conto capitale,
U.2.05.04.00.000,Altri rimborsi in conto capitale di somme non dovute o incassate in eccesso,Altri rimborsi in conto capitale di somme non dovute o incassate in eccesso
U.2.05.04.01.000,Rimborsi in conto capitale ad Amministrazioni Centrali di somme non dovute o incassate in eccesso,Rimborsi in conto capitale ad Amministrazioni Centrali di somme non dovute o incassate in eccesso
U.2.05.04.01.001,Rimborsi in conto capitale ad Amministrazioni Centrali di somme non dovute o incassate in eccesso,Vedi voce di IV livello
U.2.05.04.02.000,Rimborsi in conto capitale ad Amministrazioni Locali di somme non dovute o incassate in eccesso,Rimborsi in conto capitale ad Amministrazioni Locali di somme non dovute o incassate in eccesso
U.2.05.04.02.001,Rimborsi in conto capitale ad Amministrazioni Locali di somme non dovute o incassate in eccesso,Vedi voce di IV livello
U.2.05.04.03.000,Rimborsi in conto capitale a Enti Previdenziali di somme non dovute o incassate in eccesso,Rimborsi in conto capitale a Enti Previdenziali di somme non dovute o incassate in eccesso
U.2.05.04.03.001,Rimborsi in conto capitale a Enti Previdenziali di somme non dovute o incassate in eccesso,Vedi voce di IV livello
U.2.05.04.04.000,Rimborsi in conto capitale a Famiglie di somme non dovute o incassate in eccesso,Rimborsi in conto capitale a Famiglie di somme non dovute o incassate in eccesso
U.2.05.04.04.001,Rimborsi in conto capitale a Famiglie di somme non dovute o incassate in eccesso,Vedi voce di IV livello
U.2.05.04.05.000,Rimborsi in conto capitale a Imprese di somme non dovute o incassate in eccesso,Rimborsi in conto capitale a Imprese di somme non dovute o incassate in eccesso
U.2.05.04.05.001,Rimborsi in conto capitale a Imprese di somme non dovute o incassate in eccesso,Vedi voce di IV livello
U.2.05.04.06.000,Rimborsi in conto capitale a Istituzioni Sociali Private di somme non dovute o incassate in eccesso,Rimborsi in conto capitale a Istituzioni Sociali Private di somme non dovute o incassate in eccesso
U.2.05.04.06.001,Rimborsi in conto capitale a Istituzioni Sociali Private di somme non dovute o incassate in eccesso,Vedi voce di IV livello
U.2.05.99.00.000,Altre spese in conto capitale n.a.c.,Spese in c/capitale non previste nelle altre voci del piano dei conti.
U.2.05.99.99.000,Altre spese in conto capitale n.a.c.,Vedi voce di III livello
U.2.05.99.99.999,Altre spese in conto capitale n.a.c.,Vedi voce di III livello
U.3.00.00.00.000,Spese per incremento attività finanziarie,
U.3.01.00.00.000,Acquisizioni di attività finanziarie,
U.3.01.01.00.000,Acquisizioni di partecipazioni e conferimenti di capitale,Conferimenti di capitale o acquisizione di quote o azioni di società
U.3.01.01.01.000,Acquisizioni di partecipazioni e conferimenti di capitale in imprese incluse nelle Amministrazioni Centrali,Conferimenti di capitale o acquisizione di quote o azioni di società incluse nell'elenco delle amministrazioni centrali della lista S.13
U.3.01.01.01.001,Acquisizioni di partecipazioni e conferimenti di capitale in imprese controllate incluse nelle Amministrazioni Centrali,Acquisizioni di partecipazioni e conferimenti di capitale in imprese controllate incluse nelle Amministrazioni Centrali
U.3.01.01.01.002,Acquisizioni di partecipazioni e conferimenti di capitale in altre imprese partecipate incluse nelle Amministrazioni Centrali,Acquisizioni di partecipazioni e conferimenti di capitale in altre imprese partecipate incluse nelle Amministrazioni Centrali
U.3.01.01.01.003,Acquisizioni di partecipazioni e conferimenti di capitale in altre imprese incluse nelle Amministrazioni Centrali,Acquisizioni di partecipazioni e conferimenti di capitale in altre imprese incluse nelle Amministrazioni Centrali
U.3.01.01.02.000,Acquisizioni di partecipazioni e conferimenti di capitale in imprese incluse nelle Amministrazioni Locali,Conferimenti di capitale o acquisizione di quote o azioni di società incluse nell'elenco delle amministrazioni locali della lista S.13
U.3.01.01.02.001,Acquisizioni di partecipazioni e conferimenti di capitale in imprese controllate incluse nelle Amministrazioni Locali,Acquisizioni di partecipazioni e conferimenti di capitale in imprese controllate incluse nelle Amministrazioni Locali
U.3.01.01.02.002,Acquisizioni di partecipazioni e conferimenti di capitale in altre imprese partecipate incluse nelle Amministrazioni Locali,Acquisizioni di partecipazioni e conferimenti di capitale in altre imprese partecipate incluse nelle Amministrazioni Locali
U.3.01.01.02.003,Acquisizioni di partecipazioni e conferimenti di capitale in altre imprese incluse nelle Amministrazioni Locali,Acquisizioni di partecipazioni e conferimenti di capitale in altre imprese incluse nelle Amministrazioni Locali
U.3.01.01.03.000,Acquisizioni di partecipazioni e conferimenti di capitale in altre imprese,Conferimenti di capitale o acquisizione di quote o azioni di società non incluse nell'elenco delle amministrazioni pubbliche della lista S.13
U.3.01.01.03.001,Acquisizioni di partecipazioni e conferimenti di capitale in imprese controllate,Acquisizioni di partecipazioni e conferimenti di capitale in imprese controllate
U.3.01.01.03.002,Acquisizioni di partecipazioni e conferimenti di capitale in altre imprese partecipate,Acquisizioni di partecipazioni e conferimenti di capitale in altre imprese partecipate
U.3.01.01.03.003,Acquisizioni di partecipazioni e conferimenti di capitale in altre imprese,Acquisizioni di partecipazioni e conferimenti di capitale in altre imprese
U.3.01.01.04.000,Acquisizioni di partecipazioni e conferimenti di capitale in Istituzioni sociali private - ISP,Conferimenti di capitale o acquisizione di quote o azioni di Istituzioni sociali private - ISP
U.3.01.01.04.001,Acquisizioni di partecipazioni e conferimenti di capitale in ISP controllate,Acquisizioni di partecipazioni e conferimenti di capitale in ISP controllate
U.3.01.01.04.002,Acquisizioni di partecipazioni e conferimenti di capitale in altre ISP,Acquisizioni di partecipazioni e conferimenti di capitale in altre ISP
U.3.01.02.00.000,Acquisizioni di quote di fondi comuni di investimento,Acquisizioni di quote di fondi comuni di investimento
U.3.01.02.01.000,Acquisizioni di quote di fondi immobiliari,Acquisizioni di quote di fondi immobiliari
U.3.01.02.01.001,Acquisizioni di quote di fondi immobiliari,Vedi voce di IV livello
U.3.01.02.02.000,Acquisizioni di quote di altri fondi comuni di investimento,Acquisizioni di quote di altri fondi comuni di investimento
U.3.01.02.02.001,Acquisizioni di quote di altri fondi comuni di investimento,Vedi voce di IV livello
U.3.01.03.00.000,Acquisizione di titoli obbligazionari a breve termine,Acquisto di titoli obbligazionari con durata uguale o inferiore all’anno
U.3.01.03.01.000,Acquisizione di titoli obbligazionari a breve termine emessi da Amministrazioni Centrali,"Acquisizione del capitale nominale di uno strumento finanziario negoziabile con durata uguale o inferiore all’anno emesso da Amministrazioni centrali (ad esempio: acquisizione di Buoni ordinari del Tesoro emessi dal Ministero dell'Economia e delle Finanze, rientrante tra le amministrazioni pubbliche nel sottosettore delle Amministrazioni Centrali)"
U.3.01.03.01.001,Acquisizione di titoli obbligazionari a breve termine emessi da Amministrazioni Centrali,Vedi voce di IV livello
U.3.01.03.02.000,Acquisizione di titoli obbligazionari a breve termine emessi da Amministrazioni Locali,"Acquisizione del capitale nominale di uno strumento finanziario negoziabile con durata uguale o inferiore all’anno emesso da Amministrazioni locali (ad esempio: acquisizione di Buoni ordinari comunali emessi dai Comuni, rientranti tra le amministrazioni pubbliche nel sottosettore delle Amministrazioni Locali)"
U.3.01.03.02.001,Acquisizione di titoli obbligazionari a breve termine emessi da Amministrazioni Locali,Vedi voce di IV livello
U.3.01.03.03.000,Acquisizione di titoli obbligazionari a breve termine emessi da imprese residenti,Acquisizione del capitale nominale di uno strumento finanziario negoziabile con durata uguale o inferiore all’anno emesso un soggetto residente non rientrante tra le amministrazioni pubbliche centrali e locali
U.3.01.03.03.001,Acquisizione di titoli obbligazionari a breve termine emessi da soggetti residenti,Vedi voce di IV livello
U.3.01.03.04.000,Acquisizione di titoli obbligazionari a breve termine emessi da soggetti non residenti,Acquisizione del capitale nominale di uno strumento finanziario negoziabile con durata uguale o inferiore all’anno emesso un soggetto non residente in Italia.
U.3.01.03.04.001,Acquisizione di titoli obbligazionari a breve termine emessi da soggetti non residenti,Vedi voce di IV livello
U.3.01.04.00.000,Acquisizione di titoli obbligazionari a medio-lungo termine,Acquisto di titoli obbligazionari con durata superiore all’anno
U.3.01.04.01.000,Acquisizione di titoli obbligazionari a medio-lungo emessi da Amministrazioni Centrali,"Acquisizione del capitale nominale di uno strumento finanziario negoziabile con durata superiore all’anno emesso da Amministrazioni centrali (ad esempio: acquisizione di BTP emessi dal Ministero dell'Economia e delle Finanze, rientrante tra le amministrazioni pubbliche nel sottosettore delle Amministrazioni Centrali)."
U.3.01.04.01.001,Acquisizione di titoli obbligazionari a medio-lungo emessi da Amministrazioni Centrali,Vedi voce di IV livello
U.3.01.04.02.000,Acquisizione di titoli obbligazionari a medio-lungo emessi da Amministrazioni Locali,Acquisizione del capitale nominale di uno strumento finanziario negoziabile con durata superiore all’anno emesso da Amministrazioni locali.
U.3.01.04.02.001,Acquisizione di titoli obbligazionari a medio-lungo emessi da Amministrazioni Locali,Vedi voce di IV livello
U.3.01.04.03.000,Acquisizione di titoli obbligazionari a medio-lungo emessi da altri soggetti residenti,Acquisizione del capitale nominale di uno strumento finanziario negoziabile con durata superiore all’anno emesso da un soggetto residente non rientrante tra le amministrazioni pubbliche centrali e locali.
U.3.01.04.03.001,Acquisizione di titoli obbligazionari a medio-lungo emessi da altri soggetti residenti,Vedi voce di IV livello
U.3.01.04.04.000,Acquisizione di titoli obbligazionari a medio-lungo emessi da soggetti non residenti,Acquisizione del capitale nominale di uno strumento finanziario negoziabile con durata superiore all’anno emesso da un soggetto non residente in Italia.
U.3.01.04.04.001,Acquisizione di titoli obbligazionari a medio-lungo emessi da soggetti non residenti,Vedi voce di IV livello
U.3.02.00.00.000,Concessione crediti di breve termine,"Incremento di attività finanziaria determinato dalla concessione di un credito a terzi a titolo di prestito da restituire entro un anno dall'accensione. 
 
 Il beneficiario del credito registrerà lo stesso in entrata alla rubrica ""Accensione prestiti"". La restituzione del credito, per l'ente creditore, va registrata nella rubrica ""Riscossione Crediti"" mentre l'ente debitore rimborserà la quota capitale all'interno della rubrica ""Rimborso prestiti"" e la quota interessi tra gli ""interessi passivi"""
U.3.02.01.00.000,Concessione crediti di breve periodo a tasso agevolato a Amministrazioni Pubbliche,"Incremento di attività finanziaria determinato dalla concessione di un credito da restituire entro un anno dall'accensione erogato a titolo di prestito con tasso inferiore a quello di mercato a amministrazioni pubbliche.
 
 PER IL DETTAGLIO ANAGRAFICO DELLE CATEGORIE INCLUSE IN TALE RUBRICA SI RIMANDA ALL'APPENDICE AL GLOSSARIO."
U.3.02.01.01.000,Concessione crediti di breve periodo a tasso agevolato a Amministrazioni Centrali,Incremento di attività finanziaria determinato dalla concessione di un credito da restituire entro un anno dall'accensione erogato a titolo di prestito con tasso inferiore a quello di mercato a amministrazioni centrali
U.3.02.01.01.001,Concessione crediti di breve periodo a tasso agevolato a Ministeri,Incremento di attività finanziaria determinato dalla concessione di un credito da restituire entro un anno dall'accensione erogato a titolo di prestito con tasso inferiore a quello di mercato a ministeri
U.3.02.01.01.003,Concessione crediti di breve periodo a tasso agevolato a Presidenza del Consiglio dei Ministri,Incremento di attività finanziaria determinato dalla concessione di un credito da restituire entro un anno dall'accensione erogato a titolo di prestito con tasso inferiore a quello di mercato a Presidenza del consiglio dei ministri
U.3.02.01.01.004,Concessione crediti di breve periodo a tasso agevolato a Organi Costituzionali e di rilievo costituzionale,Incremento di attività finanziaria determinato dalla concessione di un credito da restituire entro un anno dall'accensione erogato a titolo di prestito con tasso inferiore a quello di mercato a organi costituzionali e di rilievo costituzionale
U.3.02.01.01.005,Concessione crediti di breve periodo a tasso agevolato a Agenzie Fiscali,Incremento di attività finanziaria determinato dalla concessione di un credito da restituire entro un anno dall'accensione erogato a titolo di prestito con tasso inferiore a quello di mercato a agenzie fiscali
U.3.02.01.01.006,Concessione crediti di breve periodo a tasso agevolato a enti di regolazione dell'attività economica,Incremento di attività finanziaria determinato dalla concessione di un credito da restituire entro un anno dall'accensione erogato a titolo di prestito con tasso inferiore a quello di mercato a enti di regolazione dell'attività economica
U.3.02.01.01.007,Concessione crediti di breve periodo a tasso agevolato a Gruppo Equitalia,Incremento di attività finanziaria determinato dalla concessione di un credito da restituire entro un anno dall'accensione erogato a titolo di prestito con tasso inferiore a quello di mercato a Gruppo Equitalia
U.3.02.01.01.008,Concessione crediti di breve periodo a tasso agevolato a Anas S.p.A.,Incremento di attività finanziaria determinato dalla concessione di un credito da restituire entro un anno dall'accensione erogato a titolo di prestito con tasso inferiore a quello di mercato a Anas S.p.A.
U.3.02.01.01.009,Concessione crediti di breve periodo a tasso agevolato a altri enti centrali produttori di servizi economici,Incremento di attività finanziaria determinato dalla concessione di un credito da restituire entro un anno dall'accensione erogato a titolo di prestito con tasso inferiore a quello di mercato a altri enti centrali produttori di servizi economici
U.3.02.01.01.010,Concessione crediti di breve periodo a tasso agevolato a autorità amministrative indipendenti,Incremento di attività finanziaria determinato dalla concessione di un credito da restituire entro un anno dall'accensione erogato a titolo di prestito con tasso inferiore a quello di mercato a autorità amministrative indipendenti
U.3.02.01.01.011,Concessione crediti di breve periodo a tasso agevolato a enti centrali a struttura associativa,Incremento di attività finanziaria determinato dalla concessione di un credito da restituire entro un anno dall'accensione erogato a titolo di prestito con tasso inferiore a quello di mercato a struttura associativa
U.3.02.01.01.012,"Concessione crediti di breve periodo a tasso agevolato a enti centrali produttori di servizi assistenziali, ricreativi e culturali","Incremento di attività finanziaria determinato dalla concessione di un credito da restituire entro un anno dall'accensione erogato a titolo di prestito con tasso inferiore a quello di mercato a enti centrali produttori di servizi assistenziali, ricreativi e culturali"
U.3.02.01.01.013,Concessione crediti di breve periodo a tasso agevolato a enti e istituzioni centrali di ricerca e istituti e stazioni sperimentali per la ricerca,Incremento di attività finanziaria determinato dalla concessione di un credito da restituire entro un anno dall'accensione erogato a titolo di prestito con tasso inferiore a quello di mercato a enti e istituzioni centrali di ricerca e istituti e stazioni sperimentali per la ricerca
U.3.02.01.01.999,Concessione crediti di breve periodo a tasso agevolato a altre Amministrazioni Centrali n.a.c.,Incremento di attività finanziaria determinato dalla concessione di un credito da restituire entro un anno dall'accensione erogato a titolo di prestito con tasso inferiore a quello di mercato a altre amministrazioni centrali n.a.c.
U.3.02.01.02.000,Concessione crediti di breve periodo a tasso agevolato a Amministrazioni Locali,Incremento di attività finanziaria determinato dalla concessione di un credito da restituire entro un anno dall'accensione erogato a titolo di prestito con tasso inferiore a quello di mercato a amministrazioni locali
U.3.02.01.02.001,Concessione crediti di breve periodo a tasso agevolato a Regioni e province autonome,Incremento di attività finanziaria determinato dalla concessione di un credito da restituire entro un anno dall'accensione erogato a titolo di prestito con tasso inferiore a quello di mercato a regioni e province autonome
U.3.02.01.02.002,Concessione crediti di breve periodo a tasso agevolato a Province,Incremento di attività finanziaria determinato dalla concessione di un credito da restituire entro un anno dall'accensione erogato a titolo di prestito con tasso inferiore a quello di mercato a province
U.3.02.01.02.003,Concessione crediti di breve periodo a tasso agevolato a Comuni,Incremento di attività finanziaria determinato dalla concessione di un credito da restituire entro un anno dall'accensione erogato a titolo di prestito con tasso inferiore a quello di mercato a comuni
U.3.02.01.02.004,Concessione crediti di breve periodo a tasso agevolato a Città metropolitane e Roma capitale,Incremento di attività finanziaria determinato dalla concessione di un credito da restituire entro un anno dall'accensione erogato a titolo di prestito con tasso inferiore a quello di mercato a città metropolitane e Roma capitale
U.3.02.01.02.005,Concessione crediti di breve periodo a tasso agevolato a Unioni di Comuni,Incremento di attività finanziaria determinato dalla concessione di un credito da restituire entro un anno dall'accensione erogato a titolo di prestito con tasso inferiore a quello di mercato a unioni di comuni
U.3.02.01.02.006,Concessione crediti di breve periodo a tasso agevolato a Comunità Montane,Incremento di attività finanziaria determinato dalla concessione di un credito da restituire entro un anno dall'accensione erogato a titolo di prestito con tasso inferiore a quello di mercato a comunità montane
U.3.02.01.02.007,Concessione crediti di breve periodo a tasso agevolato a Camere di Commercio,Incremento di attività finanziaria determinato dalla concessione di un credito da restituire entro un anno dall'accensione erogato a titolo di prestito con tasso inferiore a quello di mercato a camere di commercio
U.3.02.01.02.008,Concessione crediti di breve periodo a tasso agevolato a Università,Incremento di attività finanziaria determinato dalla concessione di un credito da restituire entro un anno dall'accensione erogato a titolo di prestito con tasso inferiore a quello di mercato a università
U.3.02.01.02.009,Concessione crediti di breve periodo a tasso agevolato a Parchi nazionali e consorzi ed enti autonomi gestori di parchi e aree naturali protette,Incremento di attività finanziaria determinato dalla concessione di un credito da restituire entro un anno dall'accensione erogato a titolo di prestito con tasso inferiore a quello di mercato a parchi nazionali e consorzi ed enti autonomi gestori di parchi e aree naturali protette
U.3.02.01.02.010,Concessione crediti di breve periodo a tasso agevolato a Autorità Portuali,Incremento di attività finanziaria determinato dalla concessione di un credito da restituire entro un anno dall'accensione erogato a titolo di prestito con tasso inferiore a quello di mercato a autorità portuali
U.3.02.01.02.011,Concessione crediti di breve periodo a tasso agevolato a Aziende sanitarie locali,Incremento di attività finanziaria determinato dalla concessione di un credito da restituire entro un anno dall'accensione erogato a titolo di prestito con tasso inferiore a quello di mercato a aziende sanitarie locali
U.3.02.01.02.012,Concessione crediti di breve periodo a tasso agevolato a Aziende ospedaliere e Aziende ospedaliere universitarie integrate con il SSN,Incremento di attività finanziaria determinato dalla concessione di un credito da restituire entro un anno dall'accensione erogato a titolo di prestito con tasso inferiore a quello di mercato a aziende ospedaliere e aziende ospedaliere universitarie integrate con il SSN
U.3.02.01.02.013,Concessione crediti di breve periodo a tasso agevolato a Policlinici,Incremento di attività finanziaria determinato dalla concessione di un credito da restituire entro un anno dall'accensione erogato a titolo di prestito con tasso inferiore a quello di mercato a policlinici
U.3.02.01.02.014,Concessione crediti di breve periodo a tasso agevolato a Istituti di ricovero e cura a carattere scientifico pubblici,Incremento di attività finanziaria determinato dalla concessione di un credito da restituire entro un anno dall'accensione erogato a titolo di prestito con tasso inferiore a quello di mercato a istituti di ricovero e cura a carattere scientifico pubblici
U.3.02.01.02.015,Concessione crediti di breve periodo a tasso agevolato a altre Amministrazioni Locali produttrici di servizi sanitari,Incremento di attività finanziaria determinato dalla concessione di un credito da restituire entro un anno dall'accensione erogato a titolo di prestito con tasso inferiore a quello di mercato a altre amministrazioni locali produttrici di servizi sanitari
U.3.02.01.02.016,Concessione crediti di breve periodo a tasso agevolato a Agenzie regionali per le erogazioni in agricoltura,Incremento di attività finanziaria determinato dalla concessione di un credito da restituire entro un anno dall'accensione erogato a titolo di prestito con tasso inferiore a quello di mercato a agenzie regionali per le erogazioni in agricoltura
U.3.02.01.02.017,Concessione crediti di breve periodo a tasso agevolato a altri enti e agenzie regionali e sub regionali,Incremento di attività finanziaria determinato dalla concessione di un credito da restituire entro un anno dall'accensione erogato a titolo di prestito con tasso inferiore a quello di mercato a altri enti e agenzie regionali e sub regionali
U.3.02.01.02.018,Concessione crediti di breve periodo a tasso agevolato a Consorzi di enti locali,Incremento di attività finanziaria determinato dalla concessione di un credito da restituire entro un anno dall'accensione erogato a titolo di prestito con tasso inferiore a quello di mercato a consorzi di enti locali
U.3.02.01.02.019,Concessione crediti di breve periodo a tasso agevolato a Fondazioni e istituzioni liriche locali e a Teatri stabili di iniziativa pubblica,Incremento di attività finanziaria determinato dalla concessione di un credito da restituire entro un anno dall'accensione erogato a titolo di prestito con tasso inferiore a quello di mercato a fondazioni e istituzioni liriche locali e a teatri stabili di iniziativa pubblica
U.3.02.01.02.999,Concessione crediti di breve periodo a tasso agevolato a altre Amministrazioni Locali n.a.c.,Incremento di attività finanziaria determinato dalla concessione di un credito da restituire entro un anno dall'accensione erogato a titolo di prestito con tasso inferiore a quello di mercato a altre amministrazioni locali n.a.c.
U.3.02.01.03.000,Concessione crediti di breve periodo a tasso agevolato a Enti di Previdenza,Incremento di attività finanziaria determinato dalla concessione di un credito da restituire entro un anno dall'accensione erogato a titolo di prestito con tasso inferiore a quello di mercato a enti di previdenza
U.3.02.01.03.001,Concessione crediti di breve periodo a tasso agevolato a INPS,Incremento di attività finanziaria determinato dalla concessione di un credito da restituire entro un anno dall'accensione erogato a titolo di prestito con tasso inferiore a quello di mercato a INPS
U.3.02.01.03.002,Concessione crediti di breve periodo a tasso agevolato a INAIL,Incremento di attività finanziaria determinato dalla concessione di un credito da restituire entro un anno dall'accensione erogato a titolo di prestito con tasso inferiore a quello di mercato a INAIL
U.3.02.01.03.999,Concessione crediti di breve periodo a tasso agevolato a altri Enti di Previdenza n.a.c.,Incremento di attività finanziaria determinato dalla concessione di un credito da restituire entro un anno dall'accensione erogato a titolo di prestito con tasso inferiore a quello di mercato a altri enti di previdenza
U.3.02.01.04.000,Concessione crediti di breve periodo a tasso agevolato a organismi interni e/o unità locali dell'amministrazione,Incremento di attività finanziaria determinato dalla concessione di un credito da restituire entro un anno dall'accensione erogato a titolo di prestito con tasso inferiore a quello di mercato a organismi interni e/o unità locali dell'amministrazione
U.3.02.01.04.001,Concessione crediti di breve periodo a tasso agevolato a organismi interni e/o unità locali dell'amministrazione,Vedi voce di IV livello
U.3.02.02.00.000,Concessione crediti di breve periodo a tasso agevolato a Famiglie,Incremento di attività finanziaria determinato dalla concessione di un credito da restituire entro un anno dall'accensione erogato a titolo di prestito con tasso inferiore a quello di mercato a famiglie
U.3.02.02.01.000,Concessione crediti di breve periodo a tasso agevolato a Famiglie,Vedi voce di III livello
U.3.02.02.01.001,Concessione crediti di breve periodo a tasso agevolato a Famiglie,Vedi voce di III livello
U.3.02.03.00.000,Concessione crediti di breve periodo a tasso agevolato a Imprese,Incremento di attività finanziaria determinato dalla concessione di un credito da restituire entro un anno dall'accensione erogato a titolo di prestito con tasso inferiore a quello di mercato a imprese
U.3.02.03.01.000,Concessione crediti di breve periodo a tasso agevolato a imprese controllate,Incremento di attività finanziaria determinato dalla concessione di un credito da restituire entro un anno dall'accensione erogato a titolo di prestito con tasso inferiore a quello di mercato a imprese controllate
U.3.02.03.01.001,Concessione crediti di breve periodo a tasso agevolato a imprese controllate,Vedi voce di IV livello
U.3.02.03.02.000,Concessione crediti di breve periodo a tasso agevolato a altre imprese partecipate,Incremento di attività finanziaria determinato dalla concessione di un credito da restituire entro un anno dall'accensione erogato a titolo di prestito con tasso inferiore a quello di mercato a altre imprese partecipate
U.3.02.03.02.001,Concessione crediti di breve periodo a tasso agevolato a altre imprese partecipate,Vedi voce di IV livello
U.3.02.03.03.000,Concessione crediti di breve periodo a tasso agevolato alla Cassa Depositi e Prestiti - SPA,Incremento di attività finanziaria determinato dalla concessione di un credito da restituire entro un anno dall'accensione erogato a titolo di prestito con tasso inferiore a quello di mercato alla Cassa depositi e prestiti S.p.A.
U.3.02.03.03.001,Concessione crediti di breve periodo a tasso agevolato alla Cassa Depositi e Prestiti - SPA,Vedi voce di IV livello
U.3.02.03.04.000,Concessione crediti di breve periodo a tasso agevolato a altre Imprese,Incremento di attività finanziaria determinato dalla concessione di un credito da restituire entro un anno dall'accensione erogato a titolo di prestito con tasso inferiore a quello di mercato a altre imprese
U.3.02.03.04.999,Concessione crediti di breve periodo a tasso agevolato a altre Imprese,Vedi voce di IV livello
U.3.02.04.00.000,Concessione crediti di breve periodo a tasso agevolato a Istituzioni Sociali Private,Incremento di attività finanziaria determinato dalla concessione di un credito da restituire entro un anno dall'accensione erogato a titolo di prestito con tasso inferiore a quello di mercato a istituzioni sociali private
U.3.02.04.01.000,Concessione crediti di breve periodo a tasso agevolato a Istituzioni Sociali Private,Vedi voce di III livello
U.3.02.04.01.001,Concessione crediti di breve periodo a tasso agevolato a Istituzioni Sociali Private,Vedi voce di III livello
U.3.02.05.00.000,Concessione crediti di breve periodo a tasso agevolato all'Unione Europea e al Resto del Mondo,Incremento di attività finanziaria determinato dalla concessione di un credito da restituire entro un anno dall'accensione erogato a titolo di prestito con tasso inferiore a quello di mercato all'Unione europea e al resto del mondo
U.3.02.05.01.000,Concessione crediti di breve periodo a tasso agevolato all'Unione Europea,Incremento di attività finanziaria determinato dalla concessione di un credito da restituire entro un anno dall'accensione erogato a titolo di prestito con tasso inferiore a quello di mercato all'Unione europea
U.3.02.05.01.001,Concessione crediti di breve periodo a tasso agevolato all'Unione Europea,Vedi voce di IV livello
U.3.02.05.02.000,Concessione crediti di breve periodo a tasso agevolato al Resto del Mondo,Incremento di attività finanziaria determinato dalla concessione di un credito da restituire entro un anno dall'accensione erogato a titolo di prestito con tasso inferiore a quello di mercato al resto del mondo
U.3.02.05.02.001,Concessione crediti di breve periodo a tasso agevolato al Resto del Mondo,Vedi voce di IV livello
U.3.02.06.00.000,Concessione crediti di breve periodo a tasso non agevolato a Amministrazione Pubbliche,"Incremento di attività finanziaria determinato dalla concessione di un credito da restituire entro un anno dall'accensione erogato a titolo di prestito con tasso pari a quello di mercato a amministrazioni pubbliche.
 
 PER IL DETTAGLIO ANAGRAFICO DELLE CATEGORIE INCLUSE IN TALE RUBRICA SI RIMANDA ALL'APPENDICE AL GLOSSARIO."
U.3.02.06.01.000,Concessione crediti di breve periodo a tasso non agevolato a Amministrazioni Centrali,Incremento di attività finanziaria determinato dalla concessione di un credito da restituire entro un anno dall'accensione erogato a titolo di prestito con tasso pari a quello di mercato a amministrazioni centrali
U.3.02.06.01.001,Concessione crediti di breve periodo a tasso non agevolato a Ministeri,Incremento di attività finanziaria determinato dalla concessione di un credito da restituire entro un anno dall'accensione erogato a titolo di prestito con tasso pari a quello di mercato a ministeri
U.3.02.06.01.003,Concessione crediti di breve periodo a tasso non agevolato a Presidenza del Consiglio dei Ministri,Incremento di attività finanziaria determinato dalla concessione di un credito da restituire entro un anno dall'accensione erogato a titolo di prestito con tasso pari a quello di mercato a Presidenza del consiglio dei ministri
U.3.02.06.01.004,Concessione crediti di breve periodo a tasso non agevolato a Organi Costituzionali e di rilievo costituzionale,Incremento di attività finanziaria determinato dalla concessione di un credito da restituire entro un anno dall'accensione erogato a titolo di prestito con tasso pari a quello di mercato a organi costituzionali e di rilievo costituzionale
U.3.02.06.01.005,Concessione crediti di breve periodo a tasso non agevolato a Agenzie Fiscali,Incremento di attività finanziaria determinato dalla concessione di un credito da restituire entro un anno dall'accensione erogato a titolo di prestito con tasso pari a quello di mercato a agenzie fiscali
U.3.02.06.01.006,Concessione crediti di breve periodo a tasso non agevolato a enti di regolazione dell'attività economica,Incremento di attività finanziaria determinato dalla concessione di un credito da restituire entro un anno dall'accensione erogato a titolo di prestito con tasso pari a quello di mercato a enti di regolazione dell'attività economica
U.3.02.06.01.007,Concessione crediti di breve periodo a tasso non agevolato a Gruppo Equitalia,Incremento di attività finanziaria determinato dalla concessione di un credito da restituire entro un anno dall'accensione erogato a titolo di prestito con tasso pari a quello di mercato a Gruppo Equitalia
U.3.02.06.01.008,Concessione crediti di breve periodo a tasso non agevolato a Anas S.p.A.,Incremento di attività finanziaria determinato dalla concessione di un credito da restituire entro un anno dall'accensione erogato a titolo di prestito con tasso pari a quello di mercato a Anas S.p.A.
U.3.02.06.01.009,Concessione crediti di breve periodo a tasso non agevolato a altri enti centrali produttori di servizi economici,Incremento di attività finanziaria determinato dalla concessione di un credito da restituire entro un anno dall'accensione erogato a titolo di prestito con tasso pari a quello di mercato a altri enti centrali produttori di servizi economici
U.3.02.06.01.010,Concessione crediti di breve periodo a tasso non agevolato a autorità amministrative indipendenti,Incremento di attività finanziaria determinato dalla concessione di un credito da restituire entro un anno dall'accensione erogato a titolo di prestito con tasso pari a quello di mercato a autorità amministrative indipendenti
U.3.02.06.01.011,Concessione crediti di breve periodo a tasso non agevolato a enti centrali a struttura associativa,Incremento di attività finanziaria determinato dalla concessione di un credito da restituire entro un anno dall'accensione erogato a titolo di prestito con tasso pari a quello di mercato a enti centrali a struttura associativa
U.3.02.06.01.012,"Concessione crediti di breve periodo a tasso non agevolato a enti centrali produttori di servizi assistenziali, ricreativi e culturali","Incremento di attività finanziaria determinato dalla concessione di un credito da restituire entro un anno dall'accensione erogato a titolo di prestito con tasso pari a quello di mercato a enti centrali produttori di servizi assistenziali, ricreativi e culturali"
U.3.02.06.01.013,Concessione crediti di breve periodo a tasso non agevolato a enti e istituzioni centrali di ricerca e Istituti e stazioni sperimentali per la ricerca,Incremento di attività finanziaria determinato dalla concessione di un credito da restituire entro un anno dall'accensione erogato a titolo di prestito con tasso pari a quello di mercato a enti e istituzioni centrali di ricerca e istituti e stazioni sperimentali per la ricerca
U.3.02.06.01.999,Concessione crediti di breve periodo a tasso non agevolato a altre Amministrazioni Centrali n.a.c.,Incremento di attività finanziaria determinato dalla concessione di un credito da restituire entro un anno dall'accensione erogato a titolo di prestito con tasso pari a quello di mercato a altre amministrazioni centrali n.a.c.
U.3.02.06.02.000,Concessione crediti di breve periodo a tasso non agevolato a Amministrazioni Locali,Incremento di attività finanziaria determinato dalla concessione di un credito da restituire entro un anno dall'accensione erogato a titolo di prestito con tasso pari a quello di mercato a amministrazioni locali
U.3.02.06.02.001,Concessione crediti di breve periodo a tasso non agevolato a Regioni e province autonome,Incremento di attività finanziaria determinato dalla concessione di un credito da restituire entro un anno dall'accensione erogato a titolo di prestito con tasso pari a quello di mercato a regioni e province autonome
U.3.02.06.02.002,Concessione crediti di breve periodo a tasso non agevolato a Province,Incremento di attività finanziaria determinato dalla concessione di un credito da restituire entro un anno dall'accensione erogato a titolo di prestito con tasso pari a quello di mercato a province
U.3.02.06.02.003,Concessione crediti di breve periodo a tasso non agevolato a Comuni,Incremento di attività finanziaria determinato dalla concessione di un credito da restituire entro un anno dall'accensione erogato a titolo di prestito con tasso pari a quello di mercato a comuni
U.3.02.06.02.004,Concessione crediti di breve periodo a tasso non agevolato a Città metropolitane e Roma capitale,Incremento di attività finanziaria determinato dalla concessione di un credito da restituire entro un anno dall'accensione erogato a titolo di prestito con tasso pari a quello di mercato a città metropolitane e Roma capitale
U.3.02.06.02.005,Concessione crediti di breve periodo a tasso non agevolato a Unioni di Comuni,Incremento di attività finanziaria determinato dalla concessione di un credito da restituire entro un anno dall'accensione erogato a titolo di prestito con tasso pari a quello di mercato a unioni di comuni
U.3.02.06.02.006,Concessione crediti di breve periodo a tasso non agevolato a Comunità Montane,Incremento di attività finanziaria determinato dalla concessione di un credito da restituire entro un anno dall'accensione erogato a titolo di prestito con tasso pari a quello di mercato a comunità montane
U.3.02.06.02.007,Concessione crediti di breve periodo a tasso non agevolato a Camere di Commercio,Incremento di attività finanziaria determinato dalla concessione di un credito da restituire entro un anno dall'accensione erogato a titolo di prestito con tasso pari a quello di mercato a camere di commercio
U.3.02.06.02.008,Concessione crediti di breve periodo a tasso non agevolato a Università,Incremento di attività finanziaria determinato dalla concessione di un credito da restituire entro un anno dall'accensione erogato a titolo di prestito con tasso pari a quello di mercato a università
U.3.02.06.02.009,Concessione crediti di breve periodo a tasso non agevolato a Parchi nazionali e consorzi ed enti autonomi gestori di parchi e aree naturali protette,Incremento di attività finanziaria determinato dalla concessione di un credito da restituire entro un anno dall'accensione erogato a titolo di prestito con tasso pari a quello di mercato a parchi nazionali e consorzi ed enti autonomi gestori di parchi e aree naturali protette
U.3.02.06.02.010,Concessione crediti di breve periodo a tasso non agevolato a Autorità Portuali,Incremento di attività finanziaria determinato dalla concessione di un credito da restituire entro un anno dall'accensione erogato a titolo di prestito con tasso pari a quello di mercato a autorità portuali
U.3.02.06.02.011,Concessione crediti di breve periodo a tasso non agevolato a Aziende sanitarie locali,Incremento di attività finanziaria determinato dalla concessione di un credito da restituire entro un anno dall'accensione erogato a titolo di prestito con tasso pari a quello di mercato a aziende sanitarie locali
U.3.02.06.02.012,Concessione crediti di breve periodo a tasso non agevolato a Aziende ospedaliere e Aziende ospedaliere universitarie integrate con il SSN,Incremento di attività finanziaria determinato dalla concessione di un credito da restituire entro un anno dall'accensione erogato a titolo di prestito con tasso pari a quello di mercato a aziende ospedaliere e aziende ospedaliere universitarie integrate con il SSN
U.3.02.06.02.013,Concessione crediti di breve periodo a tasso non agevolato a Policlinici,Incremento di attività finanziaria determinato dalla concessione di un credito da restituire entro un anno dall'accensione erogato a titolo di prestito con tasso pari a quello di mercato a policlinici
U.3.02.06.02.014,Concessione crediti di breve periodo a tasso non agevolato a Istituti di ricovero e cura a carattere scientifico pubblici,Incremento di attività finanziaria determinato dalla concessione di un credito da restituire entro un anno dall'accensione erogato a titolo di prestito con tasso pari a quello di mercato a istituti di ricovero e cura a carattere scientifico pubblici
U.3.02.06.02.015,Concessione crediti di breve periodo a tasso non agevolato a altre Amministrazioni Locali produttrici di servizi sanitari,Incremento di attività finanziaria determinato dalla concessione di un credito da restituire entro un anno dall'accensione erogato a titolo di prestito con tasso pari a quello di mercato a altre amministrazioni locali produttrici di servizi sanitari
U.3.02.06.02.016,Concessione crediti di breve periodo a tasso non agevolato a Agenzie regionali per le erogazioni in agricoltura,Incremento di attività finanziaria determinato dalla concessione di un credito da restituire entro un anno dall'accensione erogato a titolo di prestito con tasso pari a quello di mercato a agenzie regionali per le erogazioni in agricoltura
U.3.02.06.02.017,Concessione crediti di breve periodo a tasso non agevolato a altri enti e agenzie regionali e sub regionali,Incremento di attività finanziaria determinato dalla concessione di un credito da restituire entro un anno dall'accensione erogato a titolo di prestito con tasso pari a quello di mercato a altri enti e agenzie regionali e sub regionali
U.3.02.06.02.018,Concessione crediti di breve periodo a tasso non agevolato a Consorzi di enti locali,Incremento di attività finanziaria determinato dalla concessione di un credito da restituire entro un anno dall'accensione erogato a titolo di prestito con tasso pari a quello di mercato a consorzi di enti locali
U.3.02.06.02.019,Concessione crediti di breve periodo a tasso non agevolato a Fondazioni e istituzioni liriche locali e a Teatri stabili di iniziativa pubblica,Incremento di attività finanziaria determinato dalla concessione di un credito da restituire entro un anno dall'accensione erogato a titolo di prestito con tasso pari a quello di mercato a fondazioni e istituzioni liriche locali e a teatri stabili di iniziativa pubblica
U.3.02.06.02.999,Concessione crediti di breve periodo a tasso non agevolato a altre Amministrazioni Locali n.a.c.,Incremento di attività finanziaria determinato dalla concessione di un credito da restituire entro un anno dall'accensione erogato a titolo di prestito con tasso pari a quello di mercato a altre amministrazioni locali n.a.c.
U.3.02.06.03.000,Concessione crediti di breve periodo a tasso non agevolato a Enti di Previdenza,Incremento di attività finanziaria determinato dalla concessione di un credito da restituire entro un anno dall'accensione erogato a titolo di prestito con tasso pari a quello di mercato a enti di previdenza
U.3.02.06.03.001,Concessione crediti di breve periodo a tasso non agevolato a INPS,Incremento di attività finanziaria determinato dalla concessione di un credito da restituire entro un anno dall'accensione erogato a titolo di prestito con tasso pari a quello di mercato a INPS
U.3.02.06.03.002,Concessione crediti di breve periodo a tasso non agevolato a INAIL,Incremento di attività finanziaria determinato dalla concessione di un credito da restituire entro un anno dall'accensione erogato a titolo di prestito con tasso pari a quello di mercato a INAIL
U.3.02.06.03.999,Concessione crediti di breve periodo a tasso non agevolato a altri Enti di Previdenza n.a.c.,Incremento di attività finanziaria determinato dalla concessione di un credito da restituire entro un anno dall'accensione erogato a titolo di prestito con tasso pari a quello di mercato a altri enti di previdenza
U.3.02.06.04.000,Concessione crediti di breve periodo a tasso non agevolato a organismi interni e/o unità locali dell'amministrazione,Incremento di attività finanziaria determinato dalla concessione di un credito da restituire entro un anno dall'accensione erogato a titolo di prestito con tasso pari a quello di mercato a organismi interni e/o unità locali dell'amministrazione
U.3.02.06.04.001,Concessione crediti di breve periodo a tasso non agevolato a organismi interni e/o unità locali dell'amministrazione,Vedi voce di IV livello
U.3.02.07.00.000,Concessione crediti di breve periodo a tasso non agevolato a Famiglie,Incremento di attività finanziaria determinato dalla concessione di un credito da restituire entro un anno dall'accensione erogato a titolo di prestito con tasso pari a quello di mercato a famiglie
U.3.02.07.01.000,Concessione crediti di breve periodo a tasso non agevolato a Famiglie,Vedi voce di III livello
U.3.02.07.01.001,Concessione crediti di breve periodo a tasso non agevolato a Famiglie,Vedi voce di III livello
U.3.02.08.00.000,Concessione crediti di breve periodo a tasso non agevolato a Imprese,Incremento di attività finanziaria determinato dalla concessione di un credito da restituire entro un anno dall'accensione erogato a titolo di prestito con tasso pari a quello di mercato a imprese
U.3.02.08.01.000,Concessione crediti di breve periodo a tasso non agevolato a imprese controllate,Incremento di attività finanziaria determinato dalla concessione di un credito da restituire entro un anno dall'accensione erogato a titolo di prestito con tasso pari a quello di mercato a imprese controllate
U.3.02.08.01.001,Concessione crediti di breve periodo a tasso non agevolato a imprese controllate,Vedi voce di IV livello
U.3.02.08.02.000,Concessione crediti di breve periodo a tasso non agevolato a altre imprese partecipate,Incremento di attività finanziaria determinato dalla concessione di un credito da restituire entro un anno dall'accensione erogato a titolo di prestito con tasso pari a quello di mercato a altre imprese partecipate
U.3.02.08.02.001,Concessione crediti di breve periodo a tasso non agevolato a altre imprese partecipate,Vedi voce di IV livello
U.3.02.08.03.000,Concessione crediti di breve periodo a tasso non agevolato alla Cassa Depositi e Prestiti - SPA,Incremento di attività finanziaria determinato dalla concessione di un credito da restituire entro un anno dall'accensione erogato a titolo di prestito con tasso pari a quello di mercato a Cassa depositi e prestiti S.p.A.
U.3.02.08.03.001,Concessione crediti di breve periodo a tasso non agevolato alla Cassa Depositi e Prestiti - SPA,Vedi voce di IV livello
U.3.02.08.04.000,Concessione crediti di breve periodo a tasso non agevolato a altre Imprese,Incremento di attività finanziaria determinato dalla concessione di un credito da restituire entro un anno dall'accensione erogato a titolo di prestito con tasso pari a quello di mercato a altre imprese
U.3.02.08.04.999,Concessione crediti di breve periodo a tasso non agevolato a altre Imprese,Vedi voce di IV livello
U.3.02.09.00.000,Concessione crediti di breve periodo a tasso non agevolato a Istituzioni Sociali Private,Incremento di attività finanziaria determinato dalla concessione di un credito da restituire entro un anno dall'accensione erogato a titolo di prestito con tasso pari a quello di mercato a istituzioni sociali private
U.3.02.09.01.000,Concessione crediti di breve periodo a tasso non agevolato a Istituzioni Sociali Private,Incremento di attività finanziaria determinato dalla concessione di un credito da restituire entro un anno dall'accensione erogato a titolo di prestito con tasso pari a quello di mercato a istituzioni sociali private
U.3.02.09.01.001,Concessione crediti di breve periodo a tasso non agevolato a Istituzioni Sociali Private,Vedi voce di IV livello
U.3.02.10.00.000,Concessione crediti di breve periodo a tasso non agevolato all'Unione Europea e al Resto del Mondo,Incremento di attività finanziaria determinato dalla concessione di un credito da restituire entro un anno dall'accensione erogato a titolo di prestito con tasso pari a quello di mercato all'Unione europea e al resto del mondo
U.3.02.10.01.000,Concessione crediti di breve periodo a tasso non agevolato all'Unione Europea,Incremento di attività finanziaria determinato dalla concessione di un credito da restituire entro un anno dall'accensione erogato a titolo di prestito con tasso pari a quello di mercato all'Unione europea
U.3.02.10.01.001,Concessione crediti di breve periodo a tasso non agevolato all'Unione Europea,Vedi voce di IV livello
U.3.02.10.02.000,Concessione crediti di breve periodo a tasso non agevolato al Resto del Mondo,Incremento di attività finanziaria determinato dalla concessione di un credito da restituire entro un anno dall'accensione erogato a titolo di prestito con tasso pari a quello di mercato al resto del mondo
U.3.02.10.02.001,Concessione crediti di breve periodo a tasso non agevolato al Resto del Mondo,Vedi voce di IV livello
U.3.03.00.00.000,Concessione crediti di medio-lungo termine,"Incremento di attività finanziaria determinato dalla concessione di un credito a terzi a titolo di prestito da estinguere in un periodo superiore a un anno dall'accensione.
 
 Il beneficiario del credito registrerà lo stesso in entrata alla rubrica ""Accensione prestiti"". La restituzione del credito, per l'ente creditore, va registrata nella rubrica ""Riscossione Crediti"" mentre l'ente debitore rimborserà la quota capitale all'interno della rubrica ""Rimborso prestiti"" e la quota interessi tra gli ""interessi passivi"""
U.3.03.01.00.000,Concessione Crediti di medio-lungo termine a tasso agevolato a Amministrazione Pubbliche,"Incremento di attività finanziaria determinato dalla concessione di un credito da estinguere in un periodo superiore a un anno dall'accensione erogato a titolo di prestito con tasso inferiore a quello di mercato a amministrazioni pubbliche.
 
 PER IL DETTAGLIO ANAGRAFICO DELLE CATEGORIE INCLUSE IN TALE RUBRICA SI RIMANDA ALL'APPENDICE AL GLOSSARIO."
U.3.03.01.01.000,Concessione Crediti di medio-lungo termine a tasso agevolato a Amministrazioni Centrali,Incremento di attività finanziaria determinato dalla concessione di un credito da estinguere in un periodo superiore a un anno dall'accensione erogato a titolo di prestito con tasso inferiore a quello di mercato a amministrazioni centrali
U.3.03.01.01.001,Concessione Crediti di medio-lungo termine a tasso agevolato a Ministeri,Incremento di attività finanziaria determinato dalla concessione di un credito da estinguere in un periodo superiore a un anno dall'accensione erogato a titolo di prestito con tasso inferiore a quello di mercato a ministeri
U.3.03.01.01.003,Concessione Crediti di medio-lungo termine a tasso agevolato a Presidenza del Consiglio dei Ministri,Incremento di attività finanziaria determinato dalla concessione di un credito da estinguere in un periodo superiore a un anno dall'accensione erogato a titolo di prestito con tasso inferiore a quello di mercato a Presidenza del consiglio dei ministri
U.3.03.01.01.004,Concessione Crediti di medio-lungo termine a tasso agevolato a Organi Costituzionali e di rilievo costituzionale,Incremento di attività finanziaria determinato dalla concessione di un credito da estinguere in un periodo superiore a un anno dall'accensione erogato a titolo di prestito con tasso inferiore a quello di mercato a organi costituzionali e di rilievo costituzionale
U.3.03.01.01.005,Concessione Crediti di medio-lungo termine a tasso agevolato a Agenzie Fiscali,Incremento di attività finanziaria determinato dalla concessione di un credito da estinguere in un periodo superiore a un anno dall'accensione erogato a titolo di prestito con tasso inferiore a quello di mercato a agenzie fiscali
U.3.03.01.01.006,Concessione Crediti di medio-lungo termine a tasso agevolato a enti di regolazione dell'attività economica,Incremento di attività finanziaria determinato dalla concessione di un credito da estinguere in un periodo superiore a un anno dall'accensione erogato a titolo di prestito con tasso inferiore a quello di mercato a enti di regolazione dell'attività economica
U.3.03.01.01.007,Concessione Crediti di medio-lungo termine a tasso agevolato a Gruppo Equitalia,Incremento di attività finanziaria determinato dalla concessione di un credito da estinguere in un periodo superiore a un anno dall'accensione erogato a titolo di prestito con tasso inferiore a quello di mercato a Gruppo Equitalia
U.3.03.01.01.008,Concessione Crediti di medio-lungo termine a tasso agevolato a Anas S.p.A.,Incremento di attività finanziaria determinato dalla concessione di un credito da estinguere in un periodo superiore a un anno dall'accensione erogato a titolo di prestito con tasso inferiore a quello di mercato a Anas S.p.A.
U.3.03.01.01.009,Concessione Crediti di medio-lungo termine a tasso agevolato a altri enti centrali produttori di servizi economici,Incremento di attività finanziaria determinato dalla concessione di un credito da estinguere in un periodo superiore a un anno dall'accensione erogato a titolo di prestito con tasso inferiore a quello di mercato a altri enti centrali produttori di servizi economici
U.3.03.01.01.010,Concessione Crediti di medio-lungo termine a tasso agevolato a autorità amministrative indipendenti,Incremento di attività finanziaria determinato dalla concessione di un credito da estinguere in un periodo superiore a un anno dall'accensione erogato a titolo di prestito con tasso inferiore a quello di mercato a autorità amministrative indipendenti
U.3.03.01.01.011,Concessione Crediti di medio-lungo termine a tasso agevolato a enti centrali a struttura associativa,Incremento di attività finanziaria determinato dalla concessione di un credito da estinguere in un periodo superiore a un anno dall'accensione erogato a titolo di prestito con tasso inferiore a quello di mercato a enti centrali a struttura associativa
U.3.03.01.01.012,"Concessione Crediti di medio-lungo termine a tasso agevolato a enti centrali produttori di servizi assistenziali, ricreativi e culturali","Incremento di attività finanziaria determinato dalla concessione di un credito da estinguere in un periodo superiore a un anno dall'accensione erogato a titolo di prestito con tasso inferiore a quello di mercato a enti centrali produttori di servizi assistenziali, ricreativi e culturali"
U.3.03.01.01.013,Concessione Crediti di medio-lungo termine a tasso agevolato a enti e istituzioni centrali di ricerca e Istituti e stazioni sperimentali per la ricerca,Incremento di attività finanziaria determinato dalla concessione di un credito da estinguere in un periodo superiore a un anno dall'accensione erogato a titolo di prestito con tasso inferiore a quello di mercato a enti e istituzioni centrali di ricerca e istituti e stazioni sperimentali per la ricerca
U.3.03.01.01.999,Concessione Crediti di medio-lungo termine a tasso agevolato a altre Amministrazioni Centrali n.a.c.,Incremento di attività finanziaria determinato dalla concessione di un credito da estinguere in un periodo superiore a un anno dall'accensione erogato a titolo di prestito con tasso inferiore a quello di mercato a altre amministrazioni centrali n.a.c.
U.3.03.01.02.000,Concessione Crediti di medio-lungo termine a tasso agevolato a Amministrazioni Locali,Incremento di attività finanziaria determinato dalla concessione di un credito da estinguere in un periodo superiore a un anno dall'accensione erogato a titolo di prestito con tasso inferiore a quello di mercato a amministrazioni locali
U.3.03.01.02.001,Concessione Crediti di medio-lungo termine a tasso agevolato a Regioni e province autonome,Incremento di attività finanziaria determinato dalla concessione di un credito da estinguere in un periodo superiore a un anno dall'accensione erogato a titolo di prestito con tasso inferiore a quello di mercato a regioni e province autonome
U.3.03.01.02.002,Concessione Crediti di medio-lungo termine a tasso agevolato a Province,Incremento di attività finanziaria determinato dalla concessione di un credito da estinguere in un periodo superiore a un anno dall'accensione erogato a titolo di prestito con tasso inferiore a quello di mercato a province
U.3.03.01.02.003,Concessione Crediti di medio-lungo termine a tasso agevolato a Comuni,Incremento di attività finanziaria determinato dalla concessione di un credito da estinguere in un periodo superiore a un anno dall'accensione erogato a titolo di prestito con tasso inferiore a quello di mercato a comuni
U.3.03.01.02.004,Concessione Crediti di medio-lungo termine a tasso agevolato a Città metropolitane e Roma capitale,Incremento di attività finanziaria determinato dalla concessione di un credito da estinguere in un periodo superiore a un anno dall'accensione erogato a titolo di prestito con tasso inferiore a quello di mercato a città metropolitane e Roma capitale
U.3.03.01.02.005,Concessione Crediti di medio-lungo termine a tasso agevolato a Unioni di Comuni,Incremento di attività finanziaria determinato dalla concessione di un credito da estinguere in un periodo superiore a un anno dall'accensione erogato a titolo di prestito con tasso inferiore a quello di mercato a unione di comuni
U.3.03.01.02.006,Concessione Crediti di medio-lungo termine a tasso agevolato a Comunità Montane,Incremento di attività finanziaria determinato dalla concessione di un credito da estinguere in un periodo superiore a un anno dall'accensione erogato a titolo di prestito con tasso inferiore a quello di mercato a comunità montane
U.3.03.01.02.007,Concessione Crediti di medio-lungo termine a tasso agevolato a Camere di Commercio,Incremento di attività finanziaria determinato dalla concessione di un credito da estinguere in un periodo superiore a un anno dall'accensione erogato a titolo di prestito con tasso inferiore a quello di mercato a camere di commercio
U.3.03.01.02.008,Concessione Crediti di medio-lungo termine a tasso agevolato a Università,Incremento di attività finanziaria determinato dalla concessione di un credito da estinguere in un periodo superiore a un anno dall'accensione erogato a titolo di prestito con tasso inferiore a quello di mercato a università
U.3.03.01.02.009,Concessione Crediti di medio-lungo termine a tasso agevolato a Parchi nazionali e consorzi ed enti autonomi gestori di parchi e aree naturali protette,Incremento di attività finanziaria determinato dalla concessione di un credito da estinguere in un periodo superiore a un anno dall'accensione erogato a titolo di prestito con tasso inferiore a quello di mercato a parchi nazionali e consorzi ed enti autonomi gestori di parchi e aree naturali protette
U.3.03.01.02.010,Concessione Crediti di medio-lungo termine a tasso agevolato a Autorità Portuali,Incremento di attività finanziaria determinato dalla concessione di un credito da estinguere in un periodo superiore a un anno dall'accensione erogato a titolo di prestito con tasso inferiore a quello di mercato a autorità portuali
U.3.03.01.02.011,Concessione Crediti di medio-lungo termine a tasso agevolato a Aziende sanitarie locali,Incremento di attività finanziaria determinato dalla concessione di un credito da estinguere in un periodo superiore a un anno dall'accensione erogato a titolo di prestito con tasso inferiore a quello di mercato a aziende sanitarie locali
U.3.03.01.02.012,Concessione Crediti di medio-lungo termine a tasso agevolato a Aziende ospedaliere e Aziende ospedaliere universitarie integrate con il SSN,Incremento di attività finanziaria determinato dalla concessione di un credito da estinguere in un periodo superiore a un anno dall'accensione erogato a titolo di prestito con tasso inferiore a quello di mercato a aziende ospedaliere e aziende ospedaliere universitarie integrate con il SSN
U.3.03.01.02.013,Concessione Crediti di medio-lungo termine a tasso agevolato a Policlinici,Incremento di attività finanziaria determinato dalla concessione di un credito da estinguere in un periodo superiore a un anno dall'accensione erogato a titolo di prestito con tasso inferiore a quello di mercato a policlinici
U.3.03.01.02.014,Concessione Crediti di medio-lungo termine a tasso agevolato a Istituti di ricovero e cura a carattere scientifico pubblici,Incremento di attività finanziaria determinato dalla concessione di un credito da estinguere in un periodo superiore a un anno dall'accensione erogato a titolo di prestito con tasso inferiore a quello di mercato a istituti di ricovero e cura a carattere scientifico pubblici
U.3.03.01.02.015,Concessione Crediti di medio-lungo termine a tasso agevolato a altre Amministrazioni Locali produttrici di servizi sanitari,Incremento di attività finanziaria determinato dalla concessione di un credito da estinguere in un periodo superiore a un anno dall'accensione erogato a titolo di prestito con tasso inferiore a quello di mercato a altre amministrazioni locali produttrici di servizi sanitari
U.3.03.01.02.016,Concessione Crediti di medio-lungo termine a tasso agevolato a Agenzie regionali per le erogazioni in agricoltura,Incremento di attività finanziaria determinato dalla concessione di un credito da estinguere in un periodo superiore a un anno dall'accensione erogato a titolo di prestito con tasso inferiore a quello di mercato a agenzie regionali per le erogazioni in agricoltura
U.3.03.01.02.017,Concessione Crediti di medio-lungo termine a tasso agevolato a altri enti e agenzie regionali e sub regionali,Incremento di attività finanziaria determinato dalla concessione di un credito da estinguere in un periodo superiore a un anno dall'accensione erogato a titolo di prestito con tasso inferiore a quello di mercato a altri enti e agenzie regionali e sub regionali
U.3.03.01.02.018,Concessione Crediti di medio-lungo termine a tasso agevolato a Consorzi di enti locali,Incremento di attività finanziaria determinato dalla concessione di un credito da estinguere in un periodo superiore a un anno dall'accensione erogato a titolo di prestito con tasso inferiore a quello di mercato a consorzi di enti locali
U.3.03.01.02.019,Concessione Crediti di medio-lungo termine a tasso agevolato a Fondazioni e istituzioni liriche locali e a Teatri stabili di iniziativa pubblica,Incremento di attività finanziaria determinato dalla concessione di un credito da estinguere in un periodo superiore a un anno dall'accensione erogato a titolo di prestito con tasso inferiore a quello di mercato a fondazioni e istituzioni liriche locali e a teatri stabili di iniziativa pubblica
U.3.03.01.02.999,Concessione Crediti di medio-lungo termine a tasso agevolato a altre Amministrazioni Locali n.a.c.,Incremento di attività finanziaria determinato dalla concessione di un credito da estinguere in un periodo superiore a un anno dall'accensione erogato a titolo di prestito con tasso inferiore a quello di mercato a altre amministrazioni Locali n.a.c.
U.3.03.01.03.000,Concessione Crediti di medio-lungo termine a tasso agevolato a Enti di Previdenza,Incremento di attività finanziaria determinato dalla concessione di un credito da estinguere in un periodo superiore a un anno dall'accensione erogato a titolo di prestito con tasso inferiore a quello di mercato a enti di previdenza
U.3.03.01.03.001,Concessione Crediti di medio-lungo termine a tasso agevolato a INPS,Incremento di attività finanziaria determinato dalla concessione di un credito da estinguere in un periodo superiore a un anno dall'accensione erogato a titolo di prestito con tasso inferiore a quello di mercato a INPS
U.3.03.01.03.002,Concessione Crediti di medio-lungo termine a tasso agevolato a INAIL,Incremento di attività finanziaria determinato dalla concessione di un credito da estinguere in un periodo superiore a un anno dall'accensione erogato a titolo di prestito con tasso inferiore a quello di mercato a INAIL
U.3.03.01.03.999,Concessione Crediti di medio-lungo termine a tasso agevolato a altri Enti di Previdenza n.a.c.,Incremento di attività finanziaria determinato dalla concessione di un credito da estinguere in un periodo superiore a un anno dall'accensione erogato a titolo di prestito con tasso inferiore a quello di mercato a altri enti di previdenza
U.3.03.01.04.000,Concessione Crediti di medio-lungo termine a tasso agevolato a organismi interni e/o unità locali dell'amministrazione,Incremento di attività finanziaria determinato dalla concessione di un credito da estinguere in un periodo superiore a un anno dall'accensione erogato a titolo di prestito con tasso inferiore a quello di mercato a organismi interni e/o unità locali dell'amministrazione
U.3.03.01.04.001,Concessione Crediti di medio-lungo termine a tasso agevolato a organismi interni e/o unità locali dell'amministrazione,Vedi voce di IV livello
U.3.03.02.00.000,Concessione Crediti di medio-lungo termine a tasso agevolato a Famiglie,Incremento di attività finanziaria determinato dalla concessione di un credito da estinguere in un periodo superiore a un anno dall'accensione erogato a titolo di prestito con tasso inferiore a quello di mercato a famiglie
U.3.03.02.01.000,Concessione Crediti di medio-lungo termine a tasso agevolato a Famiglie,Vedi voce di III livello
U.3.03.02.01.001,Concessione Crediti di medio-lungo termine a tasso agevolato a Famiglie,Vedi voce di III livello
U.3.03.03.00.000,Concessione Crediti di medio-lungo termine a tasso agevolato a Imprese,Incremento di attività finanziaria determinato dalla concessione di un credito da estinguere in un periodo superiore a un anno dall'accensione erogato a titolo di prestito con tasso inferiore a quello di mercato a imprese
U.3.03.03.01.000,Concessione Crediti di medio-lungo termine a tasso agevolato a imprese controllate,Incremento di attività finanziaria determinato dalla concessione di un credito da estinguere in un periodo superiore a un anno dall'accensione erogato a titolo di prestito con tasso inferiore a quello di mercato a imprese controllate
U.3.03.03.01.001,Concessione Crediti di medio-lungo termine a tasso agevolato a imprese controllate,Vedi voce di IV livello
U.3.03.03.02.000,Concessione Crediti di medio-lungo termine a tasso agevolato a altre imprese partecipate,Incremento di attività finanziaria determinato dalla concessione di un credito da estinguere in un periodo superiore a un anno dall'accensione erogato a titolo di prestito con tasso inferiore a quello di mercato a altre imprese partecipate
U.3.03.03.02.001,Concessione Crediti di medio-lungo termine a tasso agevolato a altre imprese partecipate,Vedi voce di IV livello
U.3.03.03.03.000,Concessione Crediti di medio-lungo termine a tasso agevolato alla Cassa Depositi e Prestiti - SPA,Incremento di attività finanziaria determinato dalla concessione di un credito da estinguere in un periodo superiore a un anno dall'accensione erogato a titolo di prestito con tasso inferiore a quello di mercato a Cassa depositi e prestiti S.p.A.
U.3.03.03.03.001,Concessione Crediti di medio-lungo termine a tasso agevolato alla Cassa Depositi e Prestiti - SPA,Vedi voce di IV livello
U.3.03.03.04.000,Concessione Crediti di medio-lungo termine a tasso agevolato a altre Imprese,Incremento di attività finanziaria determinato dalla concessione di un credito da estinguere in un periodo superiore a un anno dall'accensione erogato a titolo di prestito con tasso inferiore a quello di mercato a altre imprese
U.3.03.03.04.999,Concessione Crediti di medio-lungo termine a tasso agevolato a altre Imprese,Vedi voce di IV livello
U.3.03.04.00.000,Concessione Crediti di medio-lungo termine a tasso agevolato a Istituzioni Sociali Private,Incremento di attività finanziaria determinato dalla concessione di un credito da estinguere in un periodo superiore a un anno dall'accensione erogato a titolo di prestito con tasso inferiore a quello di mercato a istituzioni sociali private
U.3.03.04.01.000,Concessione Crediti di medio-lungo termine a tasso agevolato a Istituzioni Sociali Private,Vedi voce di III livello
U.3.03.04.01.001,Concessione Crediti di medio-lungo termine a tasso agevolato a Istituzioni Sociali Private,Vedi voce di III livello
U.3.03.05.00.000,Concessione Crediti di medio-lungo termine a tasso agevolato all'Unione Europea e al Resto del Mondo,Incremento di attività finanziaria determinato dalla concessione di un credito da estinguere in un periodo superiore a un anno dall'accensione erogato a titolo di prestito con tasso inferiore a quello di mercato all'Unione europea e al resto del mondo
U.3.03.05.01.000,Concessione Crediti di medio-lungo termine a tasso agevolato all'Unione Europea,Incremento di attività finanziaria determinato dalla concessione di un credito da estinguere in un periodo superiore a un anno dall'accensione erogato a titolo di prestito con tasso inferiore a quello di mercato all'Unione europea
U.3.03.05.01.001,Concessione Crediti di medio-lungo termine a tasso agevolato all'Unione Europea,Vedi voce di IV livello
U.3.03.05.02.000,Concessione Crediti di medio-lungo termine a tasso agevolato al Resto del Mondo,Incremento di attività finanziaria determinato dalla concessione di un credito da estinguere in un periodo superiore a un anno dall'accensione erogato a titolo di prestito con tasso inferiore a quello di mercato al resto del mondo
U.3.03.05.02.001,Concessione Crediti di medio-lungo termine a tasso agevolato al Resto del Mondo,Vedi voce di IV livello
U.3.03.06.00.000,Concessione crediti di medio-lungo termine a tasso non agevolato a Amministrazione Pubbliche,"Incremento di attività finanziaria determinato dalla concessione di un credito da estinguere in un periodo superiore a un anno dall'accensione erogato a titolo di prestito con tasso pari a quello di mercato a amministrazioni pubbliche.
 
 PER IL DETTAGLIO ANAGRAFICO DELLE CATEGORIE INCLUSE IN TALE RUBRICA SI RIMANDA ALL'APPENDICE AL GLOSSARIO."
U.3.03.06.01.000,Concessione crediti di medio-lungo termine a tasso non agevolato a Amministrazioni Centrali,Incremento di attività finanziaria determinato dalla concessione di un credito da estinguere in un periodo superiore a un anno dall'accensione erogato a titolo di prestito con tasso pari a quello di mercato a amministrazioni centrali
U.3.03.06.01.001,Concessione crediti di medio-lungo termine a tasso non agevolato a Ministeri,Incremento di attività finanziaria determinato dalla concessione di un credito da estinguere in un periodo superiore a un anno dall'accensione erogato a titolo di prestito con tasso pari a quello di mercato a Ministeri
U.3.03.06.01.003,Concessione crediti di medio-lungo termine a tasso non agevolato a Presidenza del Consiglio dei Ministri,Incremento di attività finanziaria determinato dalla concessione di un credito da estinguere in un periodo superiore a un anno dall'accensione erogato a titolo di prestito con tasso pari a quello di mercato a Presidenza del consiglio dei ministri
U.3.03.06.01.004,Concessione crediti di medio-lungo termine a tasso non agevolato a Organi Costituzionali e di rilievo costituzionale,Incremento di attività finanziaria determinato dalla concessione di un credito da estinguere in un periodo superiore a un anno dall'accensione erogato a titolo di prestito con tasso pari a quello di mercato a organi costituzionali e di rilievo costituzionale
U.3.03.06.01.005,Concessione crediti di medio-lungo termine a tasso non agevolato a Agenzie Fiscali,Incremento di attività finanziaria determinato dalla concessione di un credito da estinguere in un periodo superiore a un anno dall'accensione erogato a titolo di prestito con tasso pari a quello di mercato a agenzie fiscali
U.3.03.06.01.006,Concessione crediti di medio-lungo termine a tasso non agevolato a enti di regolazione dell'attività economica,Incremento di attività finanziaria determinato dalla concessione di un credito da estinguere in un periodo superiore a un anno dall'accensione erogato a titolo di prestito con tasso pari a quello di mercato a enti di regolazione dell'attività economica
U.3.03.06.01.007,Concessione crediti di medio-lungo termine a tasso non agevolato a Gruppo Equitalia,Incremento di attività finanziaria determinato dalla concessione di un credito da estinguere in un periodo superiore a un anno dall'accensione erogato a titolo di prestito con tasso pari a quello di mercato a Gruppo Equitalia
U.3.03.06.01.008,Concessione crediti di medio-lungo termine a tasso non agevolato a Anas S.p.A.,Incremento di attività finanziaria determinato dalla concessione di un credito da estinguere in un periodo superiore a un anno dall'accensione erogato a titolo di prestito con tasso pari a quello di mercato a Anas S.p.A.
U.3.03.06.01.009,Concessione crediti di medio-lungo termine a tasso non agevolato a altri enti centrali produttori di servizi economici,Incremento di attività finanziaria determinato dalla concessione di un credito da estinguere in un periodo superiore a un anno dall'accensione erogato a titolo di prestito con tasso pari a quello di mercato a altri enti centrali produttori di servizi economici
U.3.03.06.01.010,Concessione crediti di medio-lungo termine a tasso non agevolato a autorità amministrative indipendenti,Incremento di attività finanziaria determinato dalla concessione di un credito da estinguere in un periodo superiore a un anno dall'accensione erogato a titolo di prestito con tasso pari a quello di mercato a autorità amministrative indipendenti
U.3.03.06.01.011,Concessione crediti di medio-lungo termine a tasso non agevolato a enti centrali a struttura associativa,Incremento di attività finanziaria determinato dalla concessione di un credito da estinguere in un periodo superiore a un anno dall'accensione erogato a titolo di prestito con tasso pari a quello di mercato a enti centrali a struttura associativa
U.3.03.06.01.012,"Concessione crediti di medio-lungo termine a tasso non agevolato a enti centrali produttori di servizi assistenziali, ricreativi e culturali","Incremento di attività finanziaria determinato dalla concessione di un credito da estinguere in un periodo superiore a un anno dall'accensione erogato a titolo di prestito con tasso pari a quello di mercato a enti centrali produttori di servizi assistenziali, ricreativi e culturali"
U.3.03.06.01.013,Concessione crediti di medio-lungo termine a tasso non agevolato a enti e istituzioni centrali di ricerca e Istituti e stazioni sperimentali per la ricerca,Incremento di attività finanziaria determinato dalla concessione di un credito da estinguere in un periodo superiore a un anno dall'accensione erogato a titolo di prestito con tasso pari a quello di mercato a enti e istituzioni centrali di ricerca e istituti e stazioni sperimentali per la ricerca
U.3.03.06.01.999,Concessione crediti di medio-lungo termine a tasso non agevolato a altre Amministrazioni Centrali n.a.c.,Incremento di attività finanziaria determinato dalla concessione di un credito da estinguere in un periodo superiore a un anno dall'accensione erogato a titolo di prestito con tasso pari a quello di mercato a altre amministrazioni centrali n.a.c.
U.3.03.06.02.000,Concessione crediti di medio-lungo termine a tasso non agevolato a Amministrazioni Locali,Incremento di attività finanziaria determinato dalla concessione di un credito da estinguere in un periodo superiore a un anno dall'accensione erogato a titolo di prestito con tasso pari a quello di mercato a amministrazioni locali
U.3.03.06.02.001,Concessione crediti di medio-lungo termine a tasso non agevolato a Regioni e province autonome,Incremento di attività finanziaria determinato dalla concessione di un credito da estinguere in un periodo superiore a un anno dall'accensione erogato a titolo di prestito con tasso pari a quello di mercato a regioni e province autonome
U.3.03.06.02.002,Concessione crediti di medio-lungo termine a tasso non agevolato a Province,Incremento di attività finanziaria determinato dalla concessione di un credito da estinguere in un periodo superiore a un anno dall'accensione erogato a titolo di prestito con tasso pari a quello di mercato a province
U.3.03.06.02.003,Concessione crediti di medio-lungo termine a tasso non agevolato a Comuni,Incremento di attività finanziaria determinato dalla concessione di un credito da estinguere in un periodo superiore a un anno dall'accensione erogato a titolo di prestito con tasso pari a quello di mercato a comuni
U.3.03.06.02.004,Concessione crediti di medio-lungo termine a tasso non agevolato a Città metropolitane e Roma capitale,Incremento di attività finanziaria determinato dalla concessione di un credito da estinguere in un periodo superiore a un anno dall'accensione erogato a titolo di prestito con tasso pari a quello di mercato a città metropolitane e Roma capitale
U.3.03.06.02.005,Concessione crediti di medio-lungo termine a tasso non agevolato a Unioni di Comuni,Incremento di attività finanziaria determinato dalla concessione di un credito da estinguere in un periodo superiore a un anno dall'accensione erogato a titolo di prestito con tasso pari a quello di mercato a unione di comuni
U.3.03.06.02.006,Concessione crediti di medio-lungo termine a tasso non agevolato a Comunità Montane,Incremento di attività finanziaria determinato dalla concessione di un credito da estinguere in un periodo superiore a un anno dall'accensione erogato a titolo di prestito con tasso pari a quello di mercato a comunità montane
U.3.03.06.02.007,Concessione crediti di medio-lungo termine a tasso non agevolato a Camere di Commercio,Incremento di attività finanziaria determinato dalla concessione di un credito da estinguere in un periodo superiore a un anno dall'accensione erogato a titolo di prestito con tasso pari a quello di mercato acamere di commercio
U.3.03.06.02.008,Concessione crediti di medio-lungo termine a tasso non agevolato a Università,Incremento di attività finanziaria determinato dalla concessione di un credito da estinguere in un periodo superiore a un anno dall'accensione erogato a titolo di prestito con tasso pari a quello di mercato a università
U.3.03.06.02.009,Concessione crediti di medio-lungo termine a tasso non agevolato a Parchi nazionali e consorzi ed enti autonomi gestori di parchi e aree naturali protette,Incremento di attività finanziaria determinato dalla concessione di un credito da estinguere in un periodo superiore a un anno dall'accensione erogato a titolo di prestito con tasso pari a quello di mercato a parchi nazionali e consorzi ed enti autonomi gestori di parchi e aree naturali protette
U.3.03.06.02.010,Concessione crediti di medio-lungo termine a tasso non agevolato a Autorità Portuali,Incremento di attività finanziaria determinato dalla concessione di un credito da estinguere in un periodo superiore a un anno dall'accensione erogato a titolo di prestito con tasso pari a quello di mercato a autorità portuali
U.3.03.06.02.011,Concessione crediti di medio-lungo termine a tasso non agevolato a Aziende sanitarie locali,Incremento di attività finanziaria determinato dalla concessione di un credito da estinguere in un periodo superiore a un anno dall'accensione erogato a titolo di prestito con tasso pari a quello di mercato a aziende sanitarie locali
U.3.03.06.02.012,Concessione crediti di medio-lungo termine a tasso non agevolato a Aziende ospedaliere e Aziende ospedaliere universitarie integrate con il SSN,Incremento di attività finanziaria determinato dalla concessione di un credito da estinguere in un periodo superiore a un anno dall'accensione erogato a titolo di prestito con tasso pari a quello di mercato a aziende ospedaliere e aziende ospedaliere universitarie integrate con il SSN
U.3.03.06.02.013,Concessione crediti di medio-lungo termine a tasso non agevolato a Policlinici,Incremento di attività finanziaria determinato dalla concessione di un credito da estinguere in un periodo superiore a un anno dall'accensione erogato a titolo di prestito con tasso pari a quello di mercato a policlinici
U.3.03.06.02.014,Concessione crediti di medio-lungo termine a tasso non agevolato a Istituti di ricovero e cura a carattere scientifico pubblici,Incremento di attività finanziaria determinato dalla concessione di un credito da estinguere in un periodo superiore a un anno dall'accensione erogato a titolo di prestito con tasso pari a quello di mercato a istituti di ricovero e cura a carattere scientifico pubblici
U.3.03.06.02.015,Concessione crediti di medio-lungo termine a tasso non agevolato a altre Amministrazioni Locali produttrici di servizi sanitari,Incremento di attività finanziaria determinato dalla concessione di un credito da estinguere in un periodo superiore a un anno dall'accensione erogato a titolo di prestito con tasso pari a quello di mercato a altre amministrazioni locali produttrici di servizi sanitari
U.3.03.06.02.016,Concessione crediti di medio-lungo termine a tasso non agevolato a Agenzie regionali per le erogazioni in agricoltura,Incremento di attività finanziaria determinato dalla concessione di un credito da estinguere in un periodo superiore a un anno dall'accensione erogato a titolo di prestito con tasso pari a quello di mercato a agenzie regionali per le erogazioni in agricoltura
U.3.03.06.02.017,Concessione crediti di medio-lungo termine a tasso non agevolato a altri enti e agenzie regionali e sub regionali,Incremento di attività finanziaria determinato dalla concessione di un credito da estinguere in un periodo superiore a un anno dall'accensione erogato a titolo di prestito con tasso pari a quello di mercato a altri enti e agenzie regionali e sub regionali
U.3.03.06.02.018,Concessione crediti di medio-lungo termine a tasso non agevolato a Consorzi di enti locali,Incremento di attività finanziaria determinato dalla concessione di un credito da estinguere in un periodo superiore a un anno dall'accensione erogato a titolo di prestito con tasso pari a quello di mercato a consorzi di enti locali
U.3.03.06.02.019,Concessione crediti di medio-lungo termine a tasso non agevolato a Fondazioni e istituzioni liriche locali e a Teatri stabili di iniziativa pubblica,Incremento di attività finanziaria determinato dalla concessione di un credito da estinguere in un periodo superiore a un anno dall'accensione erogato a titolo di prestito con tasso pari a quello di mercato a fondazioni e istituzioni liriche locali e a teatri stabili di iniziativa pubblica
U.3.03.06.02.999,Concessione crediti di medio-lungo termine a tasso non agevolato a altre Amministrazioni Locali n.a.c.,Incremento di attività finanziaria determinato dalla concessione di un credito da estinguere in un periodo superiore a un anno dall'accensione erogato a titolo di prestito con tasso pari a quello di mercato a altre amministrazioni locali n.a.c.
U.3.03.06.03.000,Concessione crediti di medio-lungo termine a tasso non agevolato a Enti di Previdenza,Incremento di attività finanziaria determinato dalla concessione di un credito da estinguere in un periodo superiore a un anno dall'accensione erogato a titolo di prestito con tasso pari a quello di mercato a enti di previdenza
U.3.03.06.03.001,Concessione crediti di medio-lungo termine a tasso non agevolato a INPS,Incremento di attività finanziaria determinato dalla concessione di un credito da estinguere in un periodo superiore a un anno dall'accensione erogato a titolo di prestito con tasso pari a quello di mercato a INPS
U.3.03.06.03.002,Concessione crediti di medio-lungo termine a tasso non agevolato a INAIL,Incremento di attività finanziaria determinato dalla concessione di un credito da estinguere in un periodo superiore a un anno dall'accensione erogato a titolo di prestito con tasso pari a quello di mercato a INAIL
U.3.03.06.03.999,Concessione crediti di medio-lungo termine a tasso non agevolato a altri Enti di Previdenza n.a.c.,Incremento di attività finanziaria determinato dalla concessione di un credito da estinguere in un periodo superiore a un anno dall'accensione erogato a titolo di prestito con tasso pari a quello di mercato a altri enti di previdenza
U.3.03.06.04.000,Concessione crediti di medio-lungo termine a tasso non agevolato a organismi interni e/o unità locali dell'amministrazione,Incremento di attività finanziaria determinato dalla concessione di un credito da estinguere in un periodo superiore a un anno dall'accensione erogato a titolo di prestito con tasso pari a quello di mercato a organismi interni e/o unità locali dell'amministrazione
U.3.03.06.04.001,Concessione crediti di medio-lungo termine a tasso non agevolato a organismi interni e/o unità locali dell'amministrazione,Vedi voce di IV livello
U.3.03.07.00.000,Concessione crediti di medio-lungo termine a tasso non agevolato a Famiglie,Incremento di attività finanziaria determinato dalla concessione di un credito da estinguere in un periodo superiore a un anno dall'accensione erogato a titolo di prestito con tasso pari a quello di mercato a famiglie
U.3.03.07.01.000,Concessione crediti di medio-lungo termine a tasso non agevolato a Famiglie,Vedi voce di III livello
U.3.03.07.01.001,Concessione crediti di medio-lungo termine a tasso non agevolato a Famiglie,Vedi voce di III livello
U.3.03.08.00.000,Concessione crediti di medio-lungo termine a tasso non agevolato a Imprese,Incremento di attività finanziaria determinato dalla concessione di un credito da estinguere in un periodo superiore a un anno dall'accensione erogato a titolo di prestito con tasso pari a quello di mercato a imprese
U.3.03.08.01.000,Concessione crediti di medio-lungo termine a tasso non agevolato a imprese controllate,Incremento di attività finanziaria determinato dalla concessione di un credito da estinguere in un periodo superiore a un anno dall'accensione erogato a titolo di prestito con tasso pari a quello di mercato a imprese controllate
U.3.03.08.01.001,Concessione crediti di medio-lungo termine a tasso non agevolato a imprese controllate,Vedi voce di IV livello
U.3.03.08.02.000,Concessione crediti di medio-lungo termine a tasso non agevolato a altre imprese partecipate,Incremento di attività finanziaria determinato dalla concessione di un credito da estinguere in un periodo superiore a un anno dall'accensione erogato a titolo di prestito con tasso pari a quello di mercato a altre imprese partecipate
U.3.03.08.02.001,Concessione crediti di medio-lungo termine a tasso non agevolato a altre imprese partecipate,Vedi voce di IV livello
U.3.03.08.03.000,Concessione crediti di medio-lungo termine a tasso non agevolato alla Cassa Depositi e Prestiti - SPA,Incremento di attività finanziaria determinato dalla concessione di un credito da estinguere in un periodo superiore a un anno dall'accensione erogato a titolo di prestito con tasso pari a quello di mercato a Cassa depositi e prestiti S.p.A.
U.3.03.08.03.001,Concessione crediti di medio-lungo termine a tasso non agevolato alla Cassa Depositi e Prestiti - SPA,Vedi voce di IV livello
U.3.03.08.04.000,Concessione crediti di medio-lungo termine a tasso non agevolato a altre Imprese,Incremento di attività finanziaria determinato dalla concessione di un credito da estinguere in un periodo superiore a un anno dall'accensione erogato a titolo di prestito con tasso pari a quello di mercato a altre imprese
U.3.03.08.04.999,Concessione crediti di medio-lungo termine a tasso non agevolato a altre Imprese,Vedi voce di IV livello
U.3.03.09.00.000,Concessione crediti di medio-lungo termine a tasso non agevolato a Istituzioni Sociali Private,Incremento di attività finanziaria determinato dalla concessione di un credito da estinguere in un periodo superiore a un anno dall'accensione erogato a titolo di prestito con tasso pari a quello di mercato a istituzioni sociali private
U.3.03.09.01.000,Concessione crediti di medio-lungo termine a tasso non agevolato a Istituzioni Sociali Private,Vedi voce di III livello
U.3.03.09.01.001,Concessione crediti di medio-lungo termine a tasso non agevolato a Istituzioni Sociali Private,Vedi voce di III livello
U.3.03.10.00.000,Concessione crediti di medio-lungo termine a tasso non agevolato all'Unione Europea e al Resto del Mondo,Incremento di attività finanziaria determinato dalla concessione di un credito da estinguere in un periodo superiore a un anno dall'accensione erogato a titolo di prestito con tasso pari a quello di mercato all'Unione europea e al resto del mondo
U.3.03.10.01.000,Concessione crediti di medio-lungo termine a tasso non agevolato all'Unione Europea,Incremento di attività finanziaria determinato dalla concessione di un credito da estinguere in un periodo superiore a un anno dall'accensione erogato a titolo di prestito con tasso pari a quello di mercato all'Unione europea
U.3.03.10.01.001,Concessione crediti di medio-lungo termine a tasso non agevolato all'Unione Europea,Vedi voce di IV livello
U.3.03.10.02.000,Concessione crediti di medio-lungo termine a tasso non agevolato al Resto del Mondo,Incremento di attività finanziaria determinato dalla concessione di un credito da estinguere in un periodo superiore a un anno dall'accensione erogato a titolo di prestito con tasso pari a quello di mercato al resto del mondo
U.3.03.10.02.001,Concessione crediti di medio-lungo termine a tasso non agevolato al Resto del Mondo,Vedi voce di IV livello
U.3.03.11.00.000,Concessione crediti a Amministrazioni Pubbliche a seguito di escussione di garanzie,"Iscrizione del credito vantato nei confronti dell'amministrazione pubblica debitrice a seguito della rivalsa su quest'ultima per il pagamento effettuato nelle mani del creditore in conseguenza dell'attivazione della garanzia.
 La successiva riscossione del credito deve essere registrata nella voce generica ""Riscossione di crediti"".
 
 PER IL DETTAGLIO ANAGRAFICO DELLE CATEGORIE INCLUSE IN TALE RUBRICA SI RIMANDA ALL'APPENDICE AL GLOSSARIO."
U.3.03.11.01.000,Concessione crediti a Amministrazioni Centrali a seguito di escussione di garanzie,Concessione crediti a Amministrazioni Centrali a seguito di escussione di garanzie. Per ulteriori dettagli sulla natura del credito si veda voce di III livello
U.3.03.11.01.001,Concessione crediti a Ministeri a seguito di escussione di garanzie,Concessione crediti a Ministeri a seguito di escussione di garanzie. Per ulteriori dettagli sulla natura del credito si veda voce di III livello
U.3.03.11.01.003,Concessione crediti a Presidenza del Consiglio dei Ministri a seguito di escussione di garanzie,Concessione crediti a Presidenza del Consiglio dei Ministri a seguito di escussione di garanzie. Per ulteriori dettagli sulla natura del credito si veda voce di III livello
U.3.03.11.01.004,Concessione crediti a Organi Costituzionali e di rilievo costituzionale a seguito di escussione di garanzie,Concessione crediti a Organi Costituzionali e di rilievo costituzionale a seguito di escussione di garanzie. Per ulteriori dettagli sulla natura del credito si veda voce di III livello
U.3.03.11.01.005,Concessione crediti a Agenzie Fiscali a seguito di escussione di garanzie,Concessione crediti a Agenzie Fiscali a seguito di escussione di garanzie. Per ulteriori dettagli sulla natura del credito si veda voce di III livello
U.3.03.11.01.006,Concessione crediti a enti di regolazione dell'attività economica a seguito di escussione di garanzie,Concessione crediti a enti di regolazione dell'attività economica a seguito di escussione di garanzie. Per ulteriori dettagli sulla natura del credito si veda voce di III livello
U.3.03.11.01.007,Concessione crediti a Gruppo Equitalia a seguito di escussione di garanzie,Concessione crediti a Gruppo Equitalia a seguito di escussione di garanzie. Per ulteriori dettagli sulla natura del credito si veda voce di III livello
U.3.03.11.01.008,Concessione crediti a Anas S.p.A. a seguito di escussione di garanzie,Concessione crediti a Anas S.p.A. a seguito di escussione di garanzie. Per ulteriori dettagli sulla natura del credito si veda voce di III livello
U.3.03.11.01.009,Concessione crediti a altri enti centrali produttori di servizi economici a seguito di escussione di garanzie,Concessione crediti a altri enti centrali produttori di servizi economici a seguito di escussione di garanzie. Per ulteriori dettagli sulla natura del credito si veda voce di III livello
U.3.03.11.01.010,Concessione crediti a autorità amministrative indipendenti a seguito di escussione di garanzie,Concessione crediti a autorità amministrative indipendenti a seguito di escussione di garanzie. Per ulteriori dettagli sulla natura del credito si veda voce di III livello
U.3.03.11.01.011,Concessione crediti a enti centrali a struttura associativa a seguito di escussione di garanzie,Concessione crediti a enti centrali a struttura associativa a seguito di escussione di garanzie. Per ulteriori dettagli sulla natura del credito si veda voce di III livello
U.3.03.11.01.012,"Concessione crediti a enti centrali produttori di servizi assistenziali, ricreativi e culturali a seguito di escussione di garanzie","Concessione crediti a enti centrali produttori di servizi assistenziali, ricreativi e culturali a seguito di escussione di garanzie. Per ulteriori dettagli sulla natura del credito si veda voce di III livello"
U.3.03.11.01.013,Concessione crediti a enti e istituzioni centrali di ricerca e Istituti e stazioni sperimentali per la ricerca a seguito di escussione di garanzie,Concessione crediti a enti e istituzioni centrali di ricerca e Istituti e stazioni sperimentali per la ricerca a seguito di escussione di garanzie. Per ulteriori dettagli sulla natura del credito si veda voce di III livello
U.3.03.11.01.999,Concessione crediti a altre Amministrazioni Centrali n.a.c. a seguito di escussione di garanzie,Concessione crediti a altre Amministrazioni Centrali n.a.c. a seguito di escussione di garanzie. Per ulteriori dettagli sulla natura del credito si veda voce di III livello
U.3.03.11.02.000,Concessione crediti a Amministrazioni Locali a seguito di escussione di garanzie,Concessione crediti a Amministrazioni Locali a seguito di escussione di garanzie. Per ulteriori dettagli sulla natura del credito si veda voce di III livello
U.3.03.11.02.001,Concessione crediti a Regioni e province autonome a seguito di escussione di garanzie,Concessione crediti a Regioni e province autonome a seguito di escussione di garanzie. Per ulteriori dettagli sulla natura del credito si veda voce di III livello
U.3.03.11.02.002,Concessione crediti a Province a seguito di escussione di garanzie,Concessione crediti a Province a seguito di escussione di garanzie. Per ulteriori dettagli sulla natura del credito si veda voce di III livello
U.3.03.11.02.003,Concessione crediti a Comuni a seguito di escussione di garanzie,Concessione crediti a Comuni a seguito di escussione di garanzie. Per ulteriori dettagli sulla natura del credito si veda voce di III livello
U.3.03.11.02.004,Concessione crediti a Città metropolitane e Roma capitale a seguito di escussione di garanzie,Concessione crediti a Città metropolitane e Roma capitale a seguito di escussione di garanzie. Per ulteriori dettagli sulla natura del credito si veda voce di III livello
U.3.03.11.02.005,Concessione crediti a Unioni di Comuni a seguito di escussione di garanzie,Concessione crediti a Unioni di Comuni a seguito di escussione di garanzie. Per ulteriori dettagli sulla natura del credito si veda voce di III livello
U.3.03.11.02.006,Concessione crediti a Comunità Montane a seguito di escussione di garanzie,Concessione crediti a Comunità Montane a seguito di escussione di garanzie. Per ulteriori dettagli sulla natura del credito si veda voce di III livello
U.3.03.11.02.007,Concessione crediti a Camere di Commercio a seguito di escussione di garanzie,Concessione crediti a Camere di Commercio a seguito di escussione di garanzie. Per ulteriori dettagli sulla natura del credito si veda voce di III livello
U.3.03.11.02.008,Concessione crediti a Università a seguito di escussione di garanzie,Concessione crediti a Università a seguito di escussione di garanzie. Per ulteriori dettagli sulla natura del credito si veda voce di III livello
U.3.03.11.02.009,Concessione crediti a Parchi nazionali e consorzi ed enti autonomi gestori di parchi e aree naturali protette a seguito di escussione di garanzie,Concessione crediti a Parchi nazionali e consorzi ed enti autonomi gestori di parchi e aree naturali protette a seguito di escussione di garanzie. Per ulteriori dettagli sulla natura del credito si veda voce di III livello
U.3.03.11.02.010,Concessione crediti a Autorità Portuali a seguito di escussione di garanzie,Concessione crediti a Autorità Portuali a seguito di escussione di garanzie. Per ulteriori dettagli sulla natura del credito si veda voce di III livello
U.3.03.11.02.011,Concessione crediti a Aziende sanitarie locali a seguito di escussione di garanzie,Concessione crediti a Aziende sanitarie locali a seguito di escussione di garanzie. Per ulteriori dettagli sulla natura del credito si veda voce di III livello
U.3.03.11.02.012,Concessione crediti a Aziende ospedaliere e Aziende ospedaliere universitarie integrate con il SSN a seguito di escussione di garanzie,Concessione crediti a Aziende ospedaliere e Aziende ospedaliere universitarie integrate con il SSN a seguito di escussione di garanzie. Per ulteriori dettagli sulla natura del credito si veda voce di III livello
U.3.03.11.02.013,Concessione crediti a Policlinici a seguito di escussione di garanzie,Concessione crediti a Policlinici a seguito di escussione di garanzie. Per ulteriori dettagli sulla natura del credito si veda voce di III livello
U.3.03.11.02.014,Concessione crediti a Istituti di ricovero e cura a carattere scientifico pubblici a seguito di escussione di garanzie,Concessione crediti a Istituti di ricovero e cura a carattere scientifico pubblici a seguito di escussione di garanzie. Per ulteriori dettagli sulla natura del credito si veda voce di III livello
U.3.03.11.02.015,Concessione crediti a altre Amministrazioni Locali produttrici di servizi sanitari a seguito di escussione di garanzie,Concessione crediti a altre Amministrazioni Locali produttrici di servizi sanitari a seguito di escussione di garanzie. Per ulteriori dettagli sulla natura del credito si veda voce di III livello
U.3.03.11.02.016,Concessione crediti a Agenzie regionali per le erogazioni in agricoltura a seguito di escussione di garanzie,Concessione crediti a Agenzie regionali per le erogazioni in agricoltura a seguito di escussione di garanzie. Per ulteriori dettagli sulla natura del credito si veda voce di III livello
U.3.03.11.02.017,Concessione crediti a altri enti e agenzie regionali e sub regionali a seguito di escussione di garanzie,Concessione crediti a altri enti e agenzie regionali e sub regionali a seguito di escussione di garanzie. Per ulteriori dettagli sulla natura del credito si veda voce di III livello
U.3.03.11.02.018,Concessione crediti a Consorzi di enti locali a seguito di escussione di garanzie,Concessione crediti a Consorzi di enti locali a seguito di escussione di garanzie. Per ulteriori dettagli sulla natura del credito si veda voce di III livello
U.3.03.11.02.019,Concessione crediti a Fondazioni e istituzioni liriche locali e a Teatri stabili di iniziativa pubblica a seguito di escussione di garanzie,Concessione crediti a Fondazioni e istituzioni liriche locali e a Teatri stabili di iniziativa pubblica a seguito di escussione di garanzie. Per ulteriori dettagli sulla natura del credito si veda voce di III livello
U.3.03.11.02.999,Concessione crediti a altre Amministrazioni Locali n.a.c. a seguito di escussione di garanzie,Concessione crediti a altre Amministrazioni Locali n.a.c. a seguito di escussione di garanzie. Per ulteriori dettagli sulla natura del credito si veda voce di III livello
U.3.03.11.03.000,Concessione crediti a Enti di Previdenza a seguito di escussione di garanzie,Concessione crediti a Enti di Previdenza a seguito di escussione di garanzie. Per ulteriori dettagli sulla natura del credito si veda voce di III livello
U.3.03.11.03.001,Concessione crediti a INPS a seguito di escussione di garanzie,Concessione crediti a INPS a seguito di escussione di garanzie. Per ulteriori dettagli sulla natura del credito si veda voce di III livello
U.3.03.11.03.002,Concessione crediti a INAIL a seguito di escussione di garanzie,Concessione crediti a INAIL a seguito di escussione di garanzie. Per ulteriori dettagli sulla natura del credito si veda voce di III livello
U.3.03.11.03.999,Concessione crediti a altri Enti di Previdenza n.a.c. a seguito di escussione di garanzie,Concessione crediti a altri Enti di Previdenza n.a.c. a seguito di escussione di garanzie. Per ulteriori dettagli sulla natura del credito si veda voce di III livello
U.3.03.12.00.000,Concessione crediti a Famiglie a seguito di escussione di garanzie,"Iscrizione del credito vantato nei confronti del debitore (famiglia) a seguito della rivalsa su quest'ultimo per il pagamento effettuato nelle mani del creditore in conseguenza dell'attivazione della garanzia.
 La successiva riscossione del credito deve essere registrata nella voce generica ""Riscossione di crediti"""
U.3.03.12.01.000,Concessione crediti a Famiglie a seguito di escussione di garanzie,Vedi voce di III livello
U.3.03.12.01.001,Concessione crediti a Famiglie a seguito di escussione di garanzie,Vedi voce di III livello
U.3.03.13.00.000,Concessione crediti a Imprese a seguito di escussione di garanzie,"Iscrizione del credito vantato nei confronti del debitore (impresa) a seguito della rivalsa su quest'ultimo per il pagamento effettuato nelle mani del creditore in conseguenza dell'attivazione della garanzia.
 La successiva riscossione del credito deve essere registrata nella voce generica ""Riscossione di crediti"""
U.3.03.13.01.000,Concessione crediti a imprese controllate a seguito di escussione di garanzie,Concessione crediti a imprese controllate a seguito di escussione di garanzie. Per ulteriori dettagli sulla natura del credito si veda voce di III livello
U.3.03.13.01.001,Concessione crediti a imprese controllate a seguito di escussione di garanzie,Vedi voce di IV livello
U.3.03.13.02.000,Concessione crediti a altre imprese partecipate a seguito di escussione di garanzie,Concessione crediti a altre imprese partecipate a seguito di escussione di garanzie. Per ulteriori dettagli sulla natura del credito si veda voce di III livello
U.3.03.13.02.001,Concessione crediti a altre imprese partecipate a seguito di escussione di garanzie,Vedi voce di IV livello
U.3.03.13.03.000,Concessione crediti alla Cassa Depositi e Prestiti - SPA a seguito di escussione di garanzie,Concessione crediti alla Cassa Depositi e Prestiti - SPA a seguito di escussione di garanzie. Per ulteriori dettagli sulla natura del credito si veda voce di III livello
U.3.03.13.03.001,Concessione crediti alla Cassa Depositi e Prestiti - SPA a seguito di escussione di garanzie,Vedi voce di IV livello
U.3.03.13.04.000,Concessione crediti a altre Imprese a seguito di escussione di garanzie,Concessione crediti a altre Imprese a seguito di escussione di garanzie. Per ulteriori dettagli sulla natura del credito si veda voce di III livello
U.3.03.13.04.999,Concessione crediti a altre Imprese a seguito di escussione di garanzie,Vedi voce di IV livello
U.3.03.14.00.000,Concessione crediti a Istituzioni Sociali Private a seguito di escussione di garanzie,"Iscrizione del credito vantato nei confronti del debitore (Istituzioni Sociali Private) a seguito della rivalsa su quest'ultimo per il pagamento effettuato nelle mani del creditore in conseguenza dell'attivazione della garanzia.
 La successiva riscossione del credito deve essere registrata nella voce generica ""Riscossione di crediti"""
U.3.03.14.01.000,Concessione crediti a Istituzioni Sociali Private a seguito di escussione di garanzie,Vedi voce di III livello
U.3.03.14.01.001,Concessione crediti a Istituzioni Sociali Private a seguito di escussione di garanzie,Vedi voce di III livello
U.3.03.15.00.000,Concessione crediti a Unione Europea e del Resto del Mondo a seguito di escussione di garanzie,"Iscrizione del credito vantato nei confronti del debitore (Unione Europea e Resto del mondo) a seguito della rivalsa su quest'ultimo per il pagamento effettuato nelle mani del creditore in conseguenza dell'attivazione della garanzia.
 La successiva riscossione del credito deve essere registrata nella voce generica ""Riscossione di crediti"""
U.3.03.15.01.000,Concessione crediti a Unione Europea a seguito di escussione di garanzie,Vedi voce di III livello
U.3.03.15.01.001,Concessione crediti a Unione Europea a seguito di escussione di garanzie,Vedi voce di III livello
U.3.03.15.02.000,Concessione crediti a Resto del Mondo a seguito di escussione di garanzie,Vedi voce di III livello
U.3.03.15.02.001,Concessione crediti a Resto del Mondo a seguito di escussione di garanzie,Vedi voce di III livello
U.3.04.00.00.000,Altre spese per incremento di attività finanziarie,
U.3.04.01.00.000,Incremento di altre attività finanziarie verso Amministrazione Pubbliche,"Incremento di altre attività finanziarie verso Amministrazione Pubbliche.
 
 PER IL DETTAGLIO ANAGRAFICO DELLE CATEGORIE INCLUSE IN TALE RUBRICA SI RIMANDA ALL'APPENDICE AL GLOSSARIO."
U.3.04.01.01.000,Incremento di altre attività finanziarie verso Amministrazioni Centrali,Incremento di altre attività finanziarie verso Amministrazioni Centrali
U.3.04.01.01.001,Incremento di altre attività finanziarie verso Ministeri,Incremento di altre attività finanziarie verso Ministeri
U.3.04.01.01.003,Incremento di altre attività finanziarie verso Presidenza del Consiglio dei Ministri,Incremento di altre attività finanziarie verso Presidenza del Consiglio dei Ministri
U.3.04.01.01.004,Incremento di altre attività finanziarie verso Organi Costituzionali e di rilievo costituzionale,Incremento di altre attività finanziarie verso Organi Costituzionali e di rilievo costituzionale
U.3.04.01.01.005,Incremento di altre attività finanziarie verso Agenzie Fiscali,Incremento di altre attività finanziarie verso Agenzie Fiscali
U.3.04.01.01.006,Incremento di altre attività finanziarie verso enti di regolazione dell'attività economica,Incremento di altre attività finanziarie verso enti di regolazione dell'attività economica
U.3.04.01.01.007,Incremento di altre attività finanziarie verso Gruppo Equitalia,Incremento di altre attività finanziarie verso Gruppo Equitalia
U.3.04.01.01.008,Incremento di altre attività finanziarie verso Anas S.p.A.,Incremento di altre attività finanziarie verso Anas S.p.A.
U.3.04.01.01.009,Incremento di altre attività finanziarie verso altri enti centrali produttori di servizi economici,Incremento di altre attività finanziarie verso altri enti centrali produttori di servizi economici
U.3.04.01.01.010,Incremento di altre attività finanziarie verso autorità amministrative indipendenti,Incremento di altre attività finanziarie verso autorità amministrative indipendenti
U.3.04.01.01.011,Incremento di altre attività finanziarie verso enti centrali a struttura associativa,Incremento di altre attività finanziarie verso enti centrali a struttura associativa
U.3.04.01.01.012,"Incremento di altre attività finanziarie verso enti centrali produttori di servizi assistenziali, ricreativi e culturali","Incremento di altre attività finanziarie verso enti centrali produttori di servizi assistenziali, ricreativi e culturali"
U.3.04.01.01.013,Incremento di altre attività finanziarie verso enti e istituzioni centrali di ricerca e Istituti e stazioni sperimentali per la ricerca,Incremento di altre attività finanziarie verso enti e istituzioni centrali di ricerca e Istituti e stazioni sperimentali per la ricerca
U.3.04.01.01.999,Incremento di altre attività finanziarie verso altre Amministrazioni Centrali n.a.c.,Incremento di altre attività finanziarie verso altre Amministrazioni Centrali n.a.c.
U.3.04.01.02.000,Incremento di altre attività finanziarie verso Amministrazioni Locali,Incremento di altre attività finanziarie verso Amministrazioni Locali
U.3.04.01.02.001,Incremento di altre attività finanziarie verso Regioni e province autonome,Incremento di altre attività finanziarie verso Regioni e province autonome
U.3.04.01.02.002,Incremento di altre attività finanziarie verso Province,Incremento di altre attività finanziarie verso Province
U.3.04.01.02.003,Incremento di altre attività finanziarie verso Comuni,Incremento di altre attività finanziarie verso Comuni
U.3.04.01.02.004,Incremento di altre attività finanziarie verso Città metropolitane e Roma capitale,Incremento di altre attività finanziarie verso Città metropolitane e Roma capitale
U.3.04.01.02.005,Incremento di altre attività finanziarie verso Unioni di Comuni,Incremento di altre attività finanziarie verso Unioni di Comuni
U.3.04.01.02.006,Incremento di altre attività finanziarie verso Comunità Montane,Incremento di altre attività finanziarie verso Comunità Montane
U.3.04.01.02.007,Incremento di altre attività finanziarie verso Camere di Commercio,Incremento di altre attività finanziarie verso Camere di Commercio
U.3.04.01.02.008,Incremento di altre attività finanziarie verso Università,Incremento di altre attività finanziarie verso Università
U.3.04.01.02.009,Incremento di altre attività finanziarie verso Parchi nazionali e consorzi ed enti autonomi gestori di parchi e aree naturali protette,Incremento di altre attività finanziarie verso Parchi nazionali e consorzi ed enti autonomi gestori di parchi e aree naturali protette
U.3.04.01.02.010,Incremento di altre attività finanziarie verso Autorità Portuali,Incremento di altre attività finanziarie verso Autorità Portuali
U.3.04.01.02.011,Incremento di altre attività finanziarie verso Aziende sanitarie locali,Incremento di altre attività finanziarie verso Aziende sanitarie locali
U.3.04.01.02.012,Incremento di altre attività finanziarie verso Aziende ospedaliere e Aziende ospedaliere universitarie integrate con il SSN,Incremento di altre attività finanziarie verso Aziende ospedaliere e Aziende ospedaliere universitarie integrate con il SSN
U.3.04.01.02.013,Incremento di altre attività finanziarie verso Policlinici,Incremento di altre attività finanziarie verso Policlinici
U.3.04.01.02.014,Incremento di altre attività finanziarie verso Istituti di ricovero e cura a carattere scientifico pubblici,Incremento di altre attività finanziarie verso Istituti di ricovero e cura a carattere scientifico pubblici
U.3.04.01.02.015,Incremento di altre attività finanziarie verso altre Amministrazioni Locali produttrici di servizi sanitari,Incremento di altre attività finanziarie verso altre Amministrazioni Locali produttrici di servizi sanitari
U.3.04.01.02.016,Incremento di altre attività finanziarie verso Agenzie regionali per le erogazioni in agricoltura,Incremento di altre attività finanziarie verso Agenzie regionali per le erogazioni in agricoltura
U.3.04.01.02.017,Incremento di altre attività finanziarie verso altri enti e agenzie regionali e sub regionali,Incremento di altre attività finanziarie verso altri enti e agenzie regionali e sub regionali
U.3.04.01.02.018,Incremento di altre attività finanziarie verso Consorzi di enti locali,Incremento di altre attività finanziarie verso Consorzi di enti locali
U.3.04.01.02.019,Incremento di altre attività finanziarie verso Fondazioni e istituzioni liriche locali e a Teatri stabili di iniziativa pubblica,Incremento di altre attività finanziarie verso Fondazioni e istituzioni liriche locali e a Teatri stabili di iniziativa pubblica
U.3.04.01.02.999,Incremento di altre attività finanziarie verso altre Amministrazioni Locali n.a.c.,Incremento di altre attività finanziarie verso altre Amministrazioni Locali n.a.c.
U.3.04.01.03.000,Incremento di altre attività finanziarie verso Enti di Previdenza,Incremento di altre attività finanziarie verso Enti di Previdenza
U.3.04.01.03.001,Incremento di altre attività finanziarie verso INPS,Incremento di altre attività finanziarie verso INPS
U.3.04.01.03.002,Incremento di altre attività finanziarie verso INAIL,Incremento di altre attività finanziarie verso INAIL
U.3.04.01.03.999,Incremento di altre attività finanziarie verso altri Enti di Previdenza n.a.c.,Incremento di altre attività finanziarie verso altri Enti di Previdenza n.a.c.
U.3.04.02.00.000,Incremento di altre attività finanziarie verso Famiglie,Incremento di altre attività finanziarie verso Famiglie
U.3.04.02.01.000,Incremento di altre attività finanziarie verso Famiglie,Vedi voce di III livello
U.3.04.02.01.001,Incremento di altre attività finanziarie verso Famiglie,Vedi voce di III livello
U.3.04.03.00.000,Incremento di altre attività finanziarie verso Imprese,Incremento di altre attività finanziarie verso Imprese
U.3.04.03.01.000,Incremento di altre attività finanziarie verso imprese controllate,Incremento di altre attività finanziarie verso imprese controllate
U.3.04.03.01.001,Incremento di altre attività finanziarie verso imprese controllate,Vedi voce di IV livello
U.3.04.03.02.000,Incremento di altre attività finanziarie verso altre imprese partecipate,Incremento di altre attività finanziarie verso altre imprese partecipate
U.3.04.03.02.001,Incremento di altre attività finanziarie verso altre imprese partecipate,Vedi voce di IV livello
U.3.04.03.03.000,Incremento di altre attività finanziarie versolla Cassa Depositi e Prestiti - SPA,Incremento di altre attività finanziarie versolla Cassa Depositi e Prestiti - SPA
U.3.04.03.03.001,Incremento di altre attività finanziarie versolla Cassa Depositi e Prestiti - SPA,Vedi voce di IV livello
U.3.04.03.04.000,Incremento di altre attività finanziarie verso altre Imprese,Incremento di altre attività finanziarie verso altre Imprese
U.3.04.03.04.999,Incremento di altre attività finanziarie verso altre Imprese,Vedi voce di IV livello
U.3.04.04.00.000,Incremento di altre attività finanziarie verso Istituzioni Sociali Private,Incremento di altre attività finanziarie verso Istituzioni Sociali Private
U.3.04.04.01.000,Incremento di altre attività finanziarie verso Istituzioni Sociali Private,Vedi voce di III livello
U.3.04.04.01.001,Incremento di altre attività finanziarie verso Istituzioni Sociali Private,Vedi voce di III livello
U.3.04.05.00.000,Incremento di altre attività finanziarie verso UE e Resto del Mondo,Incremento di altre attività finanziarie verso UE e Resto del Mondo
U.3.04.05.01.000,Incremento di altre attività finanziarie verso la UE,Incremento di altre attività finanziarie verso la UE
U.3.04.05.01.001,Incremento di altre attività finanziarie verso la UE,Vedi voce di IV livello
U.3.04.05.02.000,Incremento di altre attività finanziarie verso il Resto del Mondo,Incremento di altre attività finanziarie verso il Resto del Mondo
U.3.04.05.02.001,Incremento di altre attività finanziarie verso il Resto del Mondo,Vedi voce di IV livello
U.3.04.06.00.000,Versamenti ai conti di tesoreria statale (da parte dei soggetti non sottoposti al regime di Tesoreria Unica),Versamenti ai conti di tesoreria statale (da parte dei soggetti non sottoposti al regime di Tesoreria Unica)
U.3.04.06.01.000,Versamenti ai conti di tesoreria statale (da parte dei soggetti non sottoposti al regime di Tesoreria Unica),Vedi voce di III livello
U.3.04.06.01.001,Versamenti ai conti di tesoreria statale (da parte dei soggetti non sottoposti al regime di Tesoreria Unica),Vedi voce di III livello
U.3.04.07.00.000,Versamenti a depositi bancari,Versamenti a depositi bancari
U.3.04.07.01.000,Versamenti a depositi bancari,Vedi voce di III livello
U.3.04.07.01.001,Versamenti a depositi bancari,Vedi voce di III livello
U.3.04.08.00.000,Spese da derivato di ammortamento,"Spese derivanti dalla contrazione di derivati ""Bullet/amortising"", concernenti l'ammortamento di debiti sottostanti in formato ""bullet"" (a scadenza unica)."
U.3.04.08.01.000,Spese da derivato di ammortamento,Vedi voce di IV livello
U.3.04.08.01.001,Spese derivanti dalla sottoscrizione di un derivato di ammortamento,"La voce registra le spese relativa ai versamenti periodici che l’ente si è impegnato ad effettuare a seguito della sottoscrizione di derivati ""bullet/amortising"", diretti a costituire forme di ammortamento graduale di un debito sottostante “bullet” (a scadenza unica)."
U.3.04.08.01.002,Spese derivanti dalla chiusura anticipata di un derivato di ammortamento,"La voce registra le spese sostenute per chiudere anticipatamente derivati ""Bullet/amortising"", nel caso in cui l’operazione di chiusura anticipata comporti la necessità di rimborsare la controparte."
U.4.00.00.00.000,Rimborso Prestiti,Chiusura delle operazioni di finanziamento attivate dall'ente su mezzi di finanziamento e titoli a breve e medio-lungo termine
U.4.01.00.00.000,Rimborso di titoli obbligazionari,Restituzione del capitale nominale di uno strumento finanziario negoziabile
U.4.01.01.00.000,Rimborso di titoli obbligazionari a breve termine,Restituzione del capitale nominale di uno strumento finanziario negoziabile con durata uguale o inferiore all’anno tramite la cui emissione la pubblica amministrazione si era indebitata
U.4.01.01.01.000,Rimborso di titoli obbligazionari a breve termine in valuta domestica,Restituzione del capitale nominale in valuta domestica di uno strumento finanziario negoziabile con durata uguale o inferiore all’anno tramite la cui emissione la pubblica amministrazione si era indebitata
U.4.01.01.01.001,Rimborso prestiti - titoli a tasso fisso - valuta domestica,Restituzione del capitale nominale in valuta domestica di uno strumento finanziario negoziabile a tasso fisso con durata uguale o inferiore all’anno tramite la cui emissione la pubblica amministrazione si era indebitata
U.4.01.01.01.002,Rimborso prestiti - titoli a tasso variabile - valuta domestica,Restituzione del capitale nominale in valuta domestica di uno strumento finanziario negoziabile a tasso variabile con durata uguale o inferiore all’anno tramite la cui emissione la pubblica amministrazione si era indebitata
U.4.01.01.02.000,Rimborso di titoli obbligazionari a breve termine in valuta estera,Restituzione del capitale nominale in valuta estera di uno strumento finanziario negoziabile con durata uguale o inferiore all’anno tramite la cui emissione la pubblica amministrazione si era indebitata
U.4.01.01.02.001,Rimborso prestiti - titoli a tasso fisso - valuta estera,Restituzione del capitale nominale in valuta estera di uno strumento finanziario negoziabile a tasso fisso con durata uguale o inferiore all’anno tramite la cui emissione la pubblica amministrazione si era indebitata
U.4.01.01.02.002,Rimborso prestiti - titoli a tasso variabile - valuta estera,Restituzione del capitale nominale in valuta estera di uno strumento finanziario negoziabile a tasso variabile con durata uguale o inferiore all’anno tramite la cui emissione la pubblica amministrazione si era indebitata
U.4.01.02.00.000,Rimborso di titoli obbligazionari a medio-lungo termine,Restituzione del capitale nominale di uno strumento finanziario negoziabile con durata superiore all’anno tramite la cui emissione la pubblica amministrazione si era indebitata
U.4.01.02.01.000,Rimborso di titoli obbligazionari a medio-lungo termine in valuta domestica,Restituzione del capitale nominale in valuta domestica di uno strumento finanziario negoziabile con durata superiore all’anno tramite la cui emissione la pubblica amministrazione si era indebitata
U.4.01.02.01.001,Rimborso di titoli obbligazionari a medio-lungo termine a tasso fisso - valuta domestica,Restituzione del capitale nominale in valuta domestica di uno strumento finanziario negoziabile a tasso fisso con durata superiore all’anno tramite la cui emissione la pubblica amministrazione si era indebitata
U.4.01.02.01.002,Rimborso di titoli obbligazionari a medio-lungo termine a tasso variabile - valuta domestica,Restituzione del capitale nominale in valuta domestica di uno strumento finanziario negoziabile a tasso variabile con durata superiore all’anno tramite la cui emissione la pubblica amministrazione si era indebitata
U.4.01.02.02.000,Rimborso di titoli obbligazionari a medio-lungo termine in valuta estera,Restituzione del capitale nominale in valuta estera di uno strumento finanziario negoziabile con durata superiore all’anno tramite la cui emissione la pubblica amministrazione si era indebitata
U.4.01.02.02.001,Rimborso di titoli obbligazionari a medio-lungo termine a tasso fisso - valuta estera,Restituzione del capitale nominale in valuta estera di uno strumento finanziario negoziabile a tasso fisso con durata superiore all’anno tramite la cui emissione la pubblica amministrazione si era indebitata
U.4.01.02.02.002,Rimborso di titoli obbligazionari a medio-lungo termine a tasso variabile - valuta estera,Restituzione del capitale nominale in valuta estera di uno strumento finanziario negoziabile a tasso variabile con durata superiore all’anno tramite la cui emissione la pubblica amministrazione si era indebitata
U.4.02.00.00.000,Rimborso prestiti a breve termine,Restituzione del capitale nominale di uno strumento finanziario non negoziabile a breve termine
U.4.02.01.00.000,Rimborso Finanziamenti a breve termine,"Restituzione del capitale nominale di uno strumento finanziario non negoziabile emesso per prendere in prestito fondi con durata uguale o inferiore all’anno.
 
 PER IL DETTAGLIO ANAGRAFICO DELLE CATEGORIE INCLUSE IN TALE RUBRICA SI RIMANDA ALL'APPENDICE AL GLOSSARIO."
U.4.02.01.01.000,Rimborso finanziamenti a breve termine a Amministrazioni Centrali,Restituzione a amministrazioni centrali del capitale nominale di uno strumento finanziario non negoziabile con durata inferiore all’anno emesso per comprovare il prestito di fondi
U.4.02.01.01.001,Rimborso finanziamenti a breve termine a Ministeri,Rimborso finanziamenti a breve termine a Ministeri. Per ulteriori dettagli sulla natura del rimborso si vedano voci di III e IV livello
U.4.02.01.01.002,Rimborso finanziamenti a breve termine a Presidenza del Consiglio dei Ministri,Rimborso finanziamenti a breve termine a Presidenza del Consiglio dei Ministri. Per ulteriori dettagli sulla natura del rimborso si vedano voci di III e IV livello
U.4.02.01.01.003,Rimborso finanziamenti a breve termine a Organi Costituzionali e di rilievo costituzionale,Rimborso finanziamenti a breve termine a Organi Costituzionali e di rilievo costituzionale. Per ulteriori dettagli sulla natura del rimborso si vedano voci di III e IV livello
U.4.02.01.01.004,Rimborso finanziamenti a breve termine a Agenzie Fiscali,Rimborso finanziamenti a breve termine a Agenzie Fiscali. Per ulteriori dettagli sulla natura del rimborso si vedano voci di III e IV livello
U.4.02.01.01.005,Rimborso finanziamenti a breve termine a enti di regolazione dell'attività economica,Rimborso finanziamenti a breve termine a enti di regolazione dell'attività economica. Per ulteriori dettagli sulla natura del rimborso si vedano voci di III e IV livello
U.4.02.01.01.006,Rimborso finanziamenti a breve termine a Gruppo Equitalia,Rimborso finanziamenti a breve termine a Gruppo Equitalia. Per ulteriori dettagli sulla natura del rimborso si vedano voci di III e IV livello
U.4.02.01.01.007,Rimborso finanziamenti a breve termine a Anas S.p.A.,Rimborso finanziamenti a breve termine a Anas S.p.A.. Per ulteriori dettagli sulla natura del rimborso si vedano voci di III e IV livello
U.4.02.01.01.008,Rimborso finanziamenti a breve termine a altri enti centrali produttori di servizi economici,Rimborso finanziamenti a breve termine a altri enti centrali produttori di servizi economici. Per ulteriori dettagli sulla natura del rimborso si vedano voci di III e IV livello
U.4.02.01.01.009,Rimborso finanziamenti a breve termine a autorità amministrative indipendenti,Rimborso finanziamenti a breve termine a autorità amministrative indipendenti. Per ulteriori dettagli sulla natura del rimborso si vedano voci di III e IV livello
U.4.02.01.01.010,Rimborso finanziamenti a breve termine a enti centrali a struttura associativa,Rimborso finanziamenti a breve termine a enti centrali a struttura associativa. Per ulteriori dettagli sulla natura del rimborso si vedano voci di III e IV livello
U.4.02.01.01.011,"Rimborso finanziamenti a breve termine a enti centrali produttori di servizi assistenziali, ricreativi e culturali","Rimborso finanziamenti a breve termine a enti centrali produttori di servizi assistenziali, ricreativi e culturali. Per ulteriori dettagli sulla natura del rimborso si vedano voci di III e IV livello"
U.4.02.01.01.012,Rimborso finanziamenti a breve termine a enti e istituzioni centrali di ricerca e Istituti e stazioni sperimentali per la ricerca,Rimborso finanziamenti a breve termine a enti e istituzioni centrali di ricerca e Istituti e stazioni sperimentali per la ricerca. Per ulteriori dettagli sulla natura del rimborso si vedano voci di III e IV livello
U.4.02.01.01.999,Rimborso finanziamenti a breve termine a altre Amministrazioni Centrali n.a.c.,Rimborso finanziamenti a breve termine a altre Amministrazioni Centrali n.a.c.. Per ulteriori dettagli sulla natura del rimborso si vedano voci di III e IV livello
U.4.02.01.02.000,Rimborso finanziamenti a breve termine a Amministrazioni Locali,Restituzione a amministrazioni locali del capitale nominale di uno strumento finanziario non negoziabile con durata inferiore all’anno emesso per comprovare il prestito di fondi
U.4.02.01.02.001,Rimborso finanziamenti a breve termine a Regioni e province autonome,Rimborso finanziamenti a breve termine a Regioni e province autonome. Per ulteriori dettagli sulla natura del rimborso si vedano voci di III e IV livello
U.4.02.01.02.002,Rimborso finanziamenti a breve termine a Province,Rimborso finanziamenti a breve termine a Province. Per ulteriori dettagli sulla natura del rimborso si vedano voci di III e IV livello
U.4.02.01.02.003,Rimborso finanziamenti a breve termine a Comuni,Rimborso finanziamenti a breve termine a Comuni. Per ulteriori dettagli sulla natura del rimborso si vedano voci di III e IV livello
U.4.02.01.02.004,Rimborso finanziamenti a breve termine a Città metropolitane e Roma capitale,Rimborso finanziamenti a breve termine a Città metropolitane e Roma capitale. Per ulteriori dettagli sulla natura del rimborso si vedano voci di III e IV livello
U.4.02.01.02.005,Rimborso finanziamenti a breve termine a Unioni di Comuni,Rimborso finanziamenti a breve termine a Unioni di Comuni. Per ulteriori dettagli sulla natura del rimborso si vedano voci di III e IV livello
U.4.02.01.02.006,Rimborso finanziamenti a breve termine a Comunità Montane,Rimborso finanziamenti a breve termine a Comunità Montane. Per ulteriori dettagli sulla natura del rimborso si vedano voci di III e IV livello
U.4.02.01.02.007,Rimborso finanziamenti a breve termine a Camere di Commercio,Rimborso finanziamenti a breve termine a Camere di Commercio. Per ulteriori dettagli sulla natura del rimborso si vedano voci di III e IV livello
U.4.02.01.02.008,Rimborso finanziamenti a breve termine a Università,Rimborso finanziamenti a breve termine a Università. Per ulteriori dettagli sulla natura del rimborso si vedano voci di III e IV livello
U.4.02.01.02.009,Rimborso finanziamenti a breve termine a Parchi nazionali e consorzi ed enti autonomi gestori di parchi e aree naturali protette,Rimborso finanziamenti a breve termine a Parchi nazionali e consorzi ed enti autonomi gestori di parchi e aree naturali protette. Per ulteriori dettagli sulla natura del rimborso si vedano voci di III e IV livello
U.4.02.01.02.010,Rimborso finanziamenti a breve termine a Autorità Portuali,Rimborso finanziamenti a breve termine a Autorità Portuali. Per ulteriori dettagli sulla natura del rimborso si vedano voci di III e IV livello
U.4.02.01.02.011,Rimborso finanziamenti a breve termine a Aziende sanitarie locali,Rimborso finanziamenti a breve termine a Aziende sanitarie locali . Per ulteriori dettagli sulla natura del rimborso si vedano voci di III e IV livello
U.4.02.01.02.012,Rimborso finanziamenti a breve termine a Aziende ospedaliere e Aziende ospedaliere universitarie integrate con il SSN,Rimborso finanziamenti a breve termine a Aziende ospedaliere e Aziende ospedaliere universitarie integrate con il SSN. Per ulteriori dettagli sulla natura del rimborso si vedano voci di III e IV livello
U.4.02.01.02.013,Rimborso finanziamenti a breve termine a Policlinici,Rimborso finanziamenti a breve termine a Policlinici. Per ulteriori dettagli sulla natura del rimborso si vedano voci di III e IV livello
U.4.02.01.02.014,Rimborso finanziamenti a breve termine a Istituti di ricovero e cura a carattere scientifico pubblici,Rimborso finanziamenti a breve termine a Istituti di ricovero e cura a carattere scientifico pubblici. Per ulteriori dettagli sulla natura del rimborso si vedano voci di III e IV livello
U.4.02.01.02.015,Rimborso finanziamenti a breve termine a altre Amministrazioni Locali produttrici di servizi sanitari,Rimborso finanziamenti a breve termine a altre Amministrazioni Locali produttrici di servizi sanitari. Per ulteriori dettagli sulla natura del rimborso si vedano voci di III e IV livello
U.4.02.01.02.016,Rimborso finanziamenti a breve termine a Agenzie regionali per le erogazioni in agricoltura,Rimborso finanziamenti a breve termine a Agenzie regionali per le erogazioni in agricoltura. Per ulteriori dettagli sulla natura del rimborso si vedano voci di III e IV livello
U.4.02.01.02.017,Rimborso finanziamenti a breve termine a altri enti e agenzie regionali e sub regionali,Rimborso finanziamenti a breve termine a altri enti e agenzie regionali e sub regionali. Per ulteriori dettagli sulla natura del rimborso si vedano voci di III e IV livello
U.4.02.01.02.018,Rimborso finanziamenti a breve termine a Consorzi di enti locali,Rimborso finanziamenti a breve termine a Consorzi di enti locali. Per ulteriori dettagli sulla natura del rimborso si vedano voci di III e IV livello
U.4.02.01.02.019,Rimborso finanziamenti a breve termine a Fondazioni e istituzioni liriche locali e da teatri stabili di iniziativa pubblica,Rimborso finanziamenti a breve termine a Fondazioni e istituzioni liriche locali e da teatri stabili di iniziativa pubblica. Per ulteriori dettagli sulla natura del rimborso si vedano voci di III e IV livello
U.4.02.01.02.999,Rimborso finanziamenti a breve termine a altre Amministrazioni Locali n.a.c.,Rimborso finanziamenti a breve termine a altre Amministrazioni Locali n.a.c.. Per ulteriori dettagli sulla natura del rimborso si vedano voci di III e IV livello
U.4.02.01.03.000,Rimborso finanziamenti a breve termine a Enti previdenziali,Restituzione a enti previdenziali del capitale nominale di uno strumento finanziario non negoziabile con durata inferiore all’anno emesso per comprovare il prestito di fondi
U.4.02.01.03.001,Rimborso finanziamenti a breve termine a INPS,Rimborso finanziamenti a breve termine a INPS. Per ulteriori dettagli sulla natura del rimborso si vedano voci di III e IV livello
U.4.02.01.03.002,Rimborso finanziamenti a breve termine a INAIL,Rimborso finanziamenti a breve termine a INAIL. Per ulteriori dettagli sulla natura del rimborso si vedano voci di III e IV livello
U.4.02.01.03.999,Rimborso finanziamenti a breve termine a altri Enti di Previdenza n.a.c.,Rimborso finanziamenti a breve termine a altri Enti di Previdenza n.a.c.. Per ulteriori dettagli sulla natura del rimborso si vedano voci di III e IV livello
U.4.02.01.04.000,Rimborso finanziamenti a breve termine a Imprese,Restituzione a imprese del capitale nominale di uno strumento finanziario non negoziabile con durata inferiore all’anno emesso per comprovare il prestito di fondi
U.4.02.01.04.001,Rimborso finanziamenti a breve termine a imprese controllate,Rimborso finanziamenti a breve termine a imprese controllate. Per ulteriori dettagli sulla natura del rimborso si vedano voci di III e IV livello
U.4.02.01.04.002,Rimborso finanziamenti a breve termine a altre imprese partecipate,Rimborso finanziamenti a breve termine a altre imprese partecipate. Per ulteriori dettagli sulla natura del rimborso si vedano voci di III e IV livello
U.4.02.01.04.999,Rimborso finanziamenti a breve termine a altre imprese,Rimborso finanziamenti a breve termine a altre imprese. Per ulteriori dettagli sulla natura del rimborso si vedano voci di III e IV livello
U.4.02.01.05.000,Rimborso finanziamenti a breve termine a altri soggetti,Restituzione a altri soggetti del capitale nominale di uno strumento finanziario non negoziabile con durata inferiore all’anno emesso per comprovare il prestito di fondi
U.4.02.01.05.001,Rimborso finanziamenti a breve termine a altri soggetti,Vedi voce di IV livello
U.4.02.02.00.000,Chiusura Anticipazioni,Chiusura (entro un anno dalla loro concessione) delle anticipazioni di breve periodo a titolo oneroso e non oneroso
U.4.02.02.01.000,Chiusura Anticipazioni a titolo oneroso,Chiusura anticipazioni di breve periodo (entro un anno dalla loro concessione) la cui concessione comporta per l'ente beneficiario il pagamento di interessi
U.4.02.02.01.001,Chiusura Anticipazioni a titolo oneroso ricevute da Amministrazioni Centrali,Chiusura anticipazioni di breve periodo (entro un anno dalla loro concessione) concesse da una amministrazione centrale che determinano per l'ente beneficiario il pagamento di interessi
U.4.02.02.01.002,Chiusura Anticipazioni a titolo oneroso ricevute da Amministrazioni Locali,Chiusura anticipazioni di breve periodo (entro un anno dalla loro concessione) concesse da una amministrazione locale che determinano per l'ente beneficiario il pagamento di interessi
U.4.02.02.01.003,Chiusura Anticipazioni a titolo oneroso ricevute da Enti di Previdenza,Chiusura anticipazioni di breve periodo (entro un anno dalla loro concessione) concesse da ente di previdenza che determinano per l'ente beneficiario il pagamento di interessi
U.4.02.02.01.999,Chiusura Anticipazioni a titolo oneroso ricevute da altri soggetti,Chiusura anticipazioni di breve periodo (entro un anno dalla loro concessione) concesse da altri soggetti residenti e non residenti sul territorio nazionale che determinano per l'ente beneficiario il pagamento di interessi
U.4.02.02.02.000,Chiusura Anticipazioni a titolo non oneroso,Chiusura anticipazioni di breve periodo (entro un anno dalla loro concessione) che non comportano per l'ente beneficiario il pagamento degli interessi
U.4.02.02.02.001,Chiusura Anticipazioni a titolo non oneroso ricevute da Amministrazioni Centrali,Chiusura anticipazioni di breve periodo (entro un anno dalla loro concessione) concesse da una amministrazione centrale che non determinano per l'ente beneficiario il pagamento di interessi
U.4.02.02.02.002,Chiusura Anticipazioni a titolo non oneroso ricevute da Amministrazioni Locali,Chiusura anticipazioni di breve periodo (entro un anno dalla loro concessione) concesse da una amministrazione locale che non determinano per l'ente beneficiario il pagamento di interessi
U.4.02.02.02.003,Chiusura Anticipazioni a titolo non oneroso ricevute da Enti di Previdenza,Chiusura anticipazioni di breve periodo (entro un anno dalla loro concessione) concesse da ente di previdenza che non determinano per l'ente beneficiario il pagamento di interessi
U.4.02.02.02.999,Chiusura Anticipazioni a titolo non oneroso ricevute da altri soggetti,Chiusura anticipazioni di breve periodo (entro un anno dalla loro concessione) concesse da altri soggetti residenti e non residenti sul territorio nazionale che non determinano per l'ente beneficiario il pagamento di interessi
U.4.03.00.00.000,Rimborso mutui e altri finanziamenti a medio lungo termine,"Restituzione del capitale nominale di uno strumento finanziario non negoziabile con durata superiore all’anno emesso per comprovare il prestito di fondi.
 
 PER IL DETTAGLIO ANAGRAFICO DELLE CATEGORIE INCLUSE IN TALE RUBRICA SI RIMANDA ALL'APPENDICE AL GLOSSARIO."
U.4.03.01.00.000,Rimborso Mutui e altri finanziamenti a medio lungo termine,Vedi voce di III livello
U.4.03.01.01.000,Rimborso Mutui e altri finanziamenti a medio lungo termine ad Amministrazioni Centrali,Restituzione a amministrazioni centrali del capitale nominale di uno strumento finanziario non negoziabile con durata superiore all’anno emesso per comprovare il prestito di fondi
U.4.03.01.01.001,Rimborso mutui e altri finanziamenti a medio lungo termine a Ministeri,Rimborso mutui e altri finanziamenti a medio lungo termine a Ministeri. Per ulteriori dettagli sulla natura del rimborso si vedano voci di IV livello
U.4.03.01.01.002,Rimborso mutui e altri finanziamenti a medio lungo termine a Presidenza del Consiglio dei Ministri,Rimborso mutui e altri finanziamenti a medio lungo termine a Presidenza del Consiglio dei Ministri. Per ulteriori dettagli sulla natura del rimborso si vedano voci di IV livello
U.4.03.01.01.003,Rimborso mutui e altri finanziamenti a medio lungo termine a Organi Costituzionali e di rilievo costituzionale,Rimborso mutui e altri finanziamenti a medio lungo termine a Organi Costituzionali e di rilievo costituzionale. Per ulteriori dettagli sulla natura del rimborso si vedano voci di IV livello
U.4.03.01.01.004,Rimborso mutui e altri finanziamenti a medio lungo termine a Agenzie Fiscali,Rimborso mutui e altri finanziamenti a medio lungo termine a Agenzie Fiscali. Per ulteriori dettagli sulla natura del rimborso si vedano voci di IV livello
U.4.03.01.01.005,Rimborso mutui e altri finanziamenti a medio lungo termine a enti di regolazione dell'attività economica,Rimborso mutui e altri finanziamenti a medio lungo termine a enti di regolazione dell'attività economica. Per ulteriori dettagli sulla natura del rimborso si vedano voci di IV livello
U.4.03.01.01.006,Rimborso mutui e altri finanziamenti a medio lungo termine a Gruppo Equitalia,Rimborso mutui e altri finanziamenti a medio lungo termine a Gruppo Equitalia. Per ulteriori dettagli sulla natura del rimborso si vedano voci di IV livello
U.4.03.01.01.007,Rimborso mutui e altri finanziamenti a medio lungo termine a Anas S.p.A.,Rimborso mutui e altri finanziamenti a medio lungo termine a Anas S.p.A.. Per ulteriori dettagli sulla natura del rimborso si vedano voci di IV livello
U.4.03.01.01.008,Rimborso mutui e altri finanziamenti a medio lungo termine a altri enti centrali produttori di servizi economici,Rimborso mutui e altri finanziamenti a medio lungo termine a altri enti centrali produttori di servizi economici. Per ulteriori dettagli sulla natura del rimborso si vedano voci di IV livello
U.4.03.01.01.009,Rimborso mutui e altri finanziamenti a medio lungo termine a autorità amministrative indipendenti,Rimborso mutui e altri finanziamenti a medio lungo termine a autorità amministrative indipendenti. Per ulteriori dettagli sulla natura del rimborso si vedano voci di IV livello
U.4.03.01.01.010,Rimborso mutui e altri finanziamenti a medio lungo termine a enti centrali a struttura associativa,Rimborso mutui e altri finanziamenti a medio lungo termine a enti centrali a struttura associativa. Per ulteriori dettagli sulla natura del rimborso si vedano voci di IV livello
U.4.03.01.01.011,"Rimborso mutui e altri finanziamenti a medio lungo termine a enti centrali produttori di servizi assistenziali, ricreativi e culturali","Rimborso mutui e altri finanziamenti a medio lungo termine a enti centrali produttori di servizi assistenziali, ricreativi e culturali. Per ulteriori dettagli sulla natura del rimborso si vedano voci di IV livello"
U.4.03.01.01.012,Rimborso mutui e altri finanziamenti a medio lungo termine a enti e istituzioni centrali di ricerca e Istituti e stazioni sperimentali per la ricerca,Rimborso mutui e altri finanziamenti a medio lungo termine a enti e istituzioni centrali di ricerca e Istituti e stazioni sperimentali per la ricerca. Per ulteriori dettagli sulla natura del rimborso si vedano voci di IV livello
U.4.03.01.01.999,Rimborso mutui e altri finanziamenti a medio lungo termine a altre Amministrazioni Centrali n.a.c.,Rimborso mutui e altri finanziamenti a medio lungo termine a altre Amministrazioni Centrali n.a.c.. Per ulteriori dettagli sulla natura del rimborso si vedano voci di IV livello
U.4.03.01.02.000,Rimborso Mutui e altri finanziamenti a medio lungo termine a Amministrazioni Locali,Restituzione a amministrazioni locali del capitale nominale di uno strumento finanziario non negoziabile con durata superiore all’anno emesso per comprovare il prestito di fondi
U.4.03.01.02.001,Rimborso mutui e altri finanziamenti a medio lungo termine a Regioni e province autonome,Rimborso mutui e altri finanziamenti a medio lungo termine a Regioni e province autonome. Per ulteriori dettagli sulla natura del rimborso si vedano voci di IV livello
U.4.03.01.02.002,Rimborso mutui e altri finanziamenti a medio lungo termine a Province,Rimborso mutui e altri finanziamenti a medio lungo termine a Province. Per ulteriori dettagli sulla natura del rimborso si vedano voci di IV livello
U.4.03.01.02.003,Rimborso mutui e altri finanziamenti a medio lungo termine a Comuni,Rimborso mutui e altri finanziamenti a medio lungo termine a Comuni. Per ulteriori dettagli sulla natura del rimborso si vedano voci di IV livello
U.4.03.01.02.004,Rimborso mutui e altri finanziamenti a medio lungo termine a Città metropolitane e Roma capitale,Rimborso mutui e altri finanziamenti a medio lungo termine a Città metropolitane e Roma capitale. Per ulteriori dettagli sulla natura del rimborso si vedano voci di IV livello
U.4.03.01.02.005,Rimborso mutui e altri finanziamenti a medio lungo termine a Unioni di Comuni,Rimborso mutui e altri finanziamenti a medio lungo termine a Unioni di Comuni. Per ulteriori dettagli sulla natura del rimborso si vedano voci di IV livello
U.4.03.01.02.006,Rimborso mutui e altri finanziamenti a medio lungo termine a Comunità Montane,Rimborso mutui e altri finanziamenti a medio lungo termine a Comunità Montane. Per ulteriori dettagli sulla natura del rimborso si vedano voci di IV livello
U.4.03.01.02.007,Rimborso mutui e altri finanziamenti a medio lungo termine a Camere di Commercio,Rimborso mutui e altri finanziamenti a medio lungo termine a Camere di Commercio. Per ulteriori dettagli sulla natura del rimborso si vedano voci di IV livello
U.4.03.01.02.008,Rimborso mutui e altri finanziamenti a medio lungo termine a Università,Rimborso mutui e altri finanziamenti a medio lungo termine a Università. Per ulteriori dettagli sulla natura del rimborso si vedano voci di IV livello
U.4.03.01.02.009,Rimborso mutui e altri finanziamenti a medio lungo termine a Parchi nazionali e consorzi ed enti autonomi gestori di parchi e aree naturali protette,Rimborso mutui e altri finanziamenti a medio lungo termine a Parchi nazionali e consorzi ed enti autonomi gestori di parchi e aree naturali protette. Per ulteriori dettagli sulla natura del rimborso si vedano voci di IV livello
U.4.03.01.02.010,Rimborso mutui e altri finanziamenti a medio lungo termine a Autorità Portuali,Rimborso mutui e altri finanziamenti a medio lungo termine a Autorità Portuali. Per ulteriori dettagli sulla natura del rimborso si vedano voci di IV livello
U.4.03.01.02.011,Rimborso mutui e altri finanziamenti a medio lungo termine a Aziende sanitarie locali,Rimborso mutui e altri finanziamenti a medio lungo termine a Aziende sanitarie locali . Per ulteriori dettagli sulla natura del rimborso si vedano voci di IV livello
U.4.03.01.02.012,Rimborso mutui e altri finanziamenti a medio lungo termine a Aziende ospedaliere e Aziende ospedaliere universitarie integrate con il SSN,Rimborso mutui e altri finanziamenti a medio lungo termine a Aziende ospedaliere e Aziende ospedaliere universitarie integrate con il SSN. Per ulteriori dettagli sulla natura del rimborso si vedano voci di IV livello
U.4.03.01.02.013,Rimborso mutui e altri finanziamenti a medio lungo termine a Policlinici,Rimborso mutui e altri finanziamenti a medio lungo termine a Policlinici. Per ulteriori dettagli sulla natura del rimborso si vedano voci di IV livello
U.4.03.01.02.014,Rimborso mutui e altri finanziamenti a medio lungo termine a Istituti di ricovero e cura a carattere scientifico pubblici,Rimborso mutui e altri finanziamenti a medio lungo termine a Istituti di ricovero e cura a carattere scientifico pubblici. Per ulteriori dettagli sulla natura del rimborso si vedano voci di IV livello
U.4.03.01.02.015,Rimborso mutui e altri finanziamenti a medio lungo termine a altre Amministrazioni Locali produttrici di servizi sanitari,Rimborso mutui e altri finanziamenti a medio lungo termine a altre Amministrazioni Locali produttrici di servizi sanitari. Per ulteriori dettagli sulla natura del rimborso si vedano voci di IV livello
U.4.03.01.02.016,Rimborso mutui e altri finanziamenti a medio lungo termine a Agenzie regionali per le erogazioni in agricoltura,Rimborso mutui e altri finanziamenti a medio lungo termine a Agenzie regionali per le erogazioni in agricoltura. Per ulteriori dettagli sulla natura del rimborso si vedano voci di IV livello
U.4.03.01.02.017,Rimborso mutui e altri finanziamenti a medio lungo termine a altri enti e agenzie regionali e sub regionali,Rimborso mutui e altri finanziamenti a medio lungo termine a altri enti e agenzie regionali e sub regionali. Per ulteriori dettagli sulla natura del rimborso si vedano voci di IV livello
U.4.03.01.02.018,Rimborso mutui e altri finanziamenti a medio lungo termine a Consorzi di enti locali,Rimborso mutui e altri finanziamenti a medio lungo termine a Consorzi di enti locali. Per ulteriori dettagli sulla natura del rimborso si vedano voci di IV livello
U.4.03.01.02.019,Rimborso mutui e altri finanziamenti a medio lungo termine a Fondazioni e istituzioni liriche locali e da teatri stabili di iniziativa pubblica,Rimborso mutui e altri finanziamenti a medio lungo termine a Fondazioni e istituzioni liriche locali e da teatri stabili di iniziativa pubblica. Per ulteriori dettagli sulla natura del rimborso si vedano voci di IV livello
U.4.03.01.02.999,Rimborso mutui e altri finanziamenti a medio lungo termine a altre Amministrazioni Locali n.a.c.,Rimborso mutui e altri finanziamenti a medio lungo termine a altre Amministrazioni Locali n.a.c.. Per ulteriori dettagli sulla natura del rimborso si vedano voci di IV livello
U.4.03.01.03.000,Rimborso Mutui e altri finanziamenti a medio lungo termine a Enti previdenziali,Restituzione a enti previdenziali del capitale nominale di uno strumento finanziario non negoziabile con durata superiore all’anno emesso per comprovare il prestito di fondi
U.4.03.01.03.001,Rimborso mutui e altri finanziamenti a medio lungo termine a INPS,Rimborso mutui e altri finanziamenti a medio lungo termine a INPS. Per ulteriori dettagli sulla natura del rimborso si vedano voci di IV livello
U.4.03.01.03.002,Rimborso mutui e altri finanziamenti a medio lungo termine a INAIL,Rimborso mutui e altri finanziamenti a medio lungo termine a INAIL. Per ulteriori dettagli sulla natura del rimborso si vedano voci di IV livello
U.4.03.01.03.999,Rimborso mutui e altri finanziamenti a medio lungo termine a altri Enti di Previdenza n.a.c.,Rimborso mutui e altri finanziamenti a medio lungo termine a altri Enti di Previdenza n.a.c.. Per ulteriori dettagli sulla natura del rimborso si vedano voci di IV livello
U.4.03.01.04.000,Rimborso Mutui e altri finanziamenti a medio lungo termine a Imprese,Restituzione a imprese del capitale nominale di uno strumento finanziario non negoziabile con durata superiore all’anno emesso per comprovare il prestito di fondi
U.4.03.01.04.001,Rimborso Mutui e altri finanziamenti a medio lungo termine a imprese controllate,Restituzione a imprese controllate del capitale nominale di uno strumento finanziario non negoziabile con durata superiore all’anno emesso per comprovare il prestito di fondi
U.4.03.01.04.002,Rimborso Mutui e altri finanziamenti a medio lungo termine a altre imprese partecipate,Restituzione a altre imprese partecipate del capitale nominale di uno strumento finanziario non negoziabile con durata superiore all’anno emesso per comprovare il prestito di fondi
U.4.03.01.04.003,Rimborso Mutui e altri finanziamenti a medio lungo termine a Cassa Depositi e Prestiti - Gestione CDP SPA,Restituzione a Cassa depositi e prestiti S.p.A. del capitale nominale di uno strumento finanziario non negoziabile con durata superiore all’anno emesso per comprovare il prestito di fondi
U.4.03.01.04.004,Rimborso Mutui e altri finanziamenti a medio lungo termine a Cassa Depositi e Prestiti - Gestione Tesoro,Restituzione a Cassa depositi e prestiti - Gestione Tesoro del capitale nominale di uno strumento finanziario non negoziabile con durata superiore all’anno emesso per comprovare il prestito di fondi
U.4.03.01.04.999,Rimborso Mutui e altri finanziamenti a medio lungo termine ad altre imprese,Restituzione a altre imprese del capitale nominale di uno strumento finanziario non negoziabile con durata superiore all’anno emesso per comprovare il prestito di fondi
U.4.03.01.05.000,Rimborso Mutui e altri finanziamenti a medio lungo termine ad altri soggetti con controparte residente,"Restituzione del capitale nominale di uno strumento finanziario non negoziabile con durata superiore all’anno emesso per comprovare il prestito di fondi da parte di soggetti residenti in Italia
 
 Si intende per soggetti residenti non già inclusi nelle Amministrazioni pubbliche quelli che hanno un centro di interesse economico nel territorio economico del paese. Tali soggetti, definiti soggetti residenti, possono avere o no la cittadinanza di questo paese, possono essere dotate o no di personalità giuridica e possono essere presenti o no nel territorio economico del paese nel momento in cui esse operano"
U.4.03.01.05.001,Rimborso Mutui e altri finanziamenti a medio lungo termine ad altri soggetti con controparte residente,Vedi voce di IV livello
U.4.03.01.06.000,Rimborso Mutui e altri finanziamenti a medio lungo termine ad altri soggetti con controparte non residente,Restituzione del capitale nominale di uno strumento finanziario non negoziabile con durata superiore all’anno emesso per comprovare il prestito di fondi da parte di soggetti non residenti in Italia
U.4.03.01.06.001,Rimborso Mutui e altri finanziamenti a medio lungo termine ad altri soggetti con controparte non residente,Vedi voce di IV livello
U.4.03.02.00.000,Rimborso prestiti da attualizzazione Contributi Pluriennali,Restituzione della quota capitale inerente al debito imputato derivante dall’attualizzazione dei contributi pluriennali e compresa nell’importo del contributo liquidato annualmente al beneficiario
U.4.03.02.01.000,Rimborso prestiti da attualizzazione Contributi Pluriennali,Vedi voce di III livello
U.4.03.02.01.001,Rimborso prestiti da attualizzazione Contributi Pluriennali,Vedi voce di III livello
U.4.04.00.00.000,Rimborso di altre forme di indebitamento,
U.4.04.02.00.000,Rimborso Prestiti - Leasing finanziario,Restituzione della quota capitale inerente al debito imputato alla pubblica amministrazione locataria a seguito di un’operazione di leasing in cui gli sono stati di fatto trasferiti i rischi ed i benefici derivanti dalla proprietà del bene e compresa nell’importo del canone corrisposto periodicamente al locatore.
U.4.04.02.01.000,Rimborso Prestiti - Leasing finanziario,Vedi voce di III livello
U.4.04.02.01.001,Rimborso Prestiti - Leasing finanziario,Vedi voce di III livello
U.4.04.03.00.000,Rimborso Prestiti - Operazioni di cartolarizzazione,"Le operazioni di cartolarizzazione sono registrate come l’accensione di una passività finanziaria. Alla registrazione di tale accensione, per la quale si rimanda alla corrispettiva voce di entrata “Accensione Prestiti – Operazioni di cartolarizzazione”, conseguono le relative voci di rimborso. 
 I rimborsi seguono lo stesso profilo del rimborso dei titoli emessi dalla società veicolo."
U.4.04.03.01.000,Rimborso Prestiti - Operazioni di cartolarizzazione,Vedi voce di III livello
U.4.04.03.01.001,Rimborso Prestiti - Operazioni di cartolarizzazione,Vedi voce di III livello
U.4.04.04.00.000,Rimborso prestiti - Derivati,Restituzione della quota capitale inerente al debito contratto per la somma una tantum ricevuta dalla pubblica amministrazione al momento della stipula di un derivato finanziario della categoria swap per riequilibrare il valore attuale delle due serie di flussi di pagamenti futuri
U.4.04.04.01.000,Rimborso prestiti - Derivati,Vedi voce di III livello
U.4.04.04.01.001,Rimborso prestiti - Derivati,Vedi voce di III livello
U.5.00.00.00.000,Chiusura Anticipazioni ricevute da istituto tesoriere/cassiere,"Spese sostenute per rimborsare le anticipazioni concesse dal tesoriere/cassiere all'Ente, per fronteggiare temporanee esigenze di liquidità. Nel rispetto del principio contabile generale n. 4 dell’integrità, la registrazione della chiusura delle anticipazioni del tesoriere/cassiere è contabilizzata al lordo delle corrispondenti entrate. Pertanto, tutte le operazioni di rimborso delle anticipazioni erogate dal tesoriere/cassiere devono essere registrate, evitando la contabilizzazione ""a saldo"" con le corrispondenti entrate. Al fine di rendere possibile la contabilizzazione ""al lordo"" il principio contabile generale della competenza finanziaria prevede che gli stanziamenti riguardanti i rimborsi delle anticipazioni erogate dal tesoriere non hanno carattere autorizzatorio."
U.5.01.00.00.000,Chiusura Anticipazioni ricevute da istituto tesoriere/cassiere,Vedi voce di I livello
U.5.01.01.00.000,Chiusura Anticipazioni ricevute da istituto tesoriere/cassiere,Vedi voce di I livello
U.5.01.01.01.000,Chiusura Anticipazioni ricevute da istituto tesoriere/cassiere,Vedi voce di I livello
U.5.01.01.01.001,Chiusura Anticipazioni ricevute da istituto tesoriere/cassiere,Vedi voce di I livello
U.7.00.00.00.000,Uscite per conto terzi e partite di giro,Uscite per conto terzi e partite di giro
U.7.01.00.00.000,Uscite per partite di giro,"Spese effettuate in assenza di qualsiasi discrezionalità e autonomia decisionale da parte dell’ente, riguardanti operazioni che non incidono sui risultati della gestione dell'Ente, cui corrisponde la registrazione di entrate del medesimo importo complessivo. Non comportando discrezionalità e autonomia decisionale, gli stanziamenti di bilancio concernenti tali spese non hanno natura autorizzatoria, e non svolgno funzione di limite agli impegni e ai pagamenti. Si è in presenza di autonomia decisionale quando l’ente concorre alla definizione di almeno uno dei seguenti elementi della transazione: ammontare, tempi e destinatari della spesa. Pertanto, non hanno natura di “Partite di giro” e, di conseguenza, devono essere contabilizzate negli altri titoli del bilancio:
 - le spese sostenute per conto di un altro ente che comportano autonomia decisionale e discrezionalità, anche se destinate ad essere interamente rimborsate, quali le spese elettorali sostenute dai comuni per altre amministrazioni pubbliche, le spese di giustizia, ecc.
 - le operazioni svolte per conto di un altro soggetto (anche non avente personalità giuridica, comprese le articolazioni organizzative dell’ente stesso) che non ha un proprio bilancio nel quale contabilizzare le medesime operazioni;
 - i finanziamenti comunitari, anche se destinati ad essere spesi coinvolgendo altri enti, nei casi in cui non risultino predefiniti tempi, importi e destinatari dei successivi trasferimenti;
 - le operazioni in attesa di imputazione definitiva al bilancio. 
 Le spese per le partite di giro comprendono le operazioni effettuate come sostituto di imposta, la costituzione di casse economali, i rimborsi delle anticipazioni erogate dalla tesoreria statale alle regioni per il finanziamento della sanità. Non comprendono le spese effettuate per conto di terzi riguardanti l'acquisto di beni e servizi, l'erogazioni di trasferimenti, il rimborso di tributi e la costituzione di depositi per le quali, nel presente titolo, sono state previste apposite voci."
U.7.01.01.00.000,Versamenti di altre ritenute,Versamenti di altre ritenute
U.7.01.01.01.000,Versamento della ritenuta del 4% sui contributi pubblici,"Versamenti dovuti in applicazione del D.P.R. 600/1973, artt. 28, co. 2 e 29, co. 5, che disciplina la ritenuta d’acconto del 4% da applicare, ai fini delle imposte sui redditi, ai contributi pubblici erogati alle imprese da Stato, enti pubblici ed enti privati."
U.7.01.01.01.001,Versamento della ritenuta del 4% sui contributi pubblici,Vedi voce di IV livello
U.7.01.01.02.000,Versamento delle ritenute per scissione contabile IVA (split payment),"Versamenti dovuti allo Stato in appplicazione del DPR n. 633/1972, l’articolo 17-ter, che prevede la scissione del pagamento dell’IVA dal pagamento del corrispettivo per le cessioni di beni e le prestazioni di servizi effettuate nei confronti delle amministrazioni pubbliche indicate da tale norma, nello svolgimento di attività per le quali non sono soggetti passivi di IVA."
U.7.01.01.02.001,Versamento delle ritenute per scissione contabile IVA (split payment),Vedi voce di IV livello
U.7.01.01.99.000,Versamento di altre ritenute n.a.c.,Versamento di altre ritenute non altrimenti classificabili
U.7.01.01.99.001,Versamento di ritenute erariali su prestazioni sociali,Versamento di ritenute erariali su prestazioni sociali
U.7.01.01.99.999,Versamento di altre ritenute n.a.c.,Vedi voce di IV livello
U.7.01.02.00.000,Versamenti di ritenute su Redditi da lavoro dipendente,Versamenti agli enti competenti ritenute erariali e previdenziali a carico del personale all'atto della corresponsione degli emolumenti e delle varie indennità ad esso spettanti
U.7.01.02.01.000,Versamenti di ritenute erariali su Redditi da lavoro dipendente riscosse per conto terzi,Versamenti all'Erario delle ritenute erariali a carico del personale all'atto della corresponsione degli emolumenti e delle varie indennità ad esso spettanti
U.7.01.02.01.001,Versamenti di ritenute erariali su Redditi da lavoro dipendente riscosse per conto terzi,Vedi voce di IV livello
U.7.01.02.02.000,Versamenti di ritenute previdenziali e assistenziali su Redditi da lavoro dipendente riscosse per conto terzi,Versamenti agli Enti aventi diritto delle ritenute previdenziali e assistenziali a carico del personale all'atto della corresponsione degli emolumenti e delle varie indennità ad esso spettanti
U.7.01.02.02.001,Versamenti di ritenute previdenziali e assistenziali su Redditi da lavoro dipendente riscosse per conto terzi,Vedi voce di IV livello
U.7.01.02.99.000,Altri versamenti di ritenute al personale dipendente per conto di terzi,"Versamenti agli enti aventi diritto delle ritenute a carico del personale dipendente all'atto della corresponsione degli emolumenti e delle varie indennità ad esso spettanti diverse da quelle erariali, previdenziali e assistenziali (ad esempio le ritenute sindacali)."
U.7.01.02.99.999,Altri versamenti di ritenute al personale dipendente per conto di terzi,Vedi voce di IV livello
U.7.01.03.00.000,Versamenti di ritenute su Redditi da lavoro autonomo,Versamenti agli enti competenti delle ritenute erariali e previdenziali a carico di lavoratori autonomi all'atto della corresponsione degli emolumenti e delle varie indennità ad essi spettanti
U.7.01.03.01.000,Versamenti di ritenute erariali su Redditi da lavoro autonomo per conto terzi,Versamenti all'Erario delle ritenute erariali a carico di lavoratori autonomi all'atto della corresponsione degli emolumenti e delle varie indennità ad essi spettanti
U.7.01.03.01.001,Versamenti di ritenute erariali su Redditi da lavoro autonomo per conto terzi,Vedi voce di IV livello
U.7.01.03.02.000,Versamenti di ritenute previdenziali e assistenziali su Redditi da lavoro autonomo per conto terzi,Versamenti agli Enti aventi diritto delle ritenute previdenziali e assistenziali a carico di lavoratori autonomi all'atto della corresponsione degli emolumenti e delle varie indennità ad essi spettanti
U.7.01.03.02.001,Versamenti di ritenute previdenziali e assistenziali su Redditi da lavoro autonomo per conto terzi,Vedi voce di IV livello
U.7.01.03.99.000,Altri versamenti di ritenute al personale con contratto di lavoro autonomo per conto di terzi,"Versamenti agli enti aventi diritto delle ritenute a carico di lavoratori autonomi all'atto della corresponsione degli emolumenti e delle varie indennità ad esso spettanti diverse da quelle erariali, previdenziali e assistenziali."
U.7.01.03.99.999,Altri versamenti di ritenute al personale con contratto di lavoro autonomo per conto di terzi,Vedi voce di IV livello
U.7.01.04.00.000,Trasferimento di risorse dalla gestione ordinaria alla gestione sanitaria della Regione,Trasferimento di risorse dalla gestione ordinaria alla gestione sanitaria della Regione
U.7.01.04.01.000,Destinazione di risorse regionali per il finanziamento aggiuntivo della Sanità - per equilibri di sistema,Spese concernenti la destinazione di risorse accertate e riscosse dalla gestione ordinaria alla gestione sanitaria accentrata (in attesa di definizione del principio contabile applicato)
U.7.01.04.01.001,Destinazione di risorse regionali per il finanziamento aggiuntivo della Sanità - per equilibri di sistema,Vedi voce di IV livello
U.7.01.04.02.000,Destinazione di risorse regionali per il finanziamento aggiuntivo della Sanità - quota manovra per equilibri di sistema,Spese concernenti la destinazione di risorse accertate e riscosse dalla gestione ordinaria alla gestione sanitaria accentrata (in attesa di definizione del principio contabile applicato)
U.7.01.04.02.001,Destinazione di risorse regionali per il finanziamento aggiuntivo della Sanità - quota manovra per equilibri di sistema,Vedi voce di IV livello
U.7.01.04.99.000,Destinazione di risorse regionali per il finanziamento aggiuntivo della Sanità n.a.c.,Spese concernenti la destinazione di risorse accertate e riscosse dalla gestione ordinaria alla gestione sanitaria accentrata (in attesa di definizione del principio contabile applicato)
U.7.01.04.99.999,Destinazione di risorse regionali per il finanziamento aggiuntivo della Sanità n.a.c.,Vedi voce di IV livello
U.7.01.99.00.000,Altre uscite per partite di giro,Altre spese per partite di giro diverse da quelle sostenute come sostituto di imposta o nell'ambito della gestione delle spese sanitarie
U.7.01.99.01.000,Spese non andate a buon fine,"Spese che, a causa di ritardi nel pagamento o di errori materiali, non sono state incassate dai soggetti cui erano destinate e devono essere riversate all'Ente. A tal fine l'ordine di pagamento che non è andato a buon fine è annullato e sostituito da un ordine di pagamento versato in entrata al proprio bilancio."
U.7.01.99.01.001,Spese non andate a buon fine,Vedi voce di IV livello
U.7.01.99.02.000,Chiusura anticipazioni sanità della tesoreria statale,"Spesa sostenuta per chiudere le anticipazioni sanitarie erogate dalla Tesoreria dello Stato alle Regioni. La Tesoreria statale chiude le anticipazioni sanitarie avvalendosi di risorse che lo Stato deve versare alle Regioni quali le quote disponibili di compartecipazione IVA, ovvero di fondo sanitario nazionale per quanto riguarda la regione Siciliana, e in caso di insufficienza di tali risorse, ricorrendo al gettito dell’IRAP e/o dell’addizionale regionale all’IRPEF, affluite sui rispettivi conti correnti, eventualmente anche nell’esercizio successivo. Tale spesa è impegnata contestualmente all'accertamento dell'entrata derivante dall'erogazione delle anticipazioni, mentre l'ordine di pagamento è emesso dalle Regioni a seguito di una nota del Ministero dell'economia e delle finanze - Dipartimento della Ragioneria Generale dello Stato, che comunica di avere destinato risorse spettanti alle Regioni a chiusura delle anticipazioni riguardanti la sanità, con imputazione alle entrate indicate nella citata nota del MEF (trattasi di una regolazione contabile). L'ordine di pagamento che registra la chiusura dell'anticipazione di tesoreria e l'ordine di incasso che registra la riscossione delle entrate che hanno finanziato la chiusura dell'anticipazione, anche se emessi nell'esercizio successivo devono essere imputati al medesimo esercizio in cui il MEF ha registrato la chiusura dell'anticipazione, indicata nella citata nota del Ministero dell'economia e delle finanze. La corretta imputazione all'esercizio cui si riferisce la nota è necessaria per il corretto consolidamento dei bilanci delle Regioni, dello Stato e della Tesoreria statale."
U.7.01.99.02.001,Chiusura anticipazioni sanità della tesoreria statale,Vedi voce di IV livello
U.7.01.99.03.000,Costituzione fondi economali e carte aziendali,"Spese per la costituzione di fondi economali e per l'utilizzo di carte aziendali. Il servizio di economato di ciascuna Amministrazione pubblica e l'utilizzo delle carte aziendali è disicplinato dal regolamento di contabilità che ne prevede l’articolazione e le modalità di gestione in relazione alla struttura organizzativa dell’amministrazione, alle tipologie e all’entità delle spese effettuabili, nonché all’esigenza imprescindibile di funzionalità ed efficienza. 
 I fondi anticipati all’economo per l’espletamento delle proprie attività devono essere restituiti, per la parte non spesa, entro la fine dell’esercizio al fine di consentire la corretta contabilizzazione delle spese effettuate. L’economo, così come gli altri agenti contabili, sono soggetti alla giurisdizione della Corte dei conti secondo le norme e le procedure previste dalle leggi vigenti. Per quanto riguarda l'utilizzo delle carte aziendali, la voce registra le spese effettuate attraverso le carte , risultanti dagli estratti conto. A seguito della registrazione dell'impegno e del pagamento delle spese risultanti dagli estratti conti si accertano le entrate derivanti dal rinborso delle casse economali e delle carte aziendali . Nel caso di carte ricaricabili si impegna al momento della carica della carta aziendale e si registrano le operazioni effettuate con le modalità previste per il fondo economale."
U.7.01.99.03.001,Costituzione fondi economali e carte aziendali,Vedi voce di IV livello
U.7.01.99.04.000,Integrazione disponibilità dal conto sanità al conto non sanità della Regione,Spese per giroconti dal conto di TU o dal conto corrente bancario intestati alla sanità (aperti in attuazione dell'articolo 21 del decreto legislativo n. 118 del 2011) al conto di TU o al conto corrente bancario della gestione ordinaria
U.7.01.99.04.001,Integrazione disponibilità dal conto sanità al conto non sanità della Regione,Vedi voce di IV livello
U.7.01.99.05.000,Integrazione disponibilità dal conto non sanità al conto sanità della Regione,Spese per giroconti dal conto di TU o dal conto corrente bancario intestati alla gestione ordinaria (aperti in attuazione dell'articolo 21 del decreto legislativo n. 118 del 2011) al conto di TU o al conto corrente bancario della gestione sanitaria.
U.7.01.99.05.001,Integrazione disponibilità dal conto non sanità al conto sanità della Regione,Vedi voce di IV livello
U.7.01.99.06.000,Uscite derivanti dalla gestione degli incassi vincolati degli enti locali,Uscite derivanti dalla gestione degli incassi vincolati degli enti locali
U.7.01.99.06.001,Utilizzo incassi vincolati ai sensi dell’art. 195 del TUEL,"A decorrere dal 1° gennaio 2015 la voce registra gli impegni e gli ordini di pagamento emessi a seguito della comunicazione del tesoriere di sospesi in attesa di regolarizzazione concernenti la destinazione di incassi vincolati al finanziamento di spese correnti effettuata ai sensi dell'art. 195 del TUEL. Contestualmente a tale spese è regsitrata l'entrata concernente la ""Destinazione incassi vincolati a spese correnti ai sensi dell’art. 195 del TUEL"" (trattasi di regolazione contabile)."
U.7.01.99.06.002,Destinazione incassi liberi al reintegro incassi vincolati ai sensi dell’art. 195 del TUEL,"A decorrere dal 1° gennaio 2015 la voce registra gli impegni e gli ordini di pagamento emessi a seguito della comunicazione del tesorirere di sospesi in attesa di regolarizzazione concernenti la destinazione di risorse libere incassate, al reintegro degli incassi vincolati. Contestualmente a tale spese è regsitrata l'entrata concernente il ""Reintegro incassi vincolati ai sensi dell’art. 195 del TUEL"" (trattasi di regolazione contabile)."
U.7.01.99.99.000,Altre uscite per partite di giro n.a.c.,Altre spese per partite di giro diverse da quelle indicate nelle voci precedenti.
U.7.01.99.99.999,Altre uscite per partite di giro n.a.c.,Vedi voce di IV livello
U.7.02.00.00.000,Uscite per conto terzi,"I servizi per conto di terzi comprendono le transazioni poste in essere per conto di altri soggetti in assenza di qualsiasi discrezionalità e autonomia decisionale da parte dell’ente. Non comportando discrezionalità e autonomia decisionale, non hanno natura autorizzatoria.
 Ai fini dell’individuazione delle “operazioni per conto di terzi” l’autonomia decisionale sussiste quando l’ente concorre alla definizione di almeno uno dei seguenti elementi della transazione: ammontare, tempi e destinatari della spesa 
 Hanno, ad esempio, natura di “Servizi per conto terzi:
 - le operazioni” svolte dall’ente come “capofila”, solo come mero esecutore della spesa, nei casi in cui l’ente riceva risorse da trasferire a soggetti già individuati, sulla base di tempi e di importi predefiniti; 
 - la gestione della contabilità svolta per conto di un altro ente (anche non avente personalità giuridica) che ha un proprio bilancio di previsione e di consuntivo."
U.7.02.01.00.000,Acquisto di beni e servizi per conto terzi,Acquisto di beni e servizi per conto terzi
U.7.02.01.01.000,Acquisto di beni per conto di terzi,"Spesa sostenuta per l'acquisto di beni effettuato per conto di terzi, in assenza di qualsiasi autonomia decisionale riguardante l'ammontare, i tempi e i destinatari della spesa. Le spese sostenute per conti di un altro ente che comportano autonomia decisionale e discrezionalità, anche con riferimento ad uno solo dei tre elementi indicati (ammontare, tempi e destinatari della spesa) , anche se destiante ad essere interamente rimborsate, sono contabilizzate negli altri titoli di bilancio."
U.7.02.01.01.001,Acquisto di beni per conto di terzi,Vedi voce di IV livello
U.7.02.01.02.000,Acquisto di servizi per conto di terzi,"Spesa sostenuta per l'acquisto di servizi effettuato per conto di terzi, in assenza di qualsiasi autonomia decisionale riguardante l'ammontare, i tempi e i destinatari della spesa. Le spese sostenute per conti di un altro ente che comportano autonomia decisionale e discrezionalità, anche con riferimento ad uno solo dei tre elementi indicati (ammontare, tempi e destinatari della spesa) , anche se destiante ad essere interamente rimborsate, sono contabilizzate negli altri titoli di bilancio."
U.7.02.01.02.001,Acquisto di servizi per conto di terzi,Vedi voce di IV livello
U.7.02.02.00.000,Trasferimenti per conto terzi a Amministrazioni pubbliche,"Spesa sostenuta per il trasferimento di risorse ad altre Amministrazioni pubbliche in assenza di corrispettivo e di qualsiasi autonomia decisionale riguardante l'ammontare, i tempi e i destinatari della spesa. Le spese sostenute per conti di un altro ente che comportano autonomia decisionale e discrezionalità, anche con riferimento ad uno solo dei tre elementi indicati (ammontare, tempi e destinatari della spesa) , anche se destiante ad essere interamente rimborsate, sono contabilizzate negli altri titoli di bilancio.
 
 PER IL DETTAGLIO ANAGRAFICO DELLE CATEGORIE INCLUSE IN TALE RUBRICA SI RIMANDA ALL'APPENDICE AL GLOSSARIO."
U.7.02.02.01.000,Trasferimenti per conto terzi a Amministrazioni Centrali,"Spesa sostenuta per il trasferimento di risorse ad altre Amministrazioni pubbliche centrali in assenza di corrispettivo e di qualsiasi autonomia decisionale riguardante l'ammontare, i tempi e i destinatari della spesa. Le spese sostenute per conti di un altro ente che comportano autonomia decisionale e discrezionalità, anche con riferimento ad uno solo dei tre elementi indicati (ammontare, tempi e destinatari della spesa) , anche se destiante ad essere interamente rimborsate, sono contabilizzate negli altri titoli di bilancio."
U.7.02.02.01.001,Trasferimenti per conto terzi a Ministeri,Trasferimenti per conto terzi a Ministeri. Per il significato della voce si rimanda alle relative voci di III e IV livello
U.7.02.02.01.003,Trasferimenti per conto terzi a Presidenza del Consiglio dei Ministri,Trasferimenti per conto terzi a Presidenza del Consiglio dei Ministri. Per il significato della voce si rimanda alle relative voci di III e IV livello
U.7.02.02.01.004,Trasferimenti per conto terzi a Organi Costituzionali e di rilievo costituzionale,Trasferimenti per conto terzi a Organi Costituzionali e di rilievo costituzionale. Per il significato della voce si rimanda alle relative voci di III e IV livello
U.7.02.02.01.005,Trasferimenti per conto terzi a Agenzie Fiscali,Trasferimenti per conto terzi a Agenzie Fiscali. Per il significato della voce si rimanda alle relative voci di III e IV livello
U.7.02.02.01.006,Trasferimenti per conto terzi a enti di regolazione dell'attività economica,Trasferimenti per conto terzi a enti di regolazione dell'attività economica. Per il significato della voce si rimanda alle relative voci di III e IV livello
U.7.02.02.01.007,Trasferimenti per conto terzi a Gruppo Equitalia,Trasferimenti per conto terzi a Gruppo Equitalia. Per il significato della voce si rimanda alle relative voci di III e IV livello
U.7.02.02.01.008,Trasferimenti per conto terzi a Anas S.p.A.,Trasferimenti per conto terzi a Anas S.p.A.. Per il significato della voce si rimanda alle relative voci di III e IV livello
U.7.02.02.01.009,Trasferimenti per conto terzi a altri enti centrali produttori di servizi economici,Trasferimenti per conto terzi a altri enti centrali produttori di servizi economici. Per il significato della voce si rimanda alle relative voci di III e IV livello
U.7.02.02.01.010,Trasferimenti per conto terzi a autorità amministrative indipendenti,Trasferimenti per conto terzi a autorità amministrative indipendenti. Per il significato della voce si rimanda alle relative voci di III e IV livello
U.7.02.02.01.011,Trasferimenti per conto terzi a enti centrali a struttura associativa,Trasferimenti per conto terzi a enti centrali a struttura associativa. Per il significato della voce si rimanda alle relative voci di III e IV livello
U.7.02.02.01.012,"Trasferimenti per conto terzi a enti centrali produttori di servizi assistenziali, ricreativi e culturali","Trasferimenti per conto terzi a enti centrali produttori di servizi assistenziali, ricreativi e culturali. Per il significato della voce si rimanda alle relative voci di III e IV livello"
U.7.02.02.01.013,Trasferimenti per conto terzi a enti e istituzioni centrali di ricerca e Istituti e stazioni sperimentali per la ricerca,Trasferimenti per conto terzi a enti e istituzioni centrali di ricerca e Istituti e stazioni sperimentali per la ricerca. Per il significato della voce si rimanda alle relative voci di III e IV livello
U.7.02.02.01.999,Trasferimenti per conto terzi a altre Amministrazioni Centrali n.a.c.,Trasferimenti per conto terzi a altre Amministrazioni Centrali n.a.c.. Per il significato della voce si rimanda alle relative voci di III e IV livello
U.7.02.02.02.000,Trasferimenti per conto terzi a Amministrazioni Locali,"Spesa sostenuta per il trasferimento di risorse ad altre Amministrazioni pubbliche locali in assenza di corrispettivo e di qualsiasi autonomia decisionale riguardante l'ammontare, i tempi e i destinatari della spesa. Le spese sostenute per conti di un altro ente che comportano autonomia decisionale e discrezionalità, anche con riferimento ad uno solo dei tre elementi indicati (ammontare, tempi e destinatari della spesa) , anche se destiante ad essere interamente rimborsate, sono contabilizzate negli altri titoli di bilancio."
U.7.02.02.02.001,Trasferimenti per conto terzi a Regioni e province autonome,Trasferimenti per conto terzi a Regioni e province autonome. Per il significato della voce si rimanda alle relative voci di III e IV livello
U.7.02.02.02.002,Trasferimenti per conto terzi a Province,Trasferimenti per conto terzi a Province. Per il significato della voce si rimanda alle relative voci di III e IV livello
U.7.02.02.02.003,Trasferimenti per conto terzi a Comuni,Trasferimenti per conto terzi a Comuni. Per il significato della voce si rimanda alle relative voci di III e IV livello
U.7.02.02.02.004,Trasferimenti per conto terzi a Città metropolitane e Roma capitale,Trasferimenti per conto terzi a Città metropolitane e Roma capitale. Per il significato della voce si rimanda alle relative voci di III e IV livello
U.7.02.02.02.005,Trasferimenti per conto terzi a Unioni di Comuni,Trasferimenti per conto terzi a Unioni di Comuni. Per il significato della voce si rimanda alle relative voci di III e IV livello
U.7.02.02.02.006,Trasferimenti per conto terzi a Comunità Montane,Trasferimenti per conto terzi a Comunità Montane. Per il significato della voce si rimanda alle relative voci di III e IV livello
U.7.02.02.02.007,Trasferimenti per conto terzi a Camere di Commercio,Trasferimenti per conto terzi a Camere di Commercio. Per il significato della voce si rimanda alle relative voci di III e IV livello
U.7.02.02.02.008,Trasferimenti per conto terzi a Università,Trasferimenti per conto terzi a Università. Per il significato della voce si rimanda alle relative voci di III e IV livello
U.7.02.02.02.009,Trasferimenti per conto terzi a Parchi nazionali e consorzi ed enti autonomi gestori di parchi e aree naturali protette,Trasferimenti per conto terzi a Parchi nazionali e consorzi ed enti autonomi gestori di parchi e aree naturali protette. Per il significato della voce si rimanda alle relative voci di III e IV livello
U.7.02.02.02.010,Trasferimenti per conto terzi a Autorità Portuali,Trasferimenti per conto terzi a Autorità Portuali. Per il significato della voce si rimanda alle relative voci di III e IV livello
U.7.02.02.02.011,Trasferimenti per conto terzi a Aziende sanitarie locali,Trasferimenti per conto terzi a Aziende sanitarie locali . Per il significato della voce si rimanda alle relative voci di III e IV livello
U.7.02.02.02.012,Trasferimenti per conto terzi a Aziende ospedaliere e Aziende ospedaliere universitarie integrate con il SSN,Trasferimenti per conto terzi a Aziende ospedaliere e Aziende ospedaliere universitarie integrate con il SSN. Per il significato della voce si rimanda alle relative voci di III e IV livello
U.7.02.02.02.013,Trasferimenti per conto terzi a policlinici,Trasferimenti per conto terzi a policlinici. Per il significato della voce si rimanda alle relative voci di III e IV livello
U.7.02.02.02.014,Trasferimenti per conto terzi a Istituti di ricovero e cura a carattere scientifico pubblici,Trasferimenti per conto terzi a Istituti di ricovero e cura a carattere scientifico pubblici. Per il significato della voce si rimanda alle relative voci di III e IV livello
U.7.02.02.02.015,Trasferimenti per conto terzi a altre Amministrazioni Locali produttrici di servizi sanitari,Trasferimenti per conto terzi a altre Amministrazioni Locali produttrici di servizi sanitari. Per il significato della voce si rimanda alle relative voci di III e IV livello
U.7.02.02.02.016,Trasferimenti per conto terzi a Agenzie regionali per le erogazioni in agricoltura,Trasferimenti per conto terzi a Agenzie regionali per le erogazioni in agricoltura. Per il significato della voce si rimanda alle relative voci di III e IV livello
U.7.02.02.02.017,Trasferimenti per conto terzi a altri enti e agenzie regionali e sub regionali,Trasferimenti per conto terzi a altri enti e agenzie regionali e sub regionali. Per il significato della voce si rimanda alle relative voci di III e IV livello
U.7.02.02.02.018,Trasferimenti per conto terzi a Consorzi di enti locali,Trasferimenti per conto terzi a Consorzi di enti locali. Per il significato della voce si rimanda alle relative voci di III e IV livello
U.7.02.02.02.019,Trasferimenti per conto terzi a Fondazioni e istituzioni liriche locali e a teatri stabili di iniziativa pubblica,Trasferimenti per conto terzi a Fondazioni e istituzioni liriche locali e a teatri stabili di iniziativa pubblica. Per il significato della voce si rimanda alle relative voci di III e IV livello
U.7.02.02.02.999,Trasferimenti per conto terzi a altre Amministrazioni Locali n.a.c.,Trasferimenti per conto terzi a altre Amministrazioni Locali n.a.c.. Per il significato della voce si rimanda alle relative voci di III e IV livello
U.7.02.02.03.000,Trasferimenti per conto terzi a Enti di Previdenza,"Spesa sostenuta per il trasferimento di risorse ad enti di previdenza in assenza di corrispettivo e di qualsiasi autonomia decisionale riguardante l'ammontare, i tempi e i destinatari della spesa. Le spese sostenute per conti di un altro ente che comportano autonomia decisionale e discrezionalità, anche con riferimento ad uno solo dei tre elementi indicati (ammontare, tempi e destinatari della spesa) , anche se destiante ad essere interamente rimborsate, sono contabilizzate negli altri titoli di bilancio."
U.7.02.02.03.001,Trasferimenti per conto terzi a INPS,Trasferimenti per conto terzi a INPS. Per il significato della voce si rimanda alle relative voci di III e IV livello
U.7.02.02.03.002,Trasferimenti per conto terzi a INAIL,Trasferimenti per conto terzi a INAIL. Per il significato della voce si rimanda alle relative voci di III e IV livello
U.7.02.02.03.999,Trasferimenti per conto terzi a altri Enti di Previdenza n.a.c.,Trasferimenti per conto terzi a altri Enti di Previdenza n.a.c.. Per il significato della voce si rimanda alle relative voci di III e IV livello
U.7.02.03.00.000,Trasferimenti per conto terzi a Altri settori,"Spesa sostenuta per il trasferimento di risorse ad altri soggetti, non appartenenti al settore delle Amministrazioni pubbliche, in assenza di corrispettivo e di qualsiasi autonomia decisionale riguardante l'ammontare, i tempi e i destinatari della spesa. Le spese sostenute per conto di un altro ente che comportano autonomia decisionale e discrezionalità, anche con riferimento ad uno solo dei tre elementi indicati (ammontare, tempi e destinatari della spesa) , anche se destinate ad essere interamente rimborsate, sono contabilizzate negli altri titoli di bilancio."
U.7.02.03.01.000,Trasferimenti per conto terzi a Famiglie,Trasferimenti per conto terzi a Famiglie. Per il significato della voce si rimanda alle relativa voce di III livello
U.7.02.03.01.001,Trasferimenti per conto terzi a Famiglie,Vedi voce di IV livello
U.7.02.03.02.000,Trasferimenti per conto terzi a Imprese,Trasferimenti per conto terzi a Imprese. Per il significato della voce si rimanda alle relativa voce di III livello
U.7.02.03.02.001,Trasferimenti per conto terzi a Imprese controllate,Trasferimenti per conto terzi a Imprese controllate. Per il significato della voce si rimanda alle relativa voce di III livello
U.7.02.03.02.002,Trasferimenti per conto terzi a altre imprese partecipate,Trasferimenti per conto terzi a altre imprese partecipate. Per il significato della voce si rimanda alle relativa voce di III livello
U.7.02.03.02.999,Trasferimenti per conto terzi a altre imprese,Trasferimenti per conto terzi a altre imprese. Per il significato della voce si rimanda alle relativa voce di III livello
U.7.02.03.03.000,Trasferimenti per conto terzi a Istituzioni Sociali Private,Trasferimenti per conto terzi a Istituzioni Sociali Private . Per il significato della voce si rimanda alle relativa voce di III livello
U.7.02.03.03.001,Trasferimenti per conto terzi a Istituzioni Sociali Private,Vedi voce di IV livello
U.7.02.03.04.000,Trasferimenti per conto terzi all'Unione Europea e al Resto del Mondo,Trasferimenti per conto terzi all'Unione Europea e al Resto del Mondo. Per il significato della voce si rimanda alle relativa voce di III livello
U.7.02.03.04.001,Trasferimenti per conto terzi all'Unione Europea e al Resto del Mondo,Vedi voce di IV livello
U.7.02.04.00.000,Depositi di/presso terzi,Depositi di/presso terzi
U.7.02.04.01.000,Costituzione di depositi cauzionali o contrattuali presso terzi,Spese sostenute per la costituzione presso terzi di depositi cauzionali o contrattuali dell'Amministrazione
U.7.02.04.01.001,Costituzione di depositi cauzionali o contrattuali presso terzi,Vedi voce di IV livello
U.7.02.04.02.000,Restituzione di depositi cauzionali o contrattuali di terzi,Spese sostenute per la restituzione a terzi dei depositi cauzionali o contrattuali costituiti presso l'Amministrazione
U.7.02.04.02.001,Restituzione di depositi cauzionali o contrattuali di terzi,Vedi voce di IV livello
U.7.02.05.00.000,Versamenti di imposte e tributi riscosse per conto terzi,Versamenti di imposte e tributi riscosse per conto terzi
U.7.02.05.01.000,Versamenti di imposte e tasse di natura corrente riscosse per conto di terzi,"Versamento, alle amministrazioni pubbliche aventi diritto, di imposte dirette riscosse dall'Amministrazione come sostituto di imposta."
U.7.02.05.01.001,Versamenti di imposte e tasse di natura corrente riscosse per conto di terzi,"Vedi voce di IV livello. La voce comprende il versamento effettuato dai comuni alle province della quota del tributo per l'esercizio delle funzioni di tutela, protezione e igiene dell'ambiente, riscosso per conto delle province e registrato nella voce di entrata del piano dei conti ""riscossione imposte e tasse di natura corrente riscosse per conto di terzi"" e il versamento effettuato dai comuni al proprio bilancio della relativa commissione."
U.7.02.05.02.000,Versamenti di imposte in conto capitale riscosse per conto di terzi,"Versamento, alle amministrazioni pubbliche aventi diritto, delle imposte in conto capitale riscosse dall'Amministrazione come sostituto di imposta."
U.7.02.05.02.001,Versamenti di imposte in conto capitale riscosse per conto di terzi,Vedi voce di IV livello
U.7.02.99.00.000,Altre uscite per conto terzi,Altre uscite per conto terzi
U.7.02.99.99.000,Altre uscite per conto terzi n.a.c.,Altre spese sostenute per conto di terzi non imputabili alle voci precedenti
U.7.02.99.99.999,Altre uscite per conto terzi n.a.c.,Vedi voce di IV livello